,ts,height_cov,velocity_cov
0,41591,0.06140103191137314,0.024897679686546326
1,41601,0.06139686703681946,0.024868888780474663
2,41611,0.06139271706342697,0.024840163066983223
3,41621,0.06138857454061508,0.024811502546072006
4,41631,0.06138444319367409,0.024782909080386162
5,41641,0.06138031929731369,0.02475438080728054
6,41651,0.06137621030211449,0.02472591958940029
7,41661,0.06137210130691528,0.024697521701455116
8,41671,0.06136801093816757,0.024669190868735313
9,41681,0.06136392802000046,0.024640925228595734
10,41691,0.06135985255241394,0.024612724781036377
11,41701,0.06135578453540802,0.024584587663412094
12,41711,0.061351727694272995,0.024556513875722885
13,41721,0.061347682029008865,0.0245285052806139
14,41731,0.06134364381432533,0.024500560015439987
15,41741,0.061339616775512695,0.02447267808020115
16,41751,0.061335593461990356,0.024444859474897385
17,41761,0.061331577599048615,0.024417104199528694
18,41771,0.061327576637268066,0.02438941039144993
19,41781,0.061323583126068115,0.024361781775951385
20,41791,0.06131959706544876,0.024334214627742767
21,41801,0.0613156221807003,0.024306710809469223
22,41811,0.06131165474653244,0.024279268458485603
23,41821,0.06130770221352577,0.024251887574791908
24,41831,0.0613037534058094,0.024224570021033287
25,41841,0.06129981577396393,0.02419731207191944
26,41851,0.06129588186740875,0.02417011559009552
27,41861,0.06129195913672447,0.024142980575561523
28,41871,0.06128804758191109,0.024115905165672302
29,41881,0.0612841434776783,0.024088891223073006
30,41891,0.061280257999897,0.024061938747763634
31,41901,0.06127637252211571,0.024035045877099037
32,41911,0.06127249822020531,0.024008212611079216
33,41921,0.0612686350941658,0.02398143894970417
34,41931,0.0612647719681263,0.0239547248929739
35,41941,0.06126091629266739,0.023928070440888405
36,41951,0.061257075518369675,0.023901475593447685
37,41961,0.06125324219465256,0.023874938488006592
38,41971,0.06124941632151604,0.023848460987210274
39,41981,0.061245597898960114,0.02382204309105873
40,41991,0.061241794377565384,0.023795682936906815
41,42001,0.06123799458146095,0.023769380524754524
42,42011,0.06123420223593712,0.02374313585460186
43,42021,0.061230409890413284,0.023716948926448822
44,42031,0.06122662499547005,0.02369082160294056
45,42041,0.0612228624522686,0.023664752021431923
46,42051,0.06121910735964775,0.023638740181922913
47,42061,0.0612153559923172,0.02361278422176838
48,42071,0.061211612075567245,0.023586886003613472
49,42081,0.06120787933468819,0.02356104366481304
50,42091,0.061204150319099426,0.023535259068012238
51,42101,0.06120043247938156,0.02350952848792076
52,42111,0.06119672209024429,0.02348385378718376
53,42121,0.06119302287697792,0.023458236828446388
54,42131,0.061189327389001846,0.023432675749063492
55,42141,0.06118563562631607,0.023407170549035072
56,42151,0.06118195876479149,0.02338171936571598
57,42161,0.0611782930791378,0.023356324061751366
58,42171,0.06117463484406471,0.023330984637141228
59,42181,0.06117098405957222,0.023305701091885567
60,42191,0.061167340725660324,0.023280471563339233
61,42201,0.06116369739174843,0.023255296051502228
62,42211,0.06116006523370743,0.0232301764190197
63,42221,0.06115644425153732,0.02320510894060135
64,42231,0.06115283444523811,0.023180097341537476
65,42241,0.0611492320895195,0.02315513975918293
66,42251,0.06114562973380089,0.023130236193537712
67,42261,0.06114203855395317,0.023105384781956673
68,42271,0.06113845482468605,0.02308058738708496
69,42281,0.06113487482070923,0.023055842146277428
70,42291,0.0611313059926033,0.023031149059534073
71,42301,0.06112774834036827,0.023006508126854897
72,42311,0.06112419813871384,0.022981921210885048
73,42321,0.061120644211769104,0.022957386448979378
74,42331,0.061117105185985565,0.022932905703783035
75,42341,0.06111357361078262,0.022908475250005722
76,42351,0.061110056936740875,0.022884096950292587
77,42361,0.061106543987989426,0.02285977080464363
78,42371,0.061103034764528275,0.022835496813058853
79,42381,0.06109953299164772,0.022811274975538254
80,42391,0.061096034944057465,0.022787103429436684
81,42401,0.061092544347047806,0.022762982174754143
82,42411,0.06108906492590904,0.02273891121149063
83,42421,0.061085596680641174,0.022714892402291298
84,42431,0.06108212471008301,0.022690923884510994
85,42441,0.06107866391539574,0.02266700752079487
86,42451,0.06107521057128906,0.022643141448497772
87,42461,0.06107177212834358,0.022619325667619705
88,42471,0.0610683374106884,0.022595560178160667
89,42481,0.061064913868904114,0.02257184498012066
90,42491,0.061061494052410126,0.02254817821085453
91,42501,0.061058081686496735,0.022524559870362282
92,42511,0.06105467677116394,0.022500991821289062
93,42521,0.06105127930641174,0.022477472200989723
94,42531,0.06104789301753044,0.022454001009464264
95,42541,0.06104451045393944,0.022430580109357834
96,42551,0.06104113534092903,0.022407207638025284
97,42561,0.061037756502628326,0.022383885458111763
98,42571,0.061034396290779114,0.022360611706972122
99,42581,0.0610310398042202,0.022337384521961212
100,42591,0.06102769076824188,0.022314205765724182
101,42601,0.06102434918284416,0.022291075438261032
102,42611,0.06102101877331734,0.022267993539571762
103,42621,0.06101768836379051,0.022244960069656372
104,42631,0.061014365404844284,0.022221975028514862
105,42641,0.06101104989647865,0.022199036553502083
106,42651,0.06100773811340332,0.022176144644618034
107,42661,0.06100444123148918,0.022153299301862717
108,42671,0.06100114807486534,0.02213050052523613
109,42681,0.060997869819402695,0.022107750177383423
110,42691,0.06099458411335945,0.022085044533014297
111,42701,0.0609913133084774,0.022062387317419052
112,42711,0.06098804622888565,0.02203977480530739
113,42721,0.060984790325164795,0.022017210721969604
114,42731,0.06098153442144394,0.021994691342115402
115,42741,0.06097828969359398,0.02197221852838993
116,42751,0.06097504124045372,0.02194979228079319
117,42761,0.06097180023789406,0.02192741073668003
118,42771,0.06096857041120529,0.021905073896050453
119,42781,0.06096535176038742,0.021882783621549606
120,42791,0.06096213683485985,0.02186053991317749
121,42801,0.06095893308520317,0.021838340908288956
122,42811,0.06095573306083679,0.021816186606884003
123,42821,0.06095253303647041,0.02179407700896263
124,42831,0.06094934418797493,0.02177201211452484
125,42841,0.060946159064769745,0.021749991923570633
126,42851,0.06094298139214516,0.021728016436100006
127,42861,0.060939811170101166,0.02170608378946781
128,42871,0.06093665212392807,0.0216841958463192
129,42881,0.06093350052833557,0.021662352606654167
130,42891,0.060930341482162476,0.021640554070472717
131,42901,0.060927193611860275,0.0216187983751297
132,42911,0.06092405319213867,0.021597087383270264
133,42921,0.060920920222997665,0.02157541923224926
134,42931,0.060917794704437256,0.021553795784711838
135,42941,0.06091468036174774,0.021532215178012848
136,42951,0.06091157719492912,0.02151067741215229
137,42961,0.06090846657752991,0.021489182487130165
138,42971,0.06090536341071129,0.021467730402946472
139,42981,0.06090226769447327,0.02144632115960121
140,42991,0.06089918687939644,0.021424954757094383
141,43001,0.06089611351490021,0.021403631195425987
142,43011,0.060893043875694275,0.021382348611950874
143,43021,0.060889970511198044,0.021361110731959343
144,43031,0.06088690832257271,0.021339911967515945
145,43041,0.06088384985923767,0.02131875790655613
146,43051,0.06088079512119293,0.021297644823789597
147,43061,0.06087775155901909,0.021276574581861496
148,43071,0.060874711722135544,0.02125554345548153
149,43081,0.0608716756105423,0.021234555169939995
150,43091,0.060868650674819946,0.021213609725236893
151,43101,0.060865625739097595,0.021192703396081924
152,43111,0.06086260825395584,0.02117183990776539
153,43121,0.060859594494104385,0.021151015534996986
154,43131,0.060856591910123825,0.021130232140421867
155,43141,0.06085359677672386,0.02110949158668518
156,43151,0.0608506053686142,0.021088790148496628
157,43161,0.06084762141108513,0.021068129688501358
158,43171,0.06084463745355606,0.02104751020669937
159,43181,0.06084166467189789,0.021026931703090668
160,43191,0.06083869934082031,0.021006392315030098
161,43201,0.060835737735033035,0.020985892042517662
162,43211,0.060832783579826355,0.02096543274819851
163,43221,0.06082983314990997,0.02094501256942749
164,43231,0.06082689017057419,0.020924631506204605
165,43241,0.0608239471912384,0.020904291421175003
166,43251,0.060821011662483215,0.020883992314338684
167,43261,0.060818083584308624,0.02086373046040535
168,43271,0.06081516668200493,0.0208435095846653
169,43281,0.06081225350499153,0.02082332782447338
170,43291,0.060809340327978134,0.020803183317184448
171,43301,0.06080643832683563,0.02078307792544365
172,43311,0.06080353260040283,0.020763011649250984
173,43321,0.06080063432455063,0.020742984488606453
174,43331,0.06079774349927902,0.020722996443510056
175,43341,0.060794856399297714,0.020703045651316643
176,43351,0.0607919804751873,0.020683133974671364
177,43361,0.06078910827636719,0.02066325955092907
178,43371,0.06078623980283737,0.02064342424273491
179,43381,0.06078338250517845,0.020623628050088882
180,43391,0.06078052148222923,0.02060386911034584
181,43401,0.06077766418457031,0.020584147423505783
182,43411,0.06077481806278229,0.02056446485221386
183,43421,0.06077197566628456,0.02054481767117977
184,43431,0.06076914072036743,0.020525209605693817
185,43441,0.0607663169503212,0.020505638793110847
186,43451,0.06076349690556526,0.020486105233430862
187,43461,0.060760676860809326,0.020466608926653862
188,43471,0.06075785681605339,0.020447149872779846
189,43481,0.06075505167245865,0.020427728071808815
190,43491,0.06075224280357361,0.02040834352374077
191,43501,0.060749445110559464,0.020388994365930557
192,43511,0.060746658593416214,0.02036968246102333
193,43521,0.06074387952685356,0.02035040594637394
194,43531,0.06074110046029091,0.020331164821982384
195,43541,0.06073831766843796,0.020311960950493813
196,43551,0.0607355497777462,0.020292794331908226
197,43561,0.06073278933763504,0.020273663103580475
198,43571,0.06073002889752388,0.02025456726551056
199,43581,0.06072727218270302,0.02023550681769848
200,43591,0.06072452291846275,0.020216483622789383
201,43601,0.060721784830093384,0.020197495818138123
202,43611,0.060719046741724014,0.020178545266389847
203,43621,0.06071631237864494,0.020159628242254257
204,43631,0.06071358546614647,0.020140746608376503
205,43641,0.06071086227893829,0.020121902227401733
206,43651,0.060708146542310715,0.0201030932366848
207,43661,0.06070543825626373,0.02008431777358055
208,43671,0.06070273369550705,0.02006557770073414
209,43681,0.060700032860040665,0.02004687301814556
210,43691,0.06069733947515488,0.02002820186316967
211,43701,0.06069464609026909,0.020009566098451614
212,43711,0.0606919564306736,0.019990965723991394
213,43721,0.06068927422165871,0.01997239887714386
214,43731,0.06068659946322441,0.01995386742055416
215,43741,0.060683924704790115,0.01993536949157715
216,43751,0.060681261122226715,0.01991690695285797
217,43761,0.06067860126495361,0.01989847794175148
218,43771,0.06067594885826111,0.019880084320902824
219,43781,0.06067328900098801,0.019861724227666855
220,43791,0.0606706328690052,0.01984339766204357
221,43801,0.060667987912893295,0.019825104624032974
222,43811,0.060665350407361984,0.019806845113635063
223,43821,0.06066272035241127,0.019788619130849838
224,43831,0.060660094022750854,0.01977042481303215
225,43841,0.06065746769309044,0.019752265885472298
226,43851,0.06065485253930092,0.019734138622879982
227,43861,0.0606522411108017,0.0197160467505455
228,43871,0.060649629682302475,0.01969798654317856
229,43881,0.06064702570438385,0.0196799598634243
230,43891,0.060644421726465225,0.01966196484863758
231,43901,0.0606418251991272,0.019644005224108696
232,43911,0.060639236122369766,0.019626077264547348
233,43921,0.06063665449619293,0.019608180969953537
234,43931,0.060634080320596695,0.019590318202972412
235,43941,0.06063150241971016,0.019572487100958824
236,43951,0.06062892824411392,0.019554689526557922
237,43961,0.06062636524438858,0.019536925479769707
238,43971,0.06062380224466324,0.01951919123530388
239,43981,0.060621242970228195,0.019501490518450737
240,43991,0.06061869487166405,0.019483821466565132
241,44001,0.0606161467730999,0.019466184079647064
242,44011,0.06061359867453575,0.019448580220341682
243,44021,0.060611069202423096,0.019431008026003838
244,44031,0.060608528554439545,0.01941346563398838
245,44041,0.06060600280761719,0.01939595490694046
246,44051,0.06060347333550453,0.019378475844860077
247,44061,0.06060095503926277,0.01936102844774723
248,44071,0.06059843674302101,0.01934361271560192
249,44081,0.060595929622650146,0.01932622864842415
250,44091,0.06059342250227928,0.019308876246213913
251,44101,0.06059092655777931,0.019291555508971214
252,44111,0.06058841943740845,0.019274264574050903
253,44121,0.06058592349290848,0.01925700344145298
254,44131,0.06058343127369881,0.019239773973822594
255,44141,0.06058094650506973,0.019222576171159744
256,44151,0.06057846546173096,0.019205408170819283
257,44161,0.06057599559426308,0.019188271835446358
258,44171,0.0605735257267952,0.01917116716504097
259,44181,0.06057106330990791,0.01915409229695797
260,44191,0.06056860461831093,0.019137047231197357
261,44201,0.060566142201423645,0.019120031967759132
262,44211,0.06056368723511696,0.019103046506643295
263,44221,0.06056123226881027,0.019086092710494995
264,44231,0.060558781027793884,0.019069166854023933
265,44241,0.06055633723735809,0.01905227266252041
266,44251,0.0605538971722126,0.01903540827333927
267,44261,0.060551464557647705,0.019018573686480522
268,44271,0.060549039393663406,0.01900176890194416
269,44281,0.060546621680259705,0.018984993919730186
270,44291,0.060544196516275406,0.0189682487398386
271,44301,0.060541778802871704,0.018951531499624252
272,44311,0.0605393648147583,0.01893484592437744
273,44321,0.060536958277225494,0.01891818828880787
274,44331,0.06053455173969269,0.018901560455560684
275,44341,0.06053215265274048,0.018884962424635887
276,44351,0.06052975729107857,0.01886839233338833
277,44361,0.06052737310528755,0.018851852044463158
278,44371,0.06052498519420624,0.018835339695215225
279,44381,0.060522593557834625,0.01881885714828968
280,44391,0.06052021682262421,0.018802404403686523
281,44401,0.060517843812704086,0.018785979598760605
282,44411,0.060515474528074265,0.018769582733511925
283,44421,0.06051311641931534,0.018753215670585632
284,44431,0.06051075458526611,0.01873687654733658
285,44441,0.06050839275121689,0.018720565363764763
286,44451,0.06050604209303856,0.018704282119870186
287,44461,0.06050369143486023,0.018688028678297997
288,44471,0.0605013407766819,0.018671803176403046
289,44481,0.06049899384379387,0.018655605614185333
290,44491,0.060496654361486435,0.01863943599164486
291,44501,0.060494326055049896,0.018623294308781624
292,44511,0.06049199402332306,0.018607180565595627
293,44521,0.06048967316746712,0.01859109476208687
294,44531,0.060487356036901474,0.018575036898255348
295,44541,0.06048504263162613,0.018559006974101067
296,44551,0.06048273295164108,0.018543004989624023
297,44561,0.06048041582107544,0.01852702908217907
298,44571,0.06047810986638069,0.018511081114411354
299,44581,0.06047580763697624,0.018495161086320877
300,44591,0.06047350540757179,0.01847926713526249
301,44601,0.06047121435403824,0.01846340112388134
302,44611,0.06046892702579498,0.01844756305217743
303,44621,0.060466647148132324,0.018431752920150757
304,44631,0.060464367270469666,0.018415968865156174
305,44641,0.060462094843387604,0.01840021088719368
306,44651,0.06045981124043465,0.018384480848908424
307,44661,0.060457538813352585,0.018368776887655258
308,44671,0.06045527383685112,0.01835310086607933
309,44681,0.060453012585639954,0.01833745278418064
310,44691,0.060450755059719086,0.018321828916668892
311,44701,0.060448501259088516,0.018306231126189232
312,44711,0.060446251183748245,0.01829065941274166
313,44721,0.06044400483369827,0.01827511563897133
314,44731,0.0604417659342289,0.018259597942233086
315,44741,0.06043953076004982,0.01824410818517208
316,44751,0.060437291860580444,0.018228642642498016
317,44761,0.060435060411691666,0.01821320503950119
318,44771,0.06043282896280289,0.018197793513536453
319,44781,0.060430604964494705,0.018182408064603806
320,44791,0.06042838841676712,0.018167048692703247
321,44801,0.06042616814374924,0.018151715397834778
322,44811,0.06042395532131195,0.01813640631735325
323,44821,0.06042175367474556,0.018121125176548958
324,44831,0.06041955575346947,0.018105868250131607
325,44841,0.06041736155748367,0.018090637400746346
326,44851,0.06041516363620758,0.018075432628393173
327,44861,0.06041296571493149,0.01806025393307209
328,44871,0.06041077524423599,0.018045099452137947
329,44881,0.0604085847735405,0.018029971048235893
330,44891,0.0604064017534256,0.01801486685872078
331,44901,0.060404222458601,0.017999788746237755
332,44911,0.0604020431637764,0.01798473484814167
333,44921,0.06039987504482269,0.017969707027077675
334,44931,0.060397710651159286,0.01795470342040062
335,44941,0.06039554998278618,0.017939725890755653
336,44951,0.06039338931441307,0.017924774438142776
337,44961,0.060391224920749664,0.01790984533727169
338,44971,0.06038907542824745,0.017894942313432693
339,44981,0.06038692221045494,0.017880063503980637
340,44991,0.060384780168533325,0.01786521077156067
341,45001,0.06038263440132141,0.017850380390882492
342,45011,0.06038049980998039,0.017835574224591255
343,45021,0.06037836894392967,0.01782079227268696
344,45031,0.060376234352588654,0.01780603639781475
345,45041,0.06037410348653793,0.017791306599974632
346,45051,0.060371968895196915,0.017776599153876305
347,45061,0.06036984175443649,0.017761917784810066
348,45071,0.06036772206425667,0.01774725876748562
349,45081,0.06036560982465744,0.01773262582719326
350,45091,0.06036349758505821,0.017718015238642693
351,45101,0.06036138907074928,0.017703430727124214
352,45111,0.06035929173231125,0.017688868567347527
353,45121,0.060357190668582916,0.01767432875931263
354,45131,0.06035510078072548,0.017659813165664673
355,45141,0.06035301089286804,0.017645321786403656
356,45151,0.060350921005010605,0.01763085648417473
357,45161,0.06034883111715317,0.01761641353368759
358,45171,0.06034674867987633,0.017601994797587395
359,45181,0.060344669967889786,0.01758759841322899
360,45191,0.060342591255903244,0.017573226243257523
361,45201,0.060340516269207,0.017558878287672997
362,45211,0.06033844128251076,0.01754455268383026
363,45221,0.06033638119697571,0.017530249431729317
364,45231,0.06033432111144066,0.01751597225666046
365,45241,0.06033226102590561,0.017501717433333397
366,45251,0.06033020094037056,0.017487484961748123
367,45261,0.06032814458012581,0.01747327484190464
368,45271,0.06032608821988106,0.017459088936448097
369,45281,0.060324039310216904,0.017444925382733345
370,45291,0.060322001576423645,0.017430784180760384
371,45301,0.060319963842630386,0.017416667193174362
372,45311,0.06031792610883713,0.01740257255733013
373,45321,0.060315895825624466,0.01738850213587284
374,45331,0.0603138692677021,0.01737445406615734
375,45341,0.06031184270977974,0.017360428348183632
376,45351,0.06030982360243797,0.017346424981951714
377,45361,0.06030780076980591,0.017332443967461586
378,45371,0.06030578166246414,0.01731848530471325
379,45381,0.060303762555122375,0.017304548993706703
380,45391,0.060301750898361206,0.017290636897087097
381,45401,0.060299742966890335,0.017276745289564133
382,45411,0.06029773876070976,0.01726287603378296
383,45421,0.06029573827981949,0.017249030992388725
384,45431,0.060293737798929214,0.017235206440091133
385,45441,0.06029174104332924,0.01722140423953533
386,45451,0.06028974801301956,0.017207622528076172
387,45461,0.06028775870800018,0.017193865031003952
388,45471,0.0602857731282711,0.017180128023028374
389,45481,0.06028379499912262,0.017166413366794586
390,45491,0.060281816869974136,0.01715272106230259
391,45501,0.06027983874082565,0.017139051109552383
392,45511,0.06027786061167717,0.01712540164589882
393,45521,0.06027588993310928,0.017111774533987045
394,45531,0.060273926705121994,0.017098169773817062
395,45541,0.060271963477134705,0.01708458736538887
396,45551,0.060270000249147415,0.01707102544605732
397,45561,0.060268040746450424,0.01705748587846756
398,45571,0.06026608496904373,0.01704396679997444
399,45581,0.06026413291692734,0.017030470073223114
400,45591,0.06026218831539154,0.017016993835568428
401,45601,0.06026024371385574,0.017003538087010384
402,45611,0.060258299112319946,0.01699010469019413
403,45621,0.060256365686655045,0.016976693645119667
404,45631,0.060254428535699844,0.016963303089141846
405,45641,0.06025249883532524,0.016949933022260666
406,45651,0.060250572860240936,0.016936583444476128
407,45661,0.06024865061044693,0.01692325435578823
408,45671,0.060246728360652924,0.016909947618842125
409,45681,0.06024480611085892,0.01689666137099266
410,45691,0.06024289131164551,0.016883397474884987
411,45701,0.0602409765124321,0.016870152205228806
412,45711,0.06023906543850899,0.016856929287314415
413,45721,0.060237158089876175,0.016843726858496666
414,45731,0.06023525819182396,0.01683054491877556
415,45741,0.060233354568481445,0.016817381605505943
416,45751,0.06023145467042923,0.01680424064397812
417,45761,0.06022955849766731,0.016791120171546936
418,45771,0.0602276585996151,0.016778020188212395
419,45781,0.06022576615214348,0.016764940693974495
420,45791,0.06022388115525246,0.016751881688833237
421,45801,0.060221996158361435,0.01673884317278862
422,45811,0.06022011488676071,0.016725825145840645
423,45821,0.06021822616457939,0.016712825745344162
424,45831,0.06021634861826897,0.01669984869658947
425,45841,0.06021447852253914,0.01668689027428627
426,45851,0.06021260470151901,0.016673952341079712
427,45861,0.06021073833107948,0.016661034896969795
428,45871,0.060208871960639954,0.01664813794195652
429,45881,0.06020700931549072,0.016635259613394737
430,45891,0.06020515039563179,0.016622401773929596
431,45901,0.06020329147577286,0.016609564423561096
432,45911,0.06020144373178482,0.01659674569964409
433,45921,0.06019959598779678,0.016583945602178574
434,45931,0.060197751969099045,0.01657116785645485
435,45941,0.06019590422511101,0.016558408737182617
436,45951,0.06019406393170357,0.016545670107007027
437,45961,0.060192227363586426,0.01653294824063778
438,45971,0.060190387070178986,0.016520246863365173
439,45981,0.06018855422735214,0.01650756597518921
440,45991,0.0601867251098156,0.016494903713464737
441,46001,0.060184892266988754,0.016482261940836906
442,46011,0.06018306314945221,0.016469638794660568
443,46021,0.06018123775720596,0.016457034274935722
444,46031,0.060179419815540314,0.01644444838166237
445,46041,0.06017760932445526,0.016431884840130806
446,46051,0.06017579883337021,0.016419338062405586
447,46061,0.060173988342285156,0.016406811773777008
448,46071,0.060172177851200104,0.016394304111599922
449,46081,0.06017037481069565,0.01638181507587433
450,46091,0.06016857177019119,0.016369344666600227
451,46101,0.06016676872968674,0.016356894746422768
452,46111,0.06016497313976288,0.01634446159005165
453,46121,0.06016317754983902,0.016332048922777176
454,46131,0.06016138568520546,0.016319654881954193
455,46141,0.060159601271152496,0.016307281330227852
456,46151,0.06015781685709953,0.016294924542307854
457,46161,0.06015603616833687,0.016282588243484497
458,46171,0.0601542592048645,0.016270268708467484
459,46181,0.060152482241392136,0.016257967799901962
460,46191,0.06015070900321007,0.016245687380433083
461,46201,0.060148935765028,0.016233423724770546
462,46211,0.06014716625213623,0.0162211786955595
463,46221,0.06014539673924446,0.01620895229279995
464,46231,0.06014363467693329,0.01619674451649189
465,46241,0.060141872614622116,0.016184555366635323
466,46251,0.06014011427760124,0.0161723829805851
467,46261,0.06013835594058037,0.016160231083631516
468,46271,0.06013660505414009,0.016148095950484276
469,46281,0.060134854167699814,0.01613597944378853
470,46291,0.060133107006549835,0.016123879700899124
471,46301,0.060131363570690155,0.016111798584461212
472,46311,0.06012962386012077,0.016099736094474792
473,46321,0.06012788787484169,0.016087690368294716
474,46331,0.06012615188956261,0.01607566326856613
475,46341,0.06012441962957382,0.01606365479528904
476,46351,0.060122691094875336,0.01605166494846344
477,46361,0.06012096256017685,0.016039691865444183
478,46371,0.06011923775076866,0.01602773740887642
479,46381,0.06011751666665077,0.016015799716114998
480,46391,0.06011579930782318,0.01600388064980507
481,46401,0.06011407822370529,0.015991978347301483
482,46411,0.0601123608648777,0.01598009467124939
483,46421,0.06011064350605011,0.01596822962164879
484,46431,0.06010892987251282,0.01595638133585453
485,46441,0.06010721996426582,0.015944549813866615
486,46451,0.06010551005601883,0.015932736918330193
487,46461,0.06010380759835243,0.015920940786600113
488,46471,0.060102108865976334,0.015909163281321526
489,46481,0.060100410133600235,0.015897400677204132
490,46491,0.060098711401224136,0.01588565669953823
491,46501,0.06009701266884804,0.015873931348323822
492,46511,0.060095321387052536,0.015862222760915756
493,46521,0.06009363383054733,0.015850530937314034
494,46531,0.06009194999933243,0.015838855877518654
495,46541,0.060090262442827225,0.015827197581529617
496,46551,0.06008857861161232,0.015815557911992073
497,46561,0.060086898505687714,0.015803935006260872
498,46571,0.060085222125053406,0.015792328864336014
499,46581,0.0600835457444191,0.015780741348862648
500,46591,0.06008187308907509,0.015769168734550476
501,46601,0.060080207884311676,0.015757612884044647
502,46611,0.06007853522896767,0.01574607379734516
503,46621,0.060076870024204254,0.015734553337097168
504,46631,0.06007520854473114,0.015723049640655518
505,46641,0.060073547065258026,0.01571156270802021
506,46651,0.06007189303636551,0.015700092539191246
507,46661,0.060070235282182693,0.015688639134168625
508,46671,0.060068581253290176,0.015677200630307198
509,46681,0.06006692722439766,0.015665780752897263
510,46691,0.06006527692079544,0.01565437763929367
511,46701,0.06006363034248352,0.015642989426851273
512,46711,0.0600619874894619,0.015631617978215218
513,46721,0.060060348361730576,0.01562026422470808
514,46731,0.06005871295928955,0.015608926303684711
515,46741,0.06005707383155823,0.015597605146467686
516,46751,0.0600554384291172,0.015586300753057003
517,46761,0.060053806751966476,0.015575012192130089
518,46771,0.06005218252539635,0.015563740395009518
519,46781,0.06005055457353592,0.01555248536169529
520,46791,0.06004893034696579,0.01554124616086483
521,46801,0.06004730984568596,0.015530021861195564
522,46811,0.06004568934440613,0.015518814325332642
523,46821,0.060044076293706894,0.015507622621953487
524,46831,0.06004245951771736,0.015496447682380676
525,46841,0.06004084646701813,0.015485288575291634
526,46851,0.06003923714160919,0.015474146232008934
527,46861,0.060037627816200256,0.015463018789887428
528,46871,0.06003602594137192,0.015451907180249691
529,46881,0.06003442406654358,0.015440812334418297
530,46891,0.06003282219171524,0.015429734252393246
531,46901,0.0600312203168869,0.015418670140206814
532,46911,0.06002962589263916,0.015407622791826725
533,46921,0.06002803146839142,0.01539659220725298
534,46931,0.06002643704414368,0.015385575592517853
535,46941,0.060024846345186234,0.01537457574158907
536,46951,0.06002325937151909,0.015363592654466629
537,46961,0.060021668672561646,0.015352623537182808
538,46971,0.0600200854241848,0.01534167118370533
539,46981,0.06001850590109825,0.01533073466271162
540,46991,0.060016930103302,0.01531981397420168
541,47001,0.06001535430550575,0.015308908186852932
542,47011,0.0600137822329998,0.015298018231987953
543,47021,0.06001221016049385,0.015287143178284168
544,47031,0.0600106418132782,0.015276283957064152
545,47041,0.060009077191352844,0.015265439637005329
546,47051,0.06000751256942749,0.015254611149430275
547,47061,0.060005951672792435,0.015243797563016415
548,47071,0.06000439450144768,0.015232998877763748
549,47081,0.06000283360481262,0.01522221602499485
550,47091,0.06000128015875816,0.015211448073387146
551,47101,0.059999730437994,0.01520069595426321
552,47111,0.059998176991939545,0.015189959667623043
553,47121,0.05999663099646568,0.015179237350821495
554,47131,0.05999508127570152,0.015168530866503716
555,47141,0.05999353900551796,0.01515783928334713
556,47151,0.0599919930100441,0.015147162601351738
557,47161,0.059990450739860535,0.01513650082051754
558,47171,0.05998891219496727,0.015125853940844536
559,47181,0.059987373650074005,0.0151152228936553
560,47191,0.05998583883047104,0.015104605816304684
561,47201,0.05998430773615837,0.015094003640115261
562,47211,0.059982780367136,0.015083417296409607
563,47221,0.059981249272823334,0.015072844922542572
564,47231,0.059979721903800964,0.015062287449836731
565,47241,0.05997820198535919,0.015051744878292084
566,47251,0.05997667834162712,0.01504121720790863
567,47261,0.05997515842318535,0.015030703507363796
568,47271,0.059973642230033875,0.015020204707980156
569,47281,0.0599721260368824,0.015009721741080284
570,47291,0.059970613569021225,0.014999252744019032
571,47301,0.05996910482645035,0.014988797716796398
572,47311,0.05996759980916977,0.014978357590734959
573,47321,0.05996609479188919,0.014967932365834713
574,47331,0.05996458977460861,0.014957522042095661
575,47341,0.05996308848261833,0.014947125688195229
576,47351,0.05996159464120865,0.014936743304133415
577,47361,0.05996009707450867,0.014926375821232796
578,47371,0.059958603233098984,0.01491602323949337
579,47381,0.059957105666399,0.014905684627592564
580,47391,0.05995561555027962,0.014895360916852951
581,47401,0.05995412915945053,0.014885050244629383
582,47411,0.059952642768621445,0.014874753542244434
583,47421,0.05995116010308266,0.01486447174102068
584,47431,0.05994967743754387,0.014854203909635544
585,47441,0.05994819104671478,0.014843950048089027
586,47451,0.059946708381175995,0.014833711087703705
587,47461,0.059945229440927505,0.014823486097157001
588,47471,0.059943754225969315,0.014813275076448917
589,47481,0.059942279011011124,0.014803078025579453
590,47491,0.05994081124663353,0.014792894944548607
591,47501,0.059939343482255936,0.01478272583335638
592,47511,0.05993787199258804,0.014772570692002773
593,47521,0.05993640795350075,0.014762429520487785
594,47531,0.05993494391441345,0.014752302318811417
595,47541,0.05993347987532616,0.014742189086973667
596,47551,0.05993202328681946,0.014732089824974537
597,47561,0.05993057042360306,0.014722004532814026
598,47571,0.05992911756038666,0.01471193227916956
599,47581,0.05992766469717026,0.014701873995363712
600,47591,0.05992621183395386,0.014691829681396484
601,47601,0.059924762696027756,0.014681798405945301
602,47611,0.059923313558101654,0.014671781100332737
603,47621,0.05992187187075615,0.014661777764558792
604,47631,0.059920430183410645,0.014651788398623466
605,47641,0.05991899222135544,0.01464181300252676
606,47651,0.05991755425930023,0.014631851576268673
607,47661,0.059916120022535324,0.01462190318852663
608,47671,0.05991468206048012,0.014611967839300632
609,47681,0.05991324782371521,0.01460204552859068
610,47691,0.0599118173122406,0.014592137187719345
611,47701,0.05991038307547569,0.014582241885364056
612,47711,0.05990895628929138,0.014572360552847385
613,47721,0.05990752950310707,0.014562493190169334
614,47731,0.05990609899163246,0.014552637934684753
615,47741,0.05990467220544815,0.014542796649038792
616,47751,0.05990324914455414,0.014532968401908875
617,47761,0.05990183353424072,0.014523154124617577
618,47771,0.05990041792392731,0.014513352885842323
619,47781,0.05989899858832359,0.014503564685583115
620,47791,0.059897586703300476,0.014493790455162525
621,47801,0.05989617481827736,0.014484028331935406
622,47811,0.05989476665854454,0.014474279247224331
623,47821,0.05989335849881172,0.014464544132351875
624,47831,0.0598919503390789,0.01445482112467289
625,47841,0.05989054962992668,0.014445112086832523
626,47851,0.05988914892077446,0.014435415156185627
627,47861,0.05988775193691254,0.014425731264054775
628,47871,0.059886351227760315,0.014416060410439968
629,47881,0.05988495424389839,0.01440640352666378
630,47891,0.05988356098532677,0.014396758750081062
631,47901,0.05988216772675514,0.014387127012014389
632,47911,0.05988077446818352,0.01437750831246376
633,47921,0.05987938120961189,0.014367902651429176
634,47931,0.05987799912691116,0.014358309097588062
635,47941,0.059876617044210434,0.014348728582262993
636,47951,0.059875234961509705,0.014339161105453968
637,47961,0.059873852878808975,0.014329606667160988
638,47971,0.05987246707081795,0.014320064336061478
639,47981,0.059871092438697815,0.014310535043478012
640,47991,0.05986971780657768,0.014301017858088017
641,48001,0.05986834317445755,0.014291513711214066
642,48011,0.059866972267627716,0.01428202260285616
643,48021,0.05986560508608818,0.014272544533014297
644,48031,0.059864237904548645,0.014263078570365906
645,48041,0.05986286699771881,0.014253625646233559
646,48051,0.05986150726675987,0.014244184829294682
647,48061,0.059860143810510635,0.014234756119549274
648,48071,0.0598587803542614,0.014225340448319912
649,48081,0.05985742062330246,0.01421593688428402
650,48091,0.05985606089234352,0.014206545427441597
651,48101,0.05985470861196518,0.014197166077792645
652,48111,0.05985335633158684,0.014187799766659737
653,48121,0.059852004051208496,0.014178445562720299
654,48131,0.059850651770830154,0.014169103465974331
655,48141,0.05984930321574211,0.014159774407744408
656,48151,0.05984795466065407,0.01415045652538538
657,48161,0.05984660983085632,0.014141151681542397
658,48171,0.05984526500105858,0.014131858944892883
659,48181,0.05984392389655113,0.01412257831543684
660,48191,0.059842582792043686,0.014113309793174267
661,48201,0.05984124541282654,0.014104053378105164
662,48211,0.05983991175889969,0.014094810001552105
663,48221,0.05983857810497284,0.014085577800869942
664,48231,0.05983724817633629,0.014076358638703823
665,48241,0.059835921972990036,0.0140671506524086
666,48251,0.05983458831906319,0.014057954773306847
667,48261,0.059833258390426636,0.014048771001398563
668,48271,0.05983193218708038,0.01403959933668375
669,48281,0.05983060598373413,0.014030439779162407
670,48291,0.05982927978038788,0.014021291397511959
671,48301,0.05982796102762222,0.014012156054377556
672,48311,0.05982664227485657,0.014003031887114048
673,48321,0.05982532724738121,0.01399391982704401
674,48331,0.05982401221990585,0.013984819874167442
675,48341,0.059822697192430496,0.01397573109716177
676,48351,0.059821389615535736,0.013966654427349567
677,48361,0.05982007831335068,0.01395758893340826
678,48371,0.05981876701116562,0.013948535546660423
679,48381,0.05981745943427086,0.013939494267106056
680,48391,0.0598161555826664,0.01393046509474516
681,48401,0.059814851731061935,0.013921448029577732
682,48411,0.05981355160474777,0.0139124421402812
683,48421,0.05981225147843361,0.013903448358178139
684,48431,0.059810955077409744,0.013894465751945972
685,48441,0.05980965867638588,0.013885494321584702
686,48451,0.059808362275362015,0.013876534067094326
687,48461,0.05980706587433815,0.013867584988474846
688,48471,0.05980578064918518,0.01385864894837141
689,48481,0.05980449169874191,0.013849723152816296
690,48491,0.059803206473588943,0.013840809464454651
691,48501,0.05980192497372627,0.013831906951963902
692,48511,0.0598006397485733,0.013823015615344048
693,48521,0.05979935824871063,0.013814136385917664
694,48531,0.05979807674884796,0.013805268332362175
695,48541,0.05979679152369499,0.013796411454677582
696,48551,0.05979551374912262,0.013787565752863884
697,48561,0.059794239699840546,0.013778732158243656
698,48571,0.05979296192526817,0.013769909739494324
699,48581,0.0597916916012764,0.013761098496615887
700,48591,0.05979042127728462,0.013752298429608345
701,48601,0.05978915095329285,0.013743509538471699
702,48611,0.05978788062930107,0.013734732754528522
703,48621,0.059786610305309296,0.013725966215133667
704,48631,0.05978534743189812,0.013717210851609707
705,48641,0.05978408455848694,0.013708466663956642
706,48651,0.05978282168507576,0.013699733652174473
707,48661,0.05978156253695488,0.013691011816263199
708,48671,0.059780303388834,0.01368230115622282
709,48681,0.05977904796600342,0.013673601672053337
710,48691,0.059777792543172836,0.013664912432432175
711,48701,0.059776537120342255,0.013656235300004482
712,48711,0.05977528542280197,0.013647569343447685
713,48721,0.05977403745055199,0.013638914562761784
714,48731,0.0597727932035923,0.013630270026624203
715,48741,0.059771545231342316,0.013621636666357517
716,48751,0.05977029725909233,0.013613014481961727
717,48761,0.059769053012132645,0.013604402542114258
718,48771,0.05976781249046326,0.01359580084681511
719,48781,0.05976656824350357,0.01358721125870943
720,48791,0.05976532772183418,0.013578631915152073
721,48801,0.05976409092545509,0.01357006374746561
722,48811,0.059762854129076004,0.013561506755650043
723,48821,0.059761617332696915,0.013552960008382797
724,48831,0.059760384261608124,0.013544424436986446
725,48841,0.05975915491580963,0.013535900041460991
726,48851,0.05975792557001114,0.013527384959161282
727,48861,0.059756699949502945,0.013518881052732468
728,48871,0.05975547060370445,0.013510387390851974
729,48881,0.05975424498319626,0.013501904904842377
730,48891,0.059753019362688065,0.0134934326633811
731,48901,0.05975179374217987,0.013484971597790718
732,48911,0.059750571846961975,0.013476520776748657
733,48921,0.05974935367703438,0.013468080200254917
734,48931,0.05974813178181648,0.013459650799632072
735,48941,0.059746917337179184,0.013451231643557549
736,48951,0.059745706617832184,0.013442822732031345
737,48961,0.059744492173194885,0.013434424996376038
738,48971,0.05974327772855759,0.01342603750526905
739,48981,0.05974206328392029,0.013417660258710384
740,48991,0.059740856289863586,0.013409294188022614
741,49001,0.059739649295806885,0.013400938361883163
742,49011,0.05973844230175018,0.013392592780292034
743,49021,0.05973723903298378,0.013384257443249226
744,49031,0.059736039489507675,0.013375933282077312
745,49041,0.05973483994603157,0.013367618434131145
746,49051,0.05973363667726517,0.0133593138307333
747,49061,0.05973244085907936,0.013351020403206348
748,49071,0.059731245040893555,0.013342737220227718
749,49081,0.05973005294799805,0.013334463350474834
750,49091,0.05972885712981224,0.013326199725270271
751,49101,0.059727661311626434,0.013317946344614029
752,49111,0.059726469218730927,0.013309703208506107
753,49121,0.05972527712583542,0.013301471248269081
754,49131,0.059724096208810806,0.013293248601257801
755,49141,0.059722911566495895,0.013285036198794842
756,49151,0.059721723198890686,0.013276834040880203
757,49161,0.059720538556575775,0.013268642127513885
758,49171,0.059719353914260864,0.013260460458695889
759,49181,0.05971816927194595,0.013252288103103638
760,49191,0.05971698462963104,0.013244125992059708
761,49201,0.05971581116318703,0.013235974125564098
762,49211,0.05971463769674301,0.01322783250361681
763,49221,0.059713464230298996,0.013219701126217842
764,49231,0.05971228703856468,0.01321157906204462
765,49241,0.059711113572120667,0.01320346724241972
766,49251,0.05970994010567665,0.01319536566734314
767,49261,0.059708766639232635,0.013187273405492306
768,49271,0.05970759689807892,0.013179192319512367
769,49281,0.0597064271569252,0.013171120546758175
770,49291,0.05970526114106178,0.013163059018552303
771,49301,0.05970410257577896,0.013155006803572178
772,49311,0.05970294401049614,0.013146964833140373
773,49321,0.05970178544521332,0.01313893310725689
774,49331,0.059700626879930496,0.013130910694599152
775,49341,0.059699468314647675,0.01312289759516716
776,49351,0.05969831347465515,0.01311489474028349
777,49361,0.05969715863466263,0.013106901198625565
778,49371,0.0596960075199604,0.013098916970193386
779,49381,0.05969485640525818,0.013090942986309528
780,49391,0.05969370901584625,0.013082979246973991
781,49401,0.059692561626434326,0.0130750248208642
782,49411,0.0596914142370224,0.01306708063930273
783,49421,0.059690266847610474,0.013059145770967007
784,49431,0.05968911945819855,0.013051220215857029
785,49441,0.05968797206878662,0.013043303973972797
786,49451,0.059686824679374695,0.013035397976636887
787,49461,0.059685684740543365,0.013027501292526722
788,49471,0.059684544801712036,0.013019614852964878
789,49481,0.059683408588171005,0.013011736795306206
790,49491,0.059682272374629974,0.013003868982195854
791,49501,0.059681136161088943,0.012996010482311249
792,49511,0.05967999994754791,0.012988162226974964
793,49521,0.05967886373400688,0.012980322353541851
794,49531,0.05967773124575615,0.012972491793334484
795,49541,0.059676602482795715,0.012964671477675438
796,49551,0.05967547744512558,0.012956860475242138
797,49561,0.059674348682165146,0.012949058786034584
798,49571,0.05967322364449501,0.012941266410052776
799,49581,0.059672098606824875,0.012933483347296715
800,49591,0.05967097729444504,0.0129257095977664
801,49601,0.0596698522567749,0.01291794516146183
802,49611,0.059668730944395065,0.012910190969705582
803,49621,0.05966760963201523,0.012902445159852505
804,49631,0.05966649204492569,0.012894708663225174
805,49641,0.05966537445783615,0.01288698147982359
806,49651,0.05966425687074661,0.01287926360964775
807,49661,0.05966314673423767,0.012871555052697659
808,49671,0.05966203659772873,0.012863855808973312
809,49681,0.05966092646121979,0.012856164947152138
810,49691,0.059659816324710846,0.012848484329879284
811,49701,0.0596587099134922,0.012840812094509602
812,49711,0.05965760350227356,0.012833149172365665
813,49721,0.059656500816345215,0.012825495563447475
814,49731,0.05965539440512657,0.012817851267755032
815,49741,0.059654295444488525,0.01281021535396576
816,49751,0.05965319648385048,0.012802588753402233
817,49761,0.05965209752321243,0.012794971466064453
818,49771,0.059651002287864685,0.012787362560629845
819,49781,0.05964990705251694,0.012779762968420982
820,49791,0.05964881554245949,0.012772172689437866
821,49801,0.05964772030711174,0.012764591723680496
822,49811,0.05964662507176399,0.012757020071148872
823,49821,0.05964553356170654,0.012749457731842995
824,49831,0.059644438326358795,0.012741902843117714
825,49841,0.059643346816301346,0.012734358198940754
826,49851,0.059642255306243896,0.012726821936666965
827,49861,0.059641167521476746,0.012719294056296349
828,49871,0.059640079736709595,0.012711775489151478
829,49881,0.05963899567723274,0.012704266235232353
830,49891,0.05963791534304619,0.0126967653632164
831,49901,0.059636831283569336,0.012689272873103619
832,49911,0.059635743498802185,0.012681789696216583
833,49921,0.05963466316461563,0.01267431490123272
834,49931,0.05963358283042908,0.012666849419474602
835,49941,0.05963250622153282,0.01265939325094223
836,49951,0.059631429612636566,0.01265194546431303
837,49961,0.05963035300374031,0.012644506059587002
838,49971,0.05962928384542465,0.012637075036764145
839,49981,0.059628214687108994,0.012629653327167034
840,49991,0.059627145528793335,0.012622239999473095
841,50001,0.05962607264518738,0.012614835985004902
842,50011,0.05962500348687172,0.01260744035243988
843,50021,0.05962393432855606,0.01260005310177803
844,50031,0.0596228688955307,0.012592675164341927
845,50041,0.05962180346250534,0.012585305608808994
846,50051,0.05962074175477028,0.012577944435179234
847,50061,0.05961967632174492,0.012570591643452644
848,50071,0.059618618339300156,0.012563247233629227
849,50081,0.059617556631565094,0.012555912137031555
850,50091,0.05961650237441063,0.012548585422337055
851,50101,0.05961544066667557,0.012541267089545727
852,50111,0.0596143864095211,0.012533958069980145
853,50121,0.05961332842707634,0.012526657432317734
854,50131,0.059612274169921875,0.012519365176558495
855,50141,0.05961121991276741,0.012512081302702427
856,50151,0.059610169380903244,0.01250480581074953
857,50161,0.05960911884903908,0.012497538700699806
858,50171,0.05960806831717491,0.012490279972553253
859,50181,0.059607021510601044,0.012483029626309872
860,50191,0.059605974704027176,0.012475787661969662
861,50201,0.05960492789745331,0.012468554079532623
862,50211,0.05960388109087944,0.012461328878998756
863,50221,0.05960283800959587,0.012454112060368061
864,50231,0.0596017949283123,0.012446903623640537
865,50241,0.05960075184702873,0.012439703568816185
866,50251,0.05959971621632576,0.012432511895895004
867,50261,0.05959867313504219,0.01242532767355442
868,50271,0.05959763377904892,0.012418152764439583
869,50281,0.05959659814834595,0.012410986237227917
870,50291,0.059595562517642975,0.012403828091919422
871,50301,0.0595945306122303,0.012396678328514099
872,50311,0.05959349498152733,0.012389536015689373
873,50321,0.059592459350824356,0.012382402084767818
874,50331,0.05959143117070198,0.012375276535749435
875,50341,0.05959039926528931,0.01236815843731165
876,50351,0.05958937108516693,0.012361048720777035
877,50361,0.059588346630334854,0.012353947386145592
878,50371,0.05958731845021248,0.01234685443341732
879,50381,0.0595862939953804,0.01233976986259222
880,50391,0.05958527699112892,0.012332692742347717
881,50401,0.059584252536296844,0.012325624004006386
882,50411,0.05958322808146477,0.012318563647568226
883,50421,0.05958220735192299,0.012311511673033237
884,50431,0.05958119034767151,0.012304467149078846
885,50441,0.05958017706871033,0.012297431007027626
886,50451,0.059579163789749146,0.012290403246879578
887,50461,0.059578150510787964,0.012283382937312126
888,50471,0.05957713723182678,0.012276371009647846
889,50481,0.0595761276781559,0.012269366532564163
890,50491,0.059575118124485016,0.012262370437383652
891,50501,0.05957410857081413,0.012255381792783737
892,50511,0.05957309901714325,0.012248401530086994
893,50521,0.059572089463472366,0.012241429649293423
894,50531,0.05957108363509178,0.012234465219080448
895,50541,0.0595700778067112,0.01222750823944807
896,50551,0.05956907570362091,0.012220559641718864
897,50561,0.059568073600530624,0.012213618494570255
898,50571,0.05956707522273064,0.012206685729324818
899,50581,0.05956607684493065,0.012199760414659977
900,50591,0.05956507846713066,0.012192843481898308
901,50601,0.05956408381462097,0.012185933999717236
902,50611,0.05956308916211128,0.012179032899439335
903,50621,0.059562090784311295,0.012172139249742031
904,50631,0.059561096131801605,0.012165253050625324
905,50641,0.059560101479291916,0.012158375233411789
906,50651,0.05955910682678223,0.012151505798101425
907,50661,0.059558115899562836,0.012144642882049084
908,50671,0.059557124972343445,0.012137788347899914
909,50681,0.059556134045124054,0.01213094126433134
910,50691,0.05955514311790466,0.01212410256266594
911,50701,0.05955415591597557,0.012117271311581135
912,50711,0.05955317243933678,0.012110448442399502
913,50721,0.05955218896269798,0.012103632092475891
914,50731,0.05955120176076889,0.012096823193132877
915,50741,0.0595502145588398,0.012090022675693035
916,50751,0.059549231082201004,0.01208322960883379
917,50761,0.05954825133085251,0.012076443992555141
918,50771,0.05954727530479431,0.01206966582685709
919,50781,0.059546299278736115,0.01206289604306221
920,50791,0.05954532325267792,0.012056133709847927
921,50801,0.05954434350132942,0.012049378827214241
922,50811,0.059543367475271225,0.012042631395161152
923,50821,0.059542395174503326,0.01203589141368866
924,50831,0.05954142287373543,0.012029158882796764
925,50841,0.05954044684767723,0.012022433802485466
926,50851,0.05953947454690933,0.012015716172754765
927,50861,0.059538502246141434,0.01200900599360466
928,50871,0.059537533670663834,0.012002303265035152
929,50881,0.059536565095186234,0.011995607987046242
930,50891,0.05953560024499893,0.011988921090960503
931,50901,0.05953463539481163,0.011982240714132786
932,50911,0.05953367426991463,0.01197556871920824
933,50921,0.059532709419727325,0.011968903243541718
934,50931,0.05953174829483032,0.011962245218455791
935,50941,0.05953078716993332,0.011955594643950462
936,50951,0.059529826045036316,0.011948952451348305
937,50961,0.05952886492013931,0.01194231677800417
938,50971,0.05952790379524231,0.011935688555240631
939,50981,0.059526942670345306,0.01192906778305769
940,50991,0.0595259852707386,0.011922454461455345
941,51001,0.0595250278711319,0.011915848590433598
942,51011,0.05952407419681549,0.011909250169992447
943,51021,0.05952312424778938,0.011902658268809319
944,51031,0.059522174298763275,0.011896073818206787
945,51041,0.05952122434973717,0.011889496818184853
946,51051,0.05952027812600136,0.01188292633742094
947,51061,0.05951932817697525,0.011876363307237625
948,51071,0.05951838195323944,0.011869807727634907
949,51081,0.05951743572950363,0.011863259598612785
950,51091,0.05951648950576782,0.011856717988848686
951,51101,0.05951554328203201,0.011850184760987759
952,51111,0.059514597058296204,0.011843658052384853
953,51121,0.05951365455985069,0.011837138794362545
954,51131,0.05951271206140518,0.011830626986920834
955,51141,0.05951177328824997,0.011824122630059719
956,51151,0.05951083451509476,0.011817624792456627
957,51161,0.05950989946722984,0.011811134405434132
958,51171,0.05950896441936493,0.011804650537669659
959,51181,0.05950802564620972,0.011798174120485783
960,51191,0.0595070905983448,0.011791705153882504
961,51201,0.05950615555047989,0.011785242706537247
962,51211,0.059505220502614975,0.011778787709772587
963,51221,0.05950428918004036,0.01177233923226595
964,51231,0.059503357857465744,0.011765899136662483
965,51241,0.05950242653489113,0.01175946556031704
966,51251,0.05950149893760681,0.011753038503229618
967,51261,0.05950057506561279,0.011746618896722794
968,51271,0.059499651193618774,0.011740206740796566
969,51281,0.059498727321624756,0.01173380110412836
970,51291,0.05949779972434044,0.011727402918040752
971,51301,0.05949687585234642,0.011721011251211166
972,51311,0.0594959557056427,0.011714626103639603
973,51321,0.05949503555893898,0.011708248406648636
974,51331,0.05949411168694496,0.011701878160238266
975,51341,0.05949319154024124,0.011695513501763344
976,51351,0.05949227139353752,0.011689156293869019
977,51361,0.0594913586974144,0.011682805605232716
978,51371,0.05949044227600098,0.01167646236717701
979,51381,0.059489525854587555,0.0116701265797019
980,51391,0.05948860943317413,0.011663797311484814
981,51401,0.05948770046234131,0.01165747456252575
982,51411,0.05948678404092789,0.011651158332824707
983,51421,0.059485871344804764,0.011644848622381687
984,51431,0.05948496237397194,0.011638546362519264
985,51441,0.059484053403139114,0.011632250621914864
986,51451,0.05948314443230629,0.01162596233189106
987,51461,0.059482231736183167,0.011619680561125278
988,51471,0.05948132649064064,0.011613406240940094
989,51481,0.059480417519807816,0.011607137508690357
990,51491,0.05947951227426529,0.011600876227021217
991,51501,0.05947861075401306,0.0115946214646101
992,51511,0.059477705508470535,0.011588373221457005
993,51521,0.05947680398821831,0.011582131497561932
994,51531,0.05947590246796608,0.011575897224247456
995,51541,0.05947500094771385,0.011569669470191002
996,51551,0.059474099427461624,0.01156344823539257
997,51561,0.059473201632499695,0.011557234451174736
998,51571,0.059472303837537766,0.01155102625489235
999,51581,0.059471406042575836,0.011544824577867985
1000,51591,0.059470511972904205,0.011538630351424217
1001,51601,0.059469617903232574,0.011532442644238472
1002,51611,0.059468720108270645,0.011526261456310749
1003,51621,0.05946783348917961,0.011520086787641048
1004,51631,0.05946694314479828,0.011513919569551945
1005,51641,0.059466056525707245,0.011507757939398289
1006,51651,0.05946516618132591,0.011501602828502655
1007,51661,0.05946427583694458,0.011495454236865044
1008,51671,0.059463389217853546,0.01148931309580803
1009,51681,0.05946250259876251,0.011483178474009037
1010,51691,0.05946161597967148,0.011477049440145493
1011,51701,0.05946073308587074,0.011470927856862545
1012,51711,0.05945985019207001,0.01146481279283762
1013,51721,0.05945897102355957,0.011458704248070717
1014,51731,0.05945809185504913,0.011452602222561836
1015,51741,0.059457212686538696,0.011446506716310978
1016,51751,0.05945633724331856,0.011440417729318142
1017,51761,0.05945546180009842,0.011434334330260754
1018,51771,0.05945458263158798,0.011428258381783962
1019,51781,0.059453703463077545,0.011422188952565193
1020,51791,0.05945282429456711,0.011416125111281872
1021,51801,0.05945194885134697,0.011410067789256573
1022,51811,0.05945107340812683,0.011404016986489296
1023,51821,0.05945019796490669,0.011397972702980042
1024,51831,0.05944932624697685,0.01139193493872881
1025,51841,0.05944845452904701,0.0113859036937356
1026,51851,0.05944758281111717,0.011379878968000412
1027,51861,0.05944671109318733,0.011373859830200672
1028,51871,0.05944584310054779,0.011367847211658955
1029,51881,0.05944497510790825,0.01136184111237526
1030,51891,0.05944410338997841,0.011355841532349586
1031,51901,0.05944323539733887,0.011349847540259361
1032,51911,0.059442367404699326,0.011343860998749733
1033,51921,0.059441499412059784,0.011337880045175552
1034,51931,0.05944063514471054,0.011331905610859394
1035,51941,0.0594397708773613,0.011325937695801258
1036,51951,0.05943891033530235,0.011319976300001144
1037,51961,0.05943804979324341,0.011314020492136478
1038,51971,0.059437189251184464,0.011308071203529835
1039,51981,0.05943633243441582,0.011302128434181213
1040,51991,0.05943547561764717,0.01129619125276804
1041,52001,0.05943462625145912,0.011290260590612888
1042,52011,0.059433769434690475,0.011284335516393185
1043,52021,0.05943291634321213,0.011278416961431503
1044,52031,0.05943205952644348,0.011272504925727844
1045,52041,0.059431206434965134,0.011266599409282207
1046,52051,0.059430353343486786,0.011260699480772018
1047,52061,0.05942950397729874,0.011254806071519852
1048,52071,0.05942865461111069,0.011248918250203133
1049,52081,0.05942780524492264,0.011243036948144436
1050,52091,0.05942695960402489,0.011237161234021187
1051,52101,0.059426113963127136,0.01123129203915596
1052,52111,0.059425268322229385,0.011225429363548756
1053,52121,0.05942442640662193,0.011219573207199574
1054,52131,0.05942358076572418,0.011213722638785839
1055,52141,0.05942274257540703,0.011207878589630127
1056,52151,0.05942189320921898,0.011202040128409863
1057,52161,0.05942104756832123,0.01119620818644762
1058,52171,0.059420205652713776,0.011190381832420826
1059,52181,0.05941936373710632,0.011184561997652054
1060,52191,0.05941852554678917,0.011178748682141304
1061,52201,0.059417687356472015,0.011172940023243427
1062,52211,0.05941684916615486,0.011167137883603573
1063,52221,0.05941601097583771,0.01116134226322174
1064,52231,0.05941517651081085,0.011155552230775356
1065,52241,0.059414342045784,0.01114976778626442
1066,52251,0.05941350758075714,0.011143989861011505
1067,52261,0.059412676841020584,0.011138217523694038
1068,52271,0.05941184237599373,0.011132451705634594
1069,52281,0.05941100791096687,0.011126691475510597
1070,52291,0.059410177171230316,0.011120937764644623
1071,52301,0.05940934270620346,0.011115189641714096
1072,52311,0.059408508241176605,0.011109447106719017
1073,52321,0.05940768122673035,0.011103710159659386
1074,52331,0.05940685048699379,0.011097979731857777
1075,52341,0.05940601974725723,0.011092254891991615
1076,52351,0.059405192732810974,0.011086536571383476
1077,52361,0.059404369443655014,0.011080823838710785
1078,52371,0.059403542429208755,0.011075117625296116
1079,52381,0.059402719140052795,0.011069416999816895
1080,52391,0.059401895850896835,0.011063721962273121
1081,52401,0.059401072561740875,0.011058032512664795
1082,52411,0.059400249272584915,0.011052349582314491
1083,52421,0.059399425983428955,0.011046672239899635
1084,52431,0.05939860641956329,0.011041001416742802
1085,52441,0.05939778685569763,0.011035335250198841
1086,52451,0.05939696729183197,0.011029675602912903
1087,52461,0.05939615145325661,0.011024021543562412
1088,52471,0.059395335614681244,0.01101837307214737
1089,52481,0.05939451977610588,0.011012730188667774
1090,52491,0.05939370393753052,0.011007093824446201
1091,52501,0.05939289182424545,0.011001463048160076
1092,52511,0.05939207971096039,0.010995837859809399
1093,52521,0.059391267597675323,0.010990218259394169
1094,52531,0.05939045548439026,0.010984604246914387
1095,52541,0.059389643371105194,0.010978996753692627
1096,52551,0.05938883498311043,0.010973394848406315
1097,52561,0.05938802659511566,0.01096779853105545
1098,52571,0.059387218207120895,0.010962207801640034
1099,52581,0.05938641354441643,0.010956622660160065
1100,52591,0.05938560515642166,0.010951043106615543
1101,52601,0.059384796768426895,0.010945470072329044
1102,52611,0.05938399210572243,0.010939901694655418
1103,52621,0.05938318744301796,0.01093433890491724
1104,52631,0.05938238278031349,0.01092878170311451
1105,52641,0.05938158556818962,0.010923231020569801
1106,52651,0.05938078463077545,0.010917684994637966
1107,52661,0.05937998369336128,0.010912144556641579
1108,52671,0.059379179030656815,0.010906610637903214
1109,52681,0.059378378093242645,0.010901082307100296
1110,52691,0.059377580881118774,0.010895559564232826
1111,52701,0.059376783668994904,0.010890042409300804
1112,52711,0.05937599018216133,0.010884529910981655
1113,52721,0.05937519297003746,0.010879023931920528
1114,52731,0.05937439575791359,0.010873522609472275
1115,52741,0.05937360227108002,0.010868026874959469
1116,52751,0.059372808784246445,0.010862537659704685
1117,52761,0.05937201902270317,0.01085705403238535
1118,52771,0.059371232986450195,0.010851575993001461
1119,52781,0.05937044695019722,0.010846102610230446
1120,52791,0.059369660913944244,0.010840635746717453
1121,52801,0.05936887487769127,0.010835174471139908
1122,52811,0.0593680813908577,0.01082971878349781
1123,52821,0.059367287904024124,0.01082426868379116
1124,52831,0.05936650186777115,0.010818823240697384
1125,52841,0.05936571583151817,0.010813383385539055
1126,52851,0.0593649297952652,0.010807948186993599
1127,52861,0.05936414748430252,0.010802519507706165
1128,52871,0.059363365173339844,0.010797095485031605
1129,52881,0.05936258286237717,0.010791677050292492
1130,52891,0.05936180055141449,0.010786264203488827
1131,52901,0.05936102196574211,0.01078085694462061
1132,52911,0.05936024338006973,0.01077545527368784
1133,52921,0.059359464794397354,0.010770059190690517
1134,52931,0.059358686208724976,0.010764667764306068
1135,52941,0.0593579076230526,0.010759281925857067
1136,52951,0.05935713276267052,0.010753901675343513
1137,52961,0.05935635790228844,0.010748526081442833
1138,52971,0.05935558304190636,0.0107431560754776
1139,52981,0.05935480818152428,0.010737791657447815
1140,52991,0.059354037046432495,0.010732432827353477
1141,53001,0.059353265911340714,0.010727079585194588
1142,53011,0.05935249105095863,0.010721731930971146
1143,53021,0.05935171991586685,0.010716388933360577
1144,53031,0.05935094878077507,0.010711051523685455
1145,53041,0.05935017764568329,0.010705719701945782
1146,53051,0.05934940651059151,0.010700392536818981
1147,53061,0.059348639100790024,0.010695070959627628
1148,53071,0.05934787169098854,0.010689754039049149
1149,53081,0.05934710055589676,0.010684442706406116
1150,53091,0.059346333146095276,0.010679136961698532
1151,53101,0.05934556573629379,0.01067383587360382
1152,53111,0.05934479832649231,0.010668540373444557
1153,53121,0.059344034641981125,0.010663250461220741
1154,53131,0.05934327095746994,0.010657966136932373
1155,53141,0.059342507272958755,0.010652686469256878
1156,53151,0.05934174731373787,0.01064741238951683
1157,53161,0.059340983629226685,0.01064214389771223
1158,53171,0.0593402236700058,0.010636880062520504
1159,53181,0.05933946371078491,0.01063162088394165
1160,53191,0.059338703751564026,0.010626367293298244
1161,53201,0.05933794751763344,0.010621118359267712
1162,53211,0.05933719128370285,0.010615875013172626
1163,53221,0.05933643504977226,0.010610637255012989
1164,53231,0.059335675090551376,0.010605404153466225
1165,53241,0.05933491885662079,0.010600176639854908
1166,53251,0.0593341663479805,0.010594953782856464
1167,53261,0.05933341756463051,0.010589736513793468
1168,53271,0.05933266133069992,0.01058452483266592
1169,53281,0.05933190509676933,0.010579317808151245
1170,53291,0.059331152588129044,0.010574116371572018
1171,53301,0.059330400079488754,0.010568919591605663
1172,53311,0.05932965129613876,0.010563727468252182
1173,53321,0.059328898787498474,0.010558540932834148
1174,53331,0.05932815000414848,0.010553359985351562
1175,53341,0.05932740122079849,0.01054818369448185
1176,53351,0.0593266561627388,0.010543012991547585
1177,53361,0.05932591110467911,0.010537846945226192
1178,53371,0.05932516232132912,0.010532685555517673
1179,53381,0.059324417263269424,0.010527528822422028
1180,53391,0.059323668479919434,0.01052237767726183
1181,53401,0.05932292342185974,0.010517231188714504
1182,53411,0.05932217836380005,0.010512090288102627
1183,53421,0.05932144075632095,0.010506954044103622
1184,53431,0.05932069942355156,0.010501822456717491
1185,53441,0.059319958090782166,0.010496696457266808
1186,53451,0.05931921675801277,0.010491576045751572
1187,53461,0.05931847542524338,0.010486460290849209
1188,53471,0.05931773781776428,0.010481349192559719
1189,53481,0.059317003935575485,0.010476242750883102
1190,53491,0.05931626632809639,0.010471141897141933
1191,53501,0.05931553244590759,0.010466045700013638
1192,53511,0.0593147911131382,0.010460954159498215
1193,53521,0.0593140535056591,0.01045586820691824
1194,53531,0.05931331589818001,0.010450786910951138
1195,53541,0.05931258201599121,0.010445711202919483
1196,53551,0.05931185185909271,0.010440639220178127
1197,53561,0.059311117976903915,0.010435572825372219
1198,53571,0.05931038782000542,0.010430512018501759
1199,53581,0.05930965393781662,0.010425455868244171
1200,53591,0.05930892750620842,0.010420404374599457
1201,53601,0.05930819734930992,0.010415357537567616
1202,53611,0.05930746719241142,0.010410315357148647
1203,53621,0.059306737035512924,0.010405277833342552
1204,53631,0.05930601432919502,0.010400245897471905
1205,53641,0.05930529162287712,0.01039521861821413
1206,53651,0.05930456519126892,0.010390195995569229
1207,53661,0.05930383503437042,0.010385178029537201
1208,53671,0.05930311232805252,0.010380164720118046
1209,53681,0.05930238962173462,0.010375156998634338
1210,53691,0.05930166319012642,0.010370153933763504
1211,53701,0.05930093675851822,0.010365155525505543
1212,53711,0.059300217777490616,0.010360161773860455
1213,53721,0.05929949879646301,0.010355173610150814
1214,53731,0.05929878354072571,0.010350190103054047
1215,53741,0.059298060834407806,0.010345210321247578
1216,53751,0.0592973418533802,0.010340236127376556
1217,53761,0.0592966265976429,0.010335266590118408
1218,53771,0.059295907616615295,0.010330301709473133
1219,53781,0.05929519236087799,0.010325341485440731
1220,53791,0.059294480830430984,0.010320385918021202
1221,53801,0.05929376557469368,0.010315435007214546
1222,53811,0.05929304659366608,0.010310488753020763
1223,53821,0.05929233133792877,0.010305548086762428
1224,53831,0.059291619807481766,0.010300612077116966
1225,53841,0.05929090455174446,0.010295680724084377
1226,53851,0.059290193021297455,0.010290754027664661
1227,53861,0.05928948521614075,0.010285831987857819
1228,53871,0.05928877741098404,0.010280914604663849
1229,53881,0.059288062155246735,0.010276001878082752
1230,53891,0.05928735435009003,0.010271093808114529
1231,53901,0.05928664654493332,0.010266190394759178
1232,53911,0.05928593501448631,0.0102612916380167
1233,53921,0.059285230934619904,0.010256397537887096
1234,53931,0.059284526854753494,0.010251508094370365
1235,53941,0.059283822774887085,0.010246624238789082
1236,53951,0.059283118695020676,0.010241744108498096
1237,53961,0.059282414615154266,0.010236869566142559
1238,53971,0.059281714260578156,0.01023199874907732
1239,53981,0.059281010180711746,0.010227132588624954
1240,53991,0.05928030610084534,0.010222271084785461
1241,54001,0.059279609471559525,0.010217414237558842
1242,54011,0.059278909116983414,0.010212562046945095
1243,54021,0.0592782087624073,0.010207714512944221
1244,54031,0.05927750840783119,0.010202871635556221
1245,54041,0.05927681177854538,0.010198033414781094
1246,54051,0.05927611514925957,0.01019319985061884
1247,54061,0.059275418519973755,0.010188370943069458
1248,54071,0.05927472189068794,0.01018354669213295
1249,54081,0.05927402898669243,0.01017872616648674
1250,54091,0.059273332357406616,0.010173910297453403
1251,54101,0.0592726394534111,0.01016909908503294
1252,54111,0.05927194282412529,0.01016429252922535
1253,54121,0.05927124619483948,0.010159490630030632
1254,54131,0.059270549565553665,0.010154693387448788
1255,54141,0.05926985293626785,0.010149900801479816
1256,54151,0.05926916003227234,0.010145111940801144
1257,54161,0.059268467128276825,0.010140328668057919
1258,54171,0.05926777794957161,0.010135549120604992
1259,54181,0.059267088770866394,0.010130774229764938
1260,54191,0.05926639959216118,0.010126003995537758
1261,54201,0.05926571413874626,0.01012123841792345
1262,54211,0.059265024960041046,0.010116477496922016
1263,54221,0.05926433578133583,0.010111721232533455
1264,54231,0.059263646602630615,0.010106968693435192
1265,54241,0.0592629611492157,0.010102220810949802
1266,54251,0.05926227569580078,0.010097477585077286
1267,54261,0.05926159396767616,0.010092738084495068
1268,54271,0.059260912239551544,0.010088004171848297
1269,54281,0.05926022678613663,0.010083273984491825
1270,54291,0.05925954505801201,0.010078548453748226
1271,54301,0.05925885960459709,0.010073826648294926
1272,54311,0.059258174151182175,0.010069109499454498
1273,54321,0.059257492423057556,0.010064397007226944
1274,54331,0.05925681069493294,0.010059689171612263
1275,54341,0.05925613269209862,0.010054985992610455
1276,54351,0.059255450963974,0.01005028747022152
1277,54361,0.05925476923584938,0.010045592673122883
1278,54371,0.05925409123301506,0.01004090253263712
1279,54381,0.05925341695547104,0.010036216117441654
1280,54391,0.05925273895263672,0.010031534358859062
1281,54401,0.0592520646750927,0.010026857256889343
1282,54411,0.059251390397548676,0.010022184811532497
1283,54421,0.05925071984529495,0.010017517022788525
1284,54431,0.05925004184246063,0.01001285295933485
1285,54441,0.05924936756491661,0.010008192621171474
1286,54451,0.05924869328737259,0.010003536939620972
1287,54461,0.059248022735118866,0.009998885914683342
1288,54471,0.059247348457574844,0.00999423861503601
1289,54481,0.05924667790532112,0.009989595972001553
1290,54491,0.0592460073530674,0.009984957985579967
1291,54501,0.059245336800813675,0.009980323724448681
1292,54511,0.05924466252326965,0.009975694119930267
1293,54521,0.05924399569630623,0.009971069172024727
1294,54531,0.059243328869342804,0.009966447949409485
1295,54541,0.05924266204237938,0.009961830452084541
1296,54551,0.05924199894070625,0.00995721761137247
1297,54561,0.05924133583903313,0.009952609427273273
1298,54571,0.05924067273736,0.00994800589978695
1299,54581,0.059240009635686874,0.009943406097590923
1300,54591,0.05923934280872345,0.009938810020685196
1301,54601,0.059238675981760025,0.009934218600392342
1302,54611,0.0592380128800869,0.00992963183671236
1303,54621,0.05923734977841377,0.009925048798322678
1304,54631,0.059236690402030945,0.009920470416545868
1305,54641,0.05923602730035782,0.009915895760059357
1306,54651,0.05923536419868469,0.009911325760185719
1307,54661,0.059234704822301865,0.009906759485602379
1308,54671,0.05923404172062874,0.009902197867631912
1309,54681,0.05923338606953621,0.009897639974951744
1310,54691,0.05923273041844368,0.009893086738884449
1311,54701,0.05923207104206085,0.009888537228107452
1312,54711,0.05923141539096832,0.009883992373943329
1313,54721,0.05923075973987579,0.009879452176392078
1314,54731,0.05923010781407356,0.009874915704131126
1315,54741,0.05922945216298103,0.009870382957160473
1316,54751,0.059228796511888504,0.009865854866802692
1317,54761,0.059228140860795975,0.00986133050173521
1318,54771,0.059227485209703445,0.009856810793280602
1319,54781,0.059226829558610916,0.009852295741438866
1320,54791,0.059226177632808685,0.009847784414887428
1321,54801,0.059225521981716156,0.00984327681362629
1322,54811,0.059224873781204224,0.009838772937655449
1323,54821,0.05922422185540199,0.009834272786974907
1324,54831,0.05922357365489006,0.009829778224229813
1325,54841,0.05922292545437813,0.009825287386775017
1326,54851,0.059222277253866196,0.00982080027461052
1327,54861,0.05922162905335426,0.009816317819058895
1328,54871,0.05922098457813263,0.00981183908879757
1329,54881,0.0592203363776207,0.009807365015149117
1330,54891,0.05921969190239906,0.009802894666790962
1331,54901,0.05921905115246773,0.009798428043723106
1332,54911,0.059218406677246094,0.009793966077268124
1333,54921,0.05921776220202446,0.00978950783610344
1334,54931,0.059217121452093124,0.009785054251551628
1335,54941,0.05921647697687149,0.009780604392290115
1336,54951,0.05921583250164986,0.009776158258318901
1337,54961,0.05921519175171852,0.009771715849637985
1338,54971,0.059214551001787186,0.009767277166247368
1339,54981,0.05921391025185585,0.009762843139469624
1340,54991,0.05921327322721481,0.009758412837982178
1341,55001,0.059212636202573776,0.00975398626178503
1342,55011,0.05921199545264244,0.009749564342200756
1343,55021,0.059211358428001404,0.00974514614790678
1344,55031,0.05921072140336037,0.009740732610225677
1345,55041,0.05921008437871933,0.009736321866512299
1346,55051,0.05920945480465889,0.009731915779411793
1347,55061,0.05920882150530815,0.009727513417601585
1348,55071,0.05920818820595741,0.009723114781081676
1349,55081,0.05920755863189697,0.00971872080117464
1350,55091,0.059206925332546234,0.009714330546557903
1351,55101,0.0592062883079052,0.009709944017231464
1352,55111,0.05920565873384476,0.009705561213195324
1353,55121,0.05920502543449402,0.009701183065772057
1354,55131,0.05920439213514328,0.009696808643639088
1355,55141,0.05920375511050224,0.009692437946796417
1356,55151,0.0592031255364418,0.00968807190656662
1357,55161,0.05920249596238136,0.009683709591627121
1358,55171,0.059201862663030624,0.00967935100197792
1359,55181,0.059201229363679886,0.009674997068941593
1360,55191,0.059200603514909744,0.009670646861195564
1361,55201,0.0591999776661396,0.009666300378739834
1362,55211,0.05919934809207916,0.009661957621574402
1363,55221,0.05919871851801872,0.009657618589699268
1364,55231,0.05919809639453888,0.009653283283114433
1365,55241,0.059197474271059036,0.009648951701819897
1366,55251,0.059196848422288895,0.009644623845815659
1367,55261,0.059196218848228455,0.009640300646424294
1368,55271,0.05919559672474861,0.009635981172323227
1369,55281,0.05919497460126877,0.009631665423512459
1370,55291,0.05919434875249863,0.00962735339999199
1371,55301,0.059193722903728485,0.009623045101761818
1372,55311,0.05919310078024864,0.009618740528821945
1373,55321,0.0591924823820591,0.009614439681172371
1374,55331,0.05919186398386955,0.009610142558813095
1375,55341,0.05919124186038971,0.009605849161744118
1376,55351,0.059190619736909866,0.009601560421288013
1377,55361,0.05918999761343002,0.009597275406122208
1378,55371,0.05918938294053078,0.0095929941162467
1379,55381,0.05918876826763153,0.009588716551661491
1380,55391,0.05918814614415169,0.009584442712366581
1381,55401,0.05918752774596214,0.009580172598361969
1382,55411,0.0591869093477726,0.00957590714097023
1383,55421,0.05918629467487335,0.00957164540886879
1384,55431,0.059185680001974106,0.009567386470735073
1385,55441,0.05918506160378456,0.009563131257891655
1386,55451,0.059184446930885315,0.009558879770338535
1387,55461,0.05918382853269577,0.009554632008075714
1388,55471,0.059183213859796524,0.009550388902425766
1389,55481,0.059182602912187576,0.009546149522066116
1390,55491,0.05918198823928833,0.009541913866996765
1391,55501,0.059181373566389084,0.009537681937217712
1392,55511,0.059180762618780136,0.009533453732728958
1393,55521,0.05918015539646149,0.009529229253530502
1394,55531,0.05917954817414284,0.009525008499622345
1395,55541,0.05917893722653389,0.009520791471004486
1396,55551,0.05917832627892494,0.009516578167676926
1397,55561,0.059177715331315994,0.009512368589639664
1398,55571,0.059177104383707047,0.009508163668215275
1399,55581,0.0591764971613884,0.009503962472081184
1400,55591,0.059175893664360046,0.009499764069914818
1401,55601,0.059175290167331696,0.00949556939303875
1402,55611,0.059174682945013046,0.00949137844145298
1403,55621,0.0591740719974041,0.009487191215157509
1404,55631,0.05917346850037575,0.009483007714152336
1405,55641,0.0591728650033474,0.009478827938437462
1406,55651,0.059172261506319046,0.009474651888012886
1407,55661,0.059171658009290695,0.009470479562878609
1408,55671,0.05917105823755264,0.00946631096303463
1409,55681,0.05917045846581459,0.00946214608848095
1410,55691,0.05916986241936684,0.009457984939217567
1411,55701,0.059169262647628784,0.00945382658392191
1412,55711,0.05916866287589073,0.00944967195391655
1413,55721,0.05916806310415268,0.009445521049201488
1414,55731,0.059167467057704926,0.009441373869776726
1415,55741,0.05916687101125717,0.009437231346964836
1416,55751,0.05916627496480942,0.00943309161812067
1417,55761,0.05916568264365196,0.009428955614566803
1418,55771,0.05916509032249451,0.009424823336303234
1419,55781,0.05916449427604675,0.009420694783329964
1420,55791,0.059163898229599,0.009416569955646992
1421,55801,0.05916329845786095,0.009412447921931744
1422,55811,0.05916270241141319,0.009408329613506794
1423,55821,0.05916210636496544,0.009404215961694717
1424,55831,0.059161510318517685,0.00940010603517294
1425,55841,0.05916091427206993,0.009395998902618885
1426,55851,0.05916031822562218,0.009391894564032555
1427,55861,0.05915972217917442,0.009387793950736523
1428,55871,0.05915912985801697,0.009383697994053364
1429,55881,0.05915854498744011,0.009379605762660503
1430,55891,0.05915796011686325,0.009375516325235367
1431,55901,0.05915737524628639,0.009371430613100529
1432,55911,0.059156790375709534,0.009367348626255989
1433,55921,0.059156205505132675,0.009363269433379173
1434,55931,0.05915562063455582,0.00935919489711523
1435,55941,0.05915503203868866,0.009355123154819012
1436,55951,0.0591544434428215,0.009351055137813091
1437,55961,0.059153854846954346,0.00934699084609747
1438,55971,0.05915326625108719,0.009342930279672146
1439,55981,0.05915267765522003,0.00933887343853712
1440,55991,0.059152089059352875,0.00933481939136982
1441,56001,0.05915150046348572,0.009330770000815392
1442,56011,0.05915091186761856,0.009326723404228687
1443,56021,0.059150323271751404,0.009322680532932281
1444,56031,0.05914973467588425,0.0093186404556036
1445,56041,0.05914914980530739,0.009314604103565216
1446,56051,0.05914856493473053,0.009310571476817131
1447,56061,0.05914798006415367,0.00930654164403677
1448,56071,0.05914739519357681,0.009302516467869282
1449,56081,0.059146810322999954,0.009298494085669518
1450,56091,0.059146229177713394,0.009294475428760052
1451,56101,0.059145648032426834,0.009290460497140884
1452,56111,0.059145066887140274,0.009286449290812016
1453,56121,0.059144485741853714,0.00928244087845087
1454,56131,0.059143904596567154,0.00927843526005745
1455,56141,0.05914332717657089,0.009274433366954327
1456,56151,0.05914274603128433,0.009270435199141502
1457,56161,0.05914216488599777,0.009266440756618977
1458,56171,0.05914158374071121,0.00926245003938675
1459,56181,0.05914100632071495,0.009258462116122246
1460,56191,0.05914042890071869,0.00925447791814804
1461,56201,0.05913985148072243,0.009250497445464134
1462,56211,0.059139274060726166,0.009246519766747952
1463,56221,0.0591387003660202,0.009242545813322067
1464,56231,0.05913812667131424,0.009238575585186481
1465,56241,0.059137552976608276,0.00923460815101862
1466,56251,0.05913697928190231,0.009230644442141056
1467,56261,0.05913640931248665,0.009226684458553791
1468,56271,0.059135835617780685,0.009222728200256824
1469,56281,0.05913526192307472,0.009218774735927582
1470,56291,0.05913469195365906,0.009214824996888638
1471,56301,0.05913412198424339,0.009210878051817417
1472,56311,0.05913355201482773,0.009206934832036495
1473,56321,0.05913298577070236,0.009202994406223297
1474,56331,0.059132423251867294,0.009199057705700397
1475,56341,0.05913185328245163,0.009195124730467796
1476,56351,0.05913128703832626,0.009191194549202919
1477,56361,0.0591307207942009,0.00918726809322834
1478,56371,0.05913015455007553,0.00918334536254406
1479,56381,0.05912959203124046,0.009179425425827503
1480,56391,0.059129029512405396,0.009175509214401245
1481,56401,0.05912846326828003,0.009171596728265285
1482,56411,0.05912790074944496,0.00916768703609705
1483,56421,0.059127338230609894,0.009163780137896538
1484,56431,0.059126775711774826,0.009159876964986324
1485,56441,0.05912621691823006,0.009155976586043835
1486,56451,0.05912565439939499,0.009152079932391644
1487,56461,0.05912509188055992,0.00914818700402975
1488,56471,0.05912453681230545,0.009144296869635582
1489,56481,0.05912398174405098,0.009140409529209137
1490,56491,0.05912342295050621,0.00913652591407299
1491,56501,0.05912286415696144,0.009132646024227142
1492,56511,0.05912230536341667,0.009128769859671593
1493,56521,0.0591217502951622,0.009124896489083767
1494,56531,0.05912118777632713,0.009121025912463665
1495,56541,0.059120628982782364,0.009117159061133862
1496,56551,0.059120070189237595,0.009113295003771782
1497,56561,0.059119511395692825,0.0091094346717
1498,56571,0.059118956327438354,0.009105577133595943
1499,56581,0.059118397533893585,0.009101723320782185
1500,56591,0.059117842465639114,0.00909787230193615
1501,56601,0.059117283672094345,0.009094025008380413
1502,56611,0.059116724878549576,0.0090901805087924
1503,56621,0.059116169810295105,0.009086339734494686
1504,56631,0.059115614742040634,0.009082501754164696
1505,56641,0.05911505967378616,0.009078667499125004
1506,56651,0.059114500880241394,0.00907483696937561
1507,56661,0.05911394953727722,0.00907100923359394
1508,56671,0.05911339819431305,0.00906718522310257
1509,56681,0.05911284685134888,0.009063363075256348
1510,56691,0.059112295508384705,0.009059544652700424
1511,56701,0.05911174789071083,0.0090557299554348
1512,56711,0.05911119654774666,0.009051918983459473
1513,56721,0.059110645204782486,0.009048109874129295
1514,56731,0.059110093861818314,0.009044304490089417
1515,56741,0.05910954251885414,0.009040501900017262
1516,56751,0.05910899117588997,0.00903670210391283
1517,56761,0.059108443558216095,0.009032906964421272
1518,56771,0.05910789221525192,0.009029114618897438
1519,56781,0.05910734459757805,0.009025325067341328
1520,56791,0.059106793254613876,0.009021538309752941
1521,56801,0.05910624563694,0.009017755277454853
1522,56811,0.05910569801926613,0.009013975039124489
1523,56821,0.059105150401592255,0.009010198526084423
1524,56831,0.05910460278391838,0.009006424807012081
1525,56841,0.05910405516624451,0.009002654813230038
1526,56851,0.05910351127386093,0.008998887613415718
1527,56861,0.059102967381477356,0.008995123207569122
1528,56871,0.05910242348909378,0.008991362527012825
1529,56881,0.059101879596710205,0.008987604640424252
1530,56891,0.05910133942961693,0.008983850479125977
1531,56901,0.05910079553723335,0.008980099111795425
1532,56911,0.059100255370140076,0.008976350538432598
1533,56921,0.0590997114777565,0.008972604759037495
1534,56931,0.059099167585372925,0.00896886270493269
1535,56941,0.05909862741827965,0.008965124376118183
1536,56951,0.05909808352589607,0.0089613888412714
1537,56961,0.059097547084093094,0.008957656100392342
1538,56971,0.05909700691699982,0.008953927084803581
1539,56981,0.05909646674990654,0.00895019993185997
1540,56991,0.05909592658281326,0.008946476504206657
1541,57001,0.059095390141010284,0.008942756801843643
1542,57011,0.059094853699207306,0.008939038962125778
1543,57021,0.059094320982694626,0.008935324847698212
1544,57031,0.05909378081560135,0.008931614458560944
1545,57041,0.05909324437379837,0.0089279068633914
1546,57051,0.05909271165728569,0.008924202062189579
1547,57061,0.05909217894077301,0.008920500986278057
1548,57071,0.05909164622426033,0.008916802704334259
1549,57081,0.05909111350774765,0.008913107216358185
1550,57091,0.05909058079123497,0.008909414522349834
1551,57101,0.05909005180001259,0.008905724622309208
1552,57111,0.05908952280879021,0.00890203844755888
1553,57121,0.05908899009227753,0.008898355066776276
1554,57131,0.05908845365047455,0.008894674479961395
1555,57141,0.05908792465925217,0.008890997618436813
1556,57151,0.05908739194273949,0.00888732261955738
1557,57161,0.059086862951517105,0.008883651345968246
1558,57171,0.059086333960294724,0.008879982866346836
1559,57181,0.05908580869436264,0.00887631718069315
1560,57191,0.05908527970314026,0.008872654289007187
1561,57201,0.05908475071191788,0.008868995122611523
1562,57211,0.059084225445985794,0.008865338750183582
1563,57221,0.05908369645476341,0.008861685171723366
1564,57231,0.05908317118883133,0.008858035318553448
1565,57241,0.05908264219760895,0.008854388259351254
1566,57251,0.059082116931676865,0.008850743994116783
1567,57261,0.05908159166574478,0.008847103454172611
1568,57271,0.0590810663998127,0.008843465708196163
1569,57281,0.059080541133880615,0.008839830756187439
1570,57291,0.05908001959323883,0.008836198598146439
1571,57301,0.05907949432730675,0.008832569234073162
1572,57311,0.05907897278666496,0.008828943595290184
1573,57321,0.05907845124602318,0.008825319819152355
1574,57331,0.05907792970538139,0.008821699768304825
1575,57341,0.05907740816473961,0.008818081580102444
1576,57351,0.05907687917351723,0.008814467117190361
1577,57361,0.05907635763287544,0.008810855448246002
1578,57371,0.05907583609223366,0.008807246573269367
1579,57381,0.05907531455159187,0.00880364142358303
1580,57391,0.05907479301095009,0.008800039067864418
1581,57401,0.059074271470308304,0.00879643950611353
1582,57411,0.05907375365495682,0.008792842738330364
1583,57421,0.05907323211431503,0.008789248764514923
1584,57431,0.05907271429896355,0.008785657584667206
1585,57441,0.05907219275832176,0.008782070130109787
1586,57451,0.05907167121767998,0.008778485469520092
1587,57461,0.05907115340232849,0.008774902671575546
1588,57471,0.059070635586977005,0.008771323598921299
1589,57481,0.05907011777162552,0.008767747320234776
1590,57491,0.05906960368156433,0.008764173835515976
1591,57501,0.05906908959150314,0.008760604076087475
1592,57511,0.05906857177615166,0.008757036179304123
1593,57521,0.05906805768609047,0.00875347200781107
1594,57531,0.059067536145448685,0.00874991063028574
1595,57541,0.0590670183300972,0.008746352046728134
1596,57551,0.05906650424003601,0.008742796257138252
1597,57561,0.059065986424684525,0.008739243261516094
1598,57571,0.05906547233462334,0.008735693991184235
1599,57581,0.05906495824456215,0.008732147514820099
1600,57591,0.05906444042921066,0.008728602901101112
1601,57601,0.059063926339149475,0.00872506108134985
1602,57611,0.059063415974378586,0.008721522055566311
1603,57621,0.0590629056096077,0.00871798675507307
1604,57631,0.05906239151954651,0.008714454248547554
1605,57641,0.05906188488006592,0.008710924535989761
1606,57651,0.05906137824058533,0.008707397617399693
1607,57661,0.059060871601104736,0.008703873492777348
1608,57671,0.059060364961624146,0.008700352162122726
1609,57681,0.059059858322143555,0.00869683362543583
1610,57691,0.059059351682662964,0.00869331881403923
1611,57701,0.05905884504318237,0.00868980586528778
1612,57711,0.059058334678411484,0.008686295710504055
1613,57721,0.05905782803893089,0.008682788349688053
1614,57731,0.0590573251247406,0.008679283782839775
1615,57741,0.05905681475996971,0.008675782009959221
1616,57751,0.05905630812048912,0.00867228303104639
1617,57761,0.05905580148100853,0.008668786846101284
1618,57771,0.05905529856681824,0.008665294386446476
1619,57781,0.059054795652627945,0.008661804720759392
1620,57791,0.05905429273843765,0.008658316917717457
1621,57801,0.05905379354953766,0.008654831908643246
1622,57811,0.059053290635347366,0.008651350624859333
1623,57821,0.05905279144644737,0.00864787120372057
1624,57831,0.05905228853225708,0.008644395507872105
1625,57841,0.059051789343357086,0.008640921674668789
1626,57851,0.05905129387974739,0.008637450635433197
1627,57861,0.0590507946908474,0.008633983321487904
1628,57871,0.0590502992272377,0.00863051787018776
1629,57881,0.059049803763628006,0.008627055212855339
1630,57891,0.05904930457472801,0.008623595349490643
1631,57901,0.05904880911111832,0.00862013828009367
1632,57911,0.05904830992221832,0.008616684004664421
1633,57921,0.05904781445860863,0.008613232523202896
1634,57931,0.05904731526970863,0.008609783835709095
1635,57941,0.05904681980609894,0.008606337942183018
1636,57951,0.05904632806777954,0.008602894842624664
1637,57961,0.05904582887887955,0.008599454537034035
1638,57971,0.05904533341526985,0.008596017025411129
1639,57981,0.05904483422636986,0.008592582307755947
1640,57991,0.05904433876276016,0.008589150384068489
1641,58001,0.05904383957386017,0.008585721254348755
1642,58011,0.059043340384960175,0.008582294918596745
1643,58021,0.05904284492135048,0.008578871376812458
1644,58031,0.059042349457740784,0.008575450628995895
1645,58041,0.05904185771942139,0.008572031743824482
1646,58051,0.05904136225581169,0.008568615652620792
1647,58061,0.059040870517492294,0.008565202355384827
1648,58071,0.0590403750538826,0.00856179278343916
1649,58081,0.0590398833155632,0.008558386005461216
1650,58091,0.059039391577243805,0.008554982021450996
1651,58101,0.05903889983892441,0.008551579900085926
1652,58111,0.05903841182589531,0.00854818057268858
1653,58121,0.05903792008757591,0.008544784039258957
1654,58131,0.059037432074546814,0.008541390299797058
1655,58141,0.05903694033622742,0.008537998422980309
1656,58151,0.05903645232319832,0.008534610271453857
1657,58161,0.05903596058487892,0.00853122491389513
1658,58171,0.05903547257184982,0.008527841418981552
1659,58181,0.05903497710824013,0.008524461649358273
1660,58191,0.05903448536992073,0.008521083742380142
1661,58201,0.059033993631601334,0.008517708629369736
1662,58211,0.059033505618572235,0.008514336310327053
1663,58221,0.05903301760554314,0.008510966785252094
1664,58231,0.05903252959251404,0.00850760005414486
1665,58241,0.05903204157948494,0.008504235185682774
1666,58251,0.05903155356645584,0.008500873111188412
1667,58261,0.05903106555342674,0.008497513830661774
1668,58271,0.05903058126568794,0.00849415734410286
1669,58281,0.05903009697794914,0.00849080365151167
1670,58291,0.05902961269021034,0.008487452752888203
1671,58301,0.05902912840247154,0.00848410464823246
1672,58311,0.05902864411473274,0.008480758406221867
1673,58321,0.059028156101703644,0.008477414958178997
1674,58331,0.059027671813964844,0.008474075235426426
1675,58341,0.059027187526226044,0.008470737375319004
1676,58351,0.059026703238487244,0.008467402309179306
1677,58361,0.059026218950748444,0.008464070037007332
1678,58371,0.059025734663009644,0.008460740558803082
1679,58381,0.05902525410056114,0.00845741294324398
1680,58391,0.05902477353811264,0.008454088121652603
1681,58401,0.05902428925037384,0.00845076609402895
1682,58411,0.05902380496263504,0.008447445929050446
1683,58421,0.05902332067489624,0.00844412948936224
1684,58431,0.05902284011244774,0.008440815843641758
1685,58441,0.05902235954999924,0.008437504991889
1686,58451,0.059021878987550735,0.008434196002781391
1687,58461,0.059021398425102234,0.008430888876318932
1688,58471,0.05902092531323433,0.008427584543824196
1689,58481,0.059020452201366425,0.008424283005297184
1690,58491,0.05901997908949852,0.008420984260737896
1691,58501,0.05901949852705002,0.008417687378823757
1692,58511,0.059019025415182114,0.008414394222199917
1693,58521,0.05901854857802391,0.0084111038595438
1694,58531,0.059018075466156006,0.008407815359532833
1695,58541,0.0590176023542881,0.008404528722167015
1696,58551,0.059017132967710495,0.008401245810091496
1697,58561,0.05901666358113289,0.008397964760661125
1698,58571,0.059016190469264984,0.008394686505198479
1699,58581,0.05901571735739708,0.008391411043703556
1700,58591,0.05901524797081947,0.008388138376176357
1701,58601,0.059014782309532166,0.008384867571294308
1702,58611,0.05901431292295456,0.008381599560379982
1703,58621,0.05901384726166725,0.00837833434343338
1704,58631,0.05901337414979935,0.008375071920454502
1705,58641,0.05901290476322174,0.008371811360120773
1706,58651,0.059012431651353836,0.008368553593754768
1707,58661,0.05901196226477623,0.008365297690033913
1708,58671,0.059011492878198624,0.00836204458028078
1709,58681,0.05901102349162102,0.008358794264495373
1710,58691,0.05901055783033371,0.008355545811355114
1711,58701,0.059010088443756104,0.008352301083505154
1712,58711,0.059009622782468796,0.008349058218300343
1713,58721,0.05900915339589119,0.008345818147063255
1714,58731,0.05900869145989418,0.008342579938471317
1715,58741,0.059008222073316574,0.008339345455169678
1716,58751,0.05900775268673897,0.008336112834513187
1717,58761,0.05900729075074196,0.008332882076501846
1718,58771,0.05900682508945465,0.008329654112458229
1719,58781,0.05900636315345764,0.008326428942382336
1720,58791,0.059005897492170334,0.008323206566274166
1721,58801,0.059005431830883026,0.00831998698413372
1722,58811,0.059004973620176315,0.008316769264638424
1723,58821,0.059004511684179306,0.008313554339110851
1724,58831,0.0590040497481823,0.008310341276228428
1725,58841,0.05900358781218529,0.008307131007313728
1726,58851,0.05900312215089798,0.008303923532366753
1727,58861,0.05900265648961067,0.0083007188513875
1728,58871,0.059002190828323364,0.008297516033053398
1729,58881,0.059001728892326355,0.00829431600868702
1730,58891,0.05900126323103905,0.008291118778288364
1731,58901,0.05900080129504204,0.008287923410534859
1732,58911,0.05900033935904503,0.008284730836749077
1733,58921,0.05899987742304802,0.008281540125608444
1734,58931,0.05899941548705101,0.00827835127711296
1735,58941,0.058998953551054,0.008275166153907776
1736,58951,0.05899849161505699,0.00827198289334774
1737,58961,0.05899803340435028,0.008268802426755428
1738,58971,0.05899757519364357,0.008265623822808266
1739,58981,0.05899711698293686,0.008262448012828827
1740,58991,0.05899665504693985,0.008259274065494537
1741,59001,0.05899619683623314,0.008256102912127972
1742,59011,0.05899573862552643,0.00825293455272913
1743,59021,0.05899528041481972,0.008249768055975437
1744,59031,0.05899482220411301,0.008246604353189468
1745,59041,0.058994367718696594,0.008243443444371223
1746,59051,0.05899390950798988,0.008240285329520702
1747,59061,0.05899345129728317,0.00823712907731533
1748,59071,0.05899299681186676,0.008233975619077682
1749,59081,0.05899254232645035,0.008230824954807758
1750,59091,0.05899208411574364,0.008227676153182983
1751,59101,0.058991625905036926,0.008224530145525932
1752,59111,0.058991171419620514,0.00822138600051403
1753,59121,0.0589907132089138,0.008218243718147278
1754,59131,0.05899025872349739,0.008215104229748249
1755,59141,0.05898980423808098,0.008211967535316944
1756,59151,0.058989349752664566,0.008208832703530788
1757,59161,0.058988895267248154,0.008205699734389782
1758,59171,0.05898844078183174,0.008202570490539074
1759,59181,0.05898798629641533,0.008199443109333515
1760,59191,0.05898753181099892,0.00819631852209568
1761,59201,0.0589870810508728,0.008193195797502995
1762,59211,0.05898662656545639,0.008190075866878033
1763,59221,0.058986175805330276,0.00818695779889822
1764,59231,0.05898572504520416,0.008183841593563557
1765,59241,0.05898527428507805,0.008180728182196617
1766,59251,0.058984823524951935,0.008177617564797401
1767,59261,0.05898437276482582,0.008174508810043335
1768,59271,0.05898392200469971,0.008171402849256992
1769,59281,0.05898347496986389,0.008168299682438374
1770,59291,0.05898302420973778,0.008165198378264904
1771,59301,0.05898257717490196,0.008162099868059158
1772,59311,0.05898213014006615,0.008159003220498562
1773,59321,0.05898168310523033,0.00815590936690569
1774,59331,0.058981236070394516,0.008152817375957966
1775,59341,0.0589807853102684,0.008149728178977966
1776,59351,0.05898033827543259,0.008146640844643116
1777,59361,0.05897988751530647,0.00814355630427599
1778,59371,0.05897944048047066,0.008140474557876587
1779,59381,0.05897899344563484,0.008137394674122334
1780,59391,0.058978550136089325,0.008134317584335804
1781,59401,0.05897810682654381,0.008131242357194424
1782,59411,0.05897765979170799,0.008128169924020767
1783,59421,0.058977220207452774,0.008125098422169685
1784,59431,0.05897677689790726,0.008122029714286327
1785,59441,0.05897633731365204,0.008118963800370693
1786,59451,0.05897589772939682,0.008115899749100208
1787,59461,0.0589754581451416,0.008112837560474873
1788,59471,0.05897502228617668,0.00810977816581726
1789,59481,0.05897458270192146,0.008106721565127373
1790,59491,0.05897414684295654,0.008103666827082634
1791,59501,0.05897371098399162,0.008100614883005619
1792,59511,0.058973271399736404,0.008097564801573753
1793,59521,0.058972831815481186,0.008094516582787037
1794,59531,0.058972395956516266,0.008091471157968044
1795,59541,0.058971960097551346,0.008088427595794201
1796,59551,0.05897152051329613,0.008085386827588081
1797,59561,0.05897108465433121,0.008082347922027111
1798,59571,0.05897064507007599,0.00807931087911129
1799,59581,0.05897020548582077,0.008076276630163193
1800,59591,0.05896976590156555,0.00807324517518282
1801,59601,0.05896932631731033,0.008070215582847595
1802,59611,0.05896889045834541,0.00806718785315752
1803,59621,0.05896845459938049,0.008064161986112595
1804,59631,0.058968015015125275,0.008061138913035393
1805,59641,0.05896758288145065,0.008058118633925915
1806,59651,0.058967143297195435,0.008055100217461586
1807,59661,0.058966707438230515,0.008052083663642406
1808,59671,0.058966271579265594,0.00804906990379095
1809,59681,0.058965835720300674,0.008046058937907219
1810,59691,0.058965399861335754,0.008043048903346062
1811,59701,0.05896496772766113,0.008040041662752628
1812,59711,0.05896453186869621,0.008037036284804344
1813,59721,0.05896409973502159,0.008034033700823784
1814,59731,0.05896366760134697,0.008031032979488373
1815,59741,0.05896323546767235,0.008028034120798111
1816,59751,0.058962803333997726,0.008025038056075573
1817,59761,0.058962371200323105,0.008022044785320759
1818,59771,0.05896193906664848,0.008019053377211094
1819,59781,0.05896150693297386,0.008016063831746578
1820,59791,0.05896107852458954,0.008013076148927212
1821,59801,0.058960650116205215,0.00801009126007557
1822,59811,0.05896022170782089,0.008007108233869076
1823,59821,0.05895978957414627,0.008004128001630306
1824,59831,0.05895935744047165,0.008001149632036686
1825,59841,0.05895892530679703,0.00799817405641079
1826,59851,0.058958493173122406,0.007995200343430042
1827,59861,0.058958061039447784,0.007992229424417019
1828,59871,0.05895762890577316,0.00798925943672657
1829,59881,0.05895720049738884,0.007986292243003845
1830,59891,0.05895677208900452,0.007983327843248844
1831,59901,0.0589563362300396,0.007980365306138992
1832,59911,0.05895590782165527,0.00797740463167429
1833,59921,0.05895547941327095,0.007974445819854736
1834,59931,0.058955054730176926,0.007971489802002907
1835,59941,0.0589546263217926,0.007968535646796227
1836,59951,0.05895419418811798,0.00796558428555727
1837,59961,0.058953769505023956,0.007962634786963463
1838,59971,0.05895334482192993,0.007959687151014805
1839,59981,0.05895291641354561,0.007956741377711296
1840,59991,0.058952491730451584,0.007953798398375511
1841,60001,0.05895206332206726,0.00795085821300745
1842,60011,0.058951642364263535,0.007947919890284538
1843,60021,0.05895121768116951,0.007944983430206776
1844,60031,0.058950792998075485,0.007942049764096737
1845,60041,0.05895037204027176,0.007939117960631847
1846,60051,0.058949947357177734,0.007936188019812107
1847,60061,0.05894952267408371,0.007933259941637516
1848,60071,0.058949097990989685,0.007930334657430649
1849,60081,0.05894867330789566,0.00792741123586893
1850,60091,0.058948248624801636,0.007924490608274937
1851,60101,0.05894782394170761,0.007921571843326092
1852,60111,0.058947402983903885,0.007918654941022396
1853,60121,0.05894697830080986,0.00791573990136385
1854,60131,0.058946557343006134,0.007912827655673027
1855,60141,0.05894613638520241,0.007909917272627354
1856,60151,0.05894571542739868,0.00790700875222683
1857,60161,0.058945294469594955,0.007904102094471455
1858,60171,0.05894486978650093,0.007901198230683804
1859,60181,0.058944448828697205,0.007898296229541302
1860,60191,0.05894403159618378,0.007895396091043949
1861,60201,0.05894361436367035,0.007892497815191746
1862,60211,0.05894319340586662,0.007889602333307266
1863,60221,0.058942776173353195,0.00788670964539051
1864,60231,0.05894235894083977,0.007883818820118904
1865,60241,0.05894194170832634,0.007880929857492447
1866,60251,0.05894152447581291,0.007878043688833714
1867,60261,0.05894111096858978,0.00787515938282013
1868,60271,0.05894069746136665,0.00787227600812912
1869,60281,0.058940280228853226,0.007869395427405834
1870,60291,0.0589398629963398,0.007866516709327698
1871,60301,0.05893944948911667,0.007863640785217285
1872,60311,0.05893903970718384,0.007860766723752022
1873,60321,0.05893862992525101,0.007857894524931908
1874,60331,0.05893821641802788,0.007855024188756943
1875,60341,0.05893779918551445,0.007852155715227127
1876,60351,0.05893738195300102,0.007849290035665035
1877,60361,0.05893696844577789,0.007846426218748093
1878,60371,0.058936554938554764,0.0078435642644763
1879,60381,0.05893614515662193,0.007840704172849655
1880,60391,0.0589357353746891,0.007837846875190735
1881,60401,0.05893532559275627,0.007834991440176964
1882,60411,0.05893491208553314,0.007832137867808342
1883,60421,0.05893450602889061,0.00782928615808487
1884,60431,0.05893409997224808,0.007826436311006546
1885,60441,0.05893369019031525,0.007823589257895947
1886,60451,0.058933280408382416,0.007820744067430496
1887,60461,0.058932870626449585,0.007817900739610195
1888,60471,0.058932460844516754,0.007815060205757618
1889,60481,0.05893205478787422,0.007812221068888903
1890,60491,0.05893164500594139,0.007809384260326624
1891,60501,0.05893123894929886,0.007806549314409494
1892,60511,0.058930832892656326,0.007803715765476227
1893,60521,0.058930426836013794,0.007800884544849396
1894,60531,0.05893002077937126,0.007798055652529001
1895,60541,0.05892961472272873,0.007795229088515043
1896,60551,0.0589292086660862,0.007792403921484947
1897,60561,0.058928802609443665,0.007789581548422575
1898,60571,0.05892839655280113,0.007786761038005352
1899,60581,0.0589279904961586,0.007783942390233278
1900,60591,0.05892758443951607,0.007781125605106354
1901,60601,0.058927178382873535,0.0077783106826245785
1902,60611,0.058926772326231,0.007775498554110527
1903,60621,0.05892636626958847,0.007772688288241625
1904,60631,0.05892596021294594,0.0077698794193565845
1905,60641,0.058925554156303406,0.007767072878777981
1906,60651,0.05892514809966087,0.007764268666505814
1907,60661,0.05892473831772804,0.007761466782540083
1908,60671,0.05892432853579521,0.007758666295558214
1909,60681,0.05892391875386238,0.007755867671221495
1910,60691,0.05892350897192955,0.007753070909529924
1911,60701,0.058923106640577316,0.007750276010483503
1912,60711,0.05892270430922508,0.007747483905404806
1913,60721,0.05892230197787285,0.007744693662971258
1914,60731,0.058921899646520615,0.007741905283182859
1915,60741,0.05892149731516838,0.00773911876603961
1916,60751,0.05892109498381615,0.007736334577202797
1917,60761,0.05892069265246391,0.0077335527166724205
1918,60771,0.05892028659582138,0.007730772253125906
1919,60781,0.05891988426446915,0.007727994117885828
