,ts,height,velocity,acceleration,lower_bound,upper_bound
0,15062,-0.034516919404268265,-0.024252155795693398,-0.013544101268053055,1.010497609414939,-1.0795314482234755
1,15072,-0.03441812843084335,-0.024078551679849625,-0.013472244143486023,1.010451597999741,-1.0792878548614278
2,15082,-0.033426158130168915,-0.022676177322864532,-0.022247247397899628,1.0112999653479335,-1.0781522816082714
3,15092,-0.029899299144744873,-0.017672114074230194,-0.02146334946155548,1.0146843571184363,-1.074482955407926
4,15102,-0.027291348204016685,-0.014089064672589302,-0.02991599589586258,1.0171510412485045,-1.071733737656538
5,15112,-0.023855917155742645,-0.00937066599726677,-0.029171962291002274,1.0204463742722554,-1.0681582085837407
6,15122,-0.02047211490571499,-0.0047416649758815765,-0.01941671594977379,1.0236912798639,-1.06463550967533
7,15132,-0.017981037497520447,-0.001491017173975706,-0.027923721820116043,1.0260446303455575,-1.0620067053405984
8,15142,-0.01552940160036087,0.0016169323353096843,-0.03644656762480736,1.0283596452750485,-1.0594184484757703
9,15152,-0.014849692583084106,0.002112130168825388,-0.04534238576889038,1.0289039039621235,-1.0586032891282917
10,15162,-0.014184490777552128,0.002580831293016672,-0.04520926997065544,1.0294347622781534,-1.0578037438332577
11,15172,-0.013533624820411205,0.0030236055608838797,-0.045080315321683884,1.0299524241443823,-1.0570196737852047
12,15182,-0.012896711938083172,0.003486193949356675,-0.03592222183942795,1.030457272770786,-1.0562506966469523
13,15192,-0.012247178703546524,0.0039164843037724495,-0.04482908919453621,1.0309758498787804,-1.0554702072858735
14,15202,-0.011638546362519264,0.0042386287823319435,-0.05374443158507347,1.0314546346400115,-1.05473172736505
15,15212,-0.011044051498174667,0.0045370981097221375,-0.053631287068128586,1.0319203265924253,-1.0540084295887746
16,15222,-0.010463527403771877,0.004812432453036308,-0.05352180451154709,1.0323731249802472,-1.053300179787791
17,15232,-0.00905648898333311,0.006307962350547314,-0.04421288147568703,1.033653547449611,-1.0517665254162771
18,15242,-0.007623571902513504,0.007821614854037762,-0.04393450543284416,1.034960926581009,-1.050208070386036
19,15252,-0.0036459052935242653,0.012898437678813934,-0.05217655748128891,1.038814133631684,-1.0461059442187326
20,15262,-0.0023022403474897146,0.014156339690089226,-0.05193053185939789,1.0400343856309864,-1.0446388663259658
21,15272,-0.00017144274897873402,0.016475412994623184,-0.060561828315258026,1.0420427850965501,-1.0423856705945076
22,15282,0.002813702682033181,0.020027322694659233,-0.05096009746193886,1.0449065475659822,-1.0392791422019159
23,15292,0.0048569017089903355,0.022191857919096947,-0.050589121878147125,1.0468293791575092,-1.0371155757395285
24,15302,0.007701393682509661,0.025470487773418427,-0.050062358379364014,1.049554551754473,-1.0341517643894538
25,15312,0.009632754139602184,0.02740657702088356,-0.049726035445928574,1.0513676090696151,-1.0321021007904108
26,15322,0.01152823492884636,0.029267093166708946,-0.04940136522054672,1.0531458032977743,-1.0300893334400816
27,15332,0.013390123844146729,0.03110111877322197,-0.04005549103021622,1.0548913581930566,-1.0281111105047631
28,15342,0.015217140316963196,0.032862283289432526,-0.039753030985593796,1.0566030578965218,-1.0261687772625954
29,15352,0.017871765419840813,0.03577960282564163,-0.03929000720381737,1.059143287222522,-1.0233997563828403
30,15362,0.017941374331712723,0.034979190677404404,-0.039346832782030106,1.0590994860580298,-1.0232167373946044
31,15372,0.017110321670770645,0.03290741518139839,-0.03958047926425934,1.058155944931963,-1.0239353015904218
32,15382,0.016281144693493843,0.03091048076748848,-0.03077608346939087,1.0572152336087433,-1.0246529442217556
33,15392,0.014620646834373474,0.02775656245648861,-0.031164728105068207,1.0554441236170082,-1.0262028299482613
34,15402,0.012948788702487946,0.024627748876810074,-0.03154871612787247,1.0536625758598885,-1.0277649984549126
35,15412,0.010483446530997753,0.020410660654306412,-0.03208204358816147,1.0510884346429215,-1.030121541580926
36,15422,0.0089083481580019,0.017515454441308975,-0.03243124857544899,1.0494054603062626,-1.0315887639902588
37,15432,0.00729790423065424,0.014607904478907585,-0.03278110548853874,1.0476879993322026,-1.033092190870894
38,15442,0.004867786541581154,0.010617106221616268,-0.024251997470855713,1.045151756007735,-1.0354161829245727
39,15452,0.0059209163300693035,0.011633802205324173,-0.02406657487154007,1.046099619612439,-1.0342577869523004
40,15462,0.005228908266872168,0.010155264288187027,-0.024223987013101578,1.045303140606449,-1.0348453240727047
41,15472,0.005404833238571882,0.009930848143994808,-0.024209175258874893,1.045375486833008,-1.0345658203558643
42,15482,0.007298484910279512,0.012152842245995998,-0.023859903216362,1.0471663877394692,-1.0325694179189102
43,15492,0.008297691121697426,0.013074459508061409,-0.023689188063144684,1.0480636714110005,-1.0314682891676057
44,15502,0.010140075348317623,0.0151835847645998,-0.023357123136520386,1.0498049938151564,-1.029524843118521
45,15512,0.011951136402785778,0.017266128212213516,-0.014003552496433258,1.0515157572608402,-1.0276134844552687
46,15522,0.013705910183489323,0.01919718272984028,-0.02273082360625267,1.0531710301223343,-1.0257592097553556
47,15532,0.014592917636036873,0.019869938492774963,-0.02259647846221924,1.0539593335740531,-1.0247734983019794
48,15542,0.014624636620283127,0.019318517297506332,-0.02262832224369049,1.0538931457029133,-1.024643872462347
49,15552,0.015487040393054485,0.020000293850898743,-0.013465266674757004,1.054658375463461,-1.0236842946773521
50,15562,0.017167530953884125,0.021881217136979103,-0.004147738218307495,1.0562425218612053,-1.021907459953437
51,15572,0.016259849071502686,0.02005961537361145,-0.004363350570201874,1.055239196816705,-1.0227194986736996
52,15582,0.015360100194811821,0.018273165449500084,-0.004573605954647064,1.0542445382451786,-1.023524337855555
53,15592,0.013608625158667564,0.015299798920750618,-0.004942759871482849,1.0523988871825227,-1.0251816368651876
54,15602,0.01104043424129486,0.011159888468682766,-0.014495473355054855,1.0497372541065224,-1.0276563856239327
55,15612,0.00850447453558445,0.007119735702872276,-0.014999177306890488,1.047108586308144,-1.030099637236975
56,15622,0.006000795401632786,0.0031781261786818504,-0.015488255769014359,1.0445129010597982,-1.0325113102565326
57,15632,0.003531261347234249,-0.0006635615136474371,-0.015962589532136917,1.0419519984816352,-1.0348894757871667
58,15642,0.0010940281208604574,-0.004409230779856443,-0.01642276719212532,1.039424099070319,-1.037236042828598
59,15652,0.0003841002471745014,-0.00569741940125823,-0.02558062970638275,1.038624207534511,-1.037856007040162
60,15662,-0.0020399275235831738,-0.009402994066476822,-0.02602730318903923,1.036110854216064,-1.0401907092632303
61,15672,-0.0027102192398160696,-0.010569507256150246,-0.026135623455047607,1.0353519398278472,-1.0407723783074794
62,15682,-0.003372962586581707,-0.01170975249260664,-0.02624015510082245,1.0346012122628239,-1.0413471374359873
63,15692,-0.002304648282006383,-0.010376717895269394,-0.026017017662525177,1.0355821809652377,-1.0401914775292505
64,15702,-0.0012545494828373194,-0.009086386300623417,-0.025800149887800217,1.0365455406331605,-1.0390546395988352
65,15712,-0.0011051080655306578,-0.00909106619656086,-0.02575479820370674,1.0366088495422152,-1.0388190656732765
66,15722,-0.0009599337354302406,-0.00910131260752678,-0.02571030706167221,1.0366685304498944,-1.0385883979207549
67,15732,0.0017604968743398786,-0.005455225706100464,-0.025184817612171173,1.039304074566642,-1.0357830808179622
68,15742,0.005324102006852627,-0.0006590681150555611,-0.024509675800800323,1.0427834326015495,-1.0321352285878442
69,15752,0.007973697036504745,0.0027780262753367424,-0.02401471510529518,1.0453493231258602,-1.0294019290528507
70,15762,0.0071379560977220535,0.001179474638774991,-0.03320813179016113,1.0444304527275903,-1.0301545405321462
71,15772,0.007170320488512516,0.0008341046050190926,-0.033203963190317154,1.0443802628430119,-1.0300396218659869
72,15782,0.00719841755926609,0.0004876009188592434,-0.03319995105266571,1.0443264132872307,-1.0299295781686986
73,15792,0.00805710069835186,0.0013246528105810285,-0.033041562885046005,1.0451036929328654,-1.0289894915361617
74,15802,0.00889953225851059,0.002083415165543556,-0.04192017391324043,1.0458652642605673,-1.028066199743546
75,15812,0.00886582676321268,0.0015898128040134907,-0.04192985221743584,1.0457512419209034,-1.028019588394478
76,15822,0.008828282356262207,0.0010976633056998253,-0.04193931445479393,1.0456338918465455,-1.0279773271340211
77,15832,0.007927985861897469,-0.0005666637443937361,-0.03307439014315605,1.0446543656595544,-1.0287983939357594
78,15842,0.007037059403955936,-0.0021508224308490753,-0.024203527718782425,1.0436847209311497,-1.0296106021232379
79,15852,0.006155798211693764,-0.00370033155195415,-0.02436094731092453,1.0427252530071016,-1.030413656583714
80,15862,0.005284271202981472,-0.005215545650571585,-0.02451351284980774,1.0417759985738657,-1.0312074561679028
81,15872,0.0035631773062050343,-0.007915612310171127,-0.024818480014801025,1.0399776566676668,-1.0328513020552568
82,15882,0.0018642395734786987,-0.010548839345574379,-0.025114022195339203,1.0382020151518527,-1.0344735360048953
83,15892,0.00018746918067336082,-0.0131160793825984,-0.025400284677743912,1.036449020614362,-1.0360740822530152
84,15902,-0.0023000147193670273,-0.016799185425043106,-0.025829099118709564,1.0338857923138884,-1.0384858217526225
85,15912,-0.003920321352779865,-0.0191597081720829,-0.017059728503227234,1.0321902211295089,-1.0400308638350686
86,15922,-0.003747160080820322,-0.018946481868624687,-0.016993213444948196,1.0322885654431029,-1.0397828856047435
87,15932,-0.0035770265385508537,-0.018784798681735992,-0.02596089243888855,1.0323843620803501,-1.0395384151574518
88,15942,-0.0034101195633411407,-0.018629351630806923,-0.025896340608596802,1.032477347575079,-1.0392975867017613
89,15952,-0.0032463972456753254,-0.01848001405596733,-0.025832735002040863,1.0325675962941185,-1.0390603907854692
90,15962,-0.0022254139184951782,-0.01711707003414631,-0.02561470866203308,1.033515553999843,-1.0379663818368334
91,15972,0.00046937004663050175,-0.01344383880496025,-0.034130822867155075,1.0361377280425221,-1.0351989879492611
92,15982,0.0031241413671523333,-0.009874499402940273,-0.03362828865647316,1.038720369977404,-1.0324720872430992
93,15992,0.004883241839706898,-0.007620323449373245,-0.033293917775154114,1.0404076921918588,-1.030641208512445
94,16002,0.005781447980552912,-0.006614903919398785,-0.033118631690740585,1.0412345360344761,-1.0296716400733703
95,16012,0.00835419725626707,-0.0032492210157215595,-0.03264516592025757,1.0437363390578414,-1.0270279445453072
96,16022,0.010886568576097488,6.0884980484843254e-05,-0.023152459412813187,1.0461981478726532,-1.0244250107204582
97,16032,0.013380222022533417,0.0033184115309268236,-0.013674229383468628,1.0486216550261456,-1.0218612109810787
98,16042,0.014118470251560211,0.003912486135959625,-0.04064663499593735,1.0492901408704582,-1.0210532003673378
99,16052,0.013151188381016254,0.0019934482406824827,-0.058892037719488144,1.0482535129916792,-1.0219511362296467
100,16062,0.011307540349662304,-0.0010967010166496038,-0.05019024387001991,1.0463408706266901,-1.0237257899273655
101,16072,0.01034360658377409,-0.002900090767070651,-0.05035927891731262,1.0453082942720986,-1.0246210811045504
102,16082,0.0119398208335042,-0.0009635791648179293,-0.032003968954086304,1.0468362501451198,-1.0229566084781114
103,16092,0.014342660084366798,0.0022700796835124493,0.004555832594633102,1.0491712153072967,-1.0204858951385631
104,16102,0.014159130863845348,0.0017990127671509981,0.004519473761320114,1.048920163960425,-1.0206019022327344
105,16112,0.013975294306874275,0.0011544555891305208,-0.031647756695747375,1.048669157308344,-1.0207185686945954
106,16122,0.014623662456870079,0.0016074908198788762,-0.04960130155086517,1.0492507074630337,-1.0200033825492936
107,16132,0.015257138758897781,0.002034093253314495,-0.049492016434669495,1.0498176855301935,-1.019303408012398
108,16142,0.015100122429430485,0.0013812349643558264,-0.040489695966243744,1.0495945556072812,-1.0193943107484202
109,16152,0.01665836200118065,0.0032107378356158733,-0.03118453174829483,1.0510869690655984,-1.017770245063237
110,16162,0.016473399475216866,0.0028180035296827555,0.022975679486989975,1.0508365003748739,-1.0178897014244401
111,16172,0.016289198771119118,0.0025212387554347515,0.04100482538342476,1.050587145931296,-1.0180087483890579
112,16182,0.01696372963488102,0.003264583181589842,0.004986871033906937,1.0511968107117657,-1.0172693514420037
113,16192,0.0176254753023386,0.003756146179512143,-0.04006873443722725,1.0517940104261208,-1.0165430598214436
114,16202,0.01827300153672695,0.004131997004151344,-0.05802718549966812,1.0523773108975414,-1.0158313078240875
115,16212,0.018906254321336746,0.004528171848505735,-0.04889126121997833,1.0529466257450897,-1.0151341171024162
116,16222,0.019526252523064613,0.0050355070270597935,-0.021691232919692993,1.0535030063149438,-1.0144505012688145
117,16232,0.019251694902777672,0.004405154846608639,0.00535198301076889,1.0531650865713522,-1.0146616967657969
118,16242,0.01897871494293213,0.003785412758588791,0.005297031253576279,1.0528290324736014,-1.0148716025877371
119,16252,0.018706925213336945,0.003085905686020851,-0.012822896242141724,1.0524944566442131,-1.0150806062175393
120,16262,0.01931810937821865,0.0035555067006498575,-0.030788395553827286,1.05304317523368,-1.0144069564772427
121,16272,0.01905904710292816,0.002608709968626499,-0.06697174906730652,1.0527218706582635,-1.0146037764524072
122,16282,0.018798047676682472,0.001672086538746953,-0.06702092289924622,1.052398949560554,-1.014802854207189
123,16292,0.018537402153015137,0.000972981215454638,-0.02190253511071205,1.05207663817249,-1.0150018338664597
124,16302,0.019107839092612267,0.0014590384671464562,-0.021805573254823685,1.0525856651005485,-1.014369986915324
125,16312,0.0196672435849905,0.001968382392078638,-0.01267831027507782,1.0530839154798577,-1.0137494283098767
126,16322,0.019360456615686417,0.0012461526785045862,-0.012734241783618927,1.0527162303413862,-1.0139953171100133
127,16332,0.019911492243409157,0.0017021212261170149,-0.021674659103155136,1.053206623789096,-1.0133836393022777
128,16342,0.018763035535812378,-0.0003857616102322936,-0.04897385090589523,1.0519978133848866,-1.0144717423132619
129,16352,0.017599482089281082,-0.0024673608131706715,-0.049172185361385345,1.0507741298735804,-1.0155751656950183
130,16362,0.01644827425479889,-0.004503941163420677,-0.049364592880010605,1.0495630480981504,-1.0166664995885526
131,16372,0.01530911959707737,-0.006361962761729956,-0.022451717406511307,1.048364243213027,-1.0177460040188722
132,16382,0.014184019528329372,-0.008130760863423347,-0.013599477708339691,1.0471797491258594,-1.0188117100692007
133,16392,0.01307322271168232,-0.009856044314801693,-0.013774760067462921,1.046009782085432,-1.0198633366620673
134,16402,0.01197758037596941,-0.011582023464143276,-0.022977463901042938,1.044855225819431,-1.0209000650674922
135,16412,0.010063281282782555,-0.014532361179590225,-0.04134936258196831,1.0428822366710713,-1.0227556741055062
136,16422,0.009005114436149597,-0.016188647598028183,-0.032470885664224625,1.0417655712184737,-1.0237553423461745
137,16432,0.006251761689782143,-0.020219504833221436,-0.03291016444563866,1.0389539762796982,-1.026450452900134
138,16442,0.004419354256242514,-0.022850820794701576,-0.02415287122130394,1.0370635181752332,-1.0282248096627482
139,16452,0.004326277412474155,-0.02298889122903347,-0.024129673838615417,1.0369126146838732,-1.0282600598589249
140,16462,0.004231955390423536,-0.023081708699464798,-0.015073318034410477,1.0367606576038426,-1.0282967468229955
141,16472,0.003283844795078039,-0.024334916844964027,-0.00616193562746048,1.035755168518548,-1.029187478928392
142,16482,0.0014669946394860744,-0.02688908390700817,-0.02449236810207367,1.0338810990589233,-1.0309471097799512
143,16492,-0.0011799230705946684,-0.03067248873412609,-0.042958807200193405,1.0311771862107142,-1.0335370323519035
144,16502,-0.00036522001028060913,-0.029469385743141174,-0.0337366983294487,1.0319350858573888,-1.03266552587795
145,16512,-0.001299189287237823,-0.030662916600704193,-0.015778370201587677,1.0309445049229327,-1.0335428834974083
146,16522,0.0003734690835699439,-0.02811240963637829,-0.00641293078660965,1.032560775906035,-1.031813837738895
147,16532,0.0019721523858606815,-0.025699317455291748,-0.006097771227359772,1.0341032636433014,-1.03015895887158
148,16542,0.0035741589963436127,-0.023402316495776176,-0.02385186031460762,1.035649234057142,-1.0285009160644547
149,16552,0.005129342898726463,-0.021200956776738167,-0.023552540689706802,1.0371486061320068,-1.0268899203345538
150,16562,0.009255977347493172,-0.015439817681908607,-0.03186117112636566,1.041219620669643,-1.0227076659746566
151,16572,0.013347608968615532,-0.009802630171179771,-0.03115292638540268,1.0452557593452805,-1.0185605414080494
152,16582,0.016499217599630356,-0.0055214036256074905,-0.021578308194875717,1.048352099494831,-1.0153536642955703
153,16592,0.019603515043854713,-0.0013623335398733616,-0.021052543073892593,1.0514012879689563,-1.0121942578812468
154,16602,0.023542743176221848,0.003922322764992714,-0.02039562165737152,1.0552855666681495,-1.0082000803157058
155,16612,0.024859676137566566,0.005434785038232803,-0.020183373242616653,1.0565477422565572,-1.006828389981424
156,16622,0.0270075760781765,0.008056685328483582,-0.02886934205889702,1.0586410444155105,-1.0046258922591575
157,16632,0.02658304199576378,0.007011828012764454,-0.028952673077583313,1.0581620721680616,-1.004995988176534
158,16642,0.027871739119291306,0.008400410413742065,-0.028750929981470108,1.0593965232714084,-1.0036530450328258
159,16652,0.027428504079580307,0.007370390929281712,-0.01980455219745636,1.0588992018820205,-1.0040421937228599
160,16662,0.026986079290509224,0.006400080863386393,-0.010856274515390396,1.0584028504388943,-1.0044306918578758
161,16672,0.027375467121601105,0.006662037223577499,-0.0017702579498291016,1.0587384388285404,-1.0039875045853381
162,16682,0.026927918195724487,0.005739092361181974,-0.001853741705417633,1.058237282713244,-1.004381446321795
163,16692,0.026483677327632904,0.004788212478160858,-0.010969184339046478,1.0577395944263022,-1.0047722397710364
164,16702,0.026042167097330093,0.003764137625694275,-0.029115647077560425,1.057244796572562,-1.0051604623779018
165,16712,0.02560325898230076,0.0028022760525345802,-0.020160339772701263,1.056752728139488,-1.0055462101748864
166,16722,0.0251694954931736,0.0019502071663737297,-0.0021693892776966095,1.056265964173865,-1.0059269731875178
167,16732,0.024739567190408707,0.0011148664634674788,-0.002242736518383026,1.055783195260803,-1.0063040608799856
168,16742,0.02602081559598446,0.0027508395723998547,0.006998099386692047,1.0570117629468614,-1.0049701317548925
169,16752,0.0272836871445179,0.004294914193451405,-0.0018333494663238525,1.0582220811697172,-1.0036547068806814
170,16762,0.02681560628116131,0.003376052714884281,-0.0019164793193340302,1.0577016069171106,-1.004070394354788
171,16772,0.026349492371082306,0.002382463775575161,-0.020064029842615128,1.0571832270538435,-1.0044842423116789
172,16782,0.024124842137098312,-0.001034777145832777,-0.011396247893571854,1.0549064708485159,-1.0066567865743192
173,16792,0.021929319947957993,-0.004321328364312649,-0.0027177929878234863,1.052659002694139,-1.008800362798223
174,16802,0.020644238218665123,-0.006280125584453344,-0.0029190927743911743,1.051322069970566,-1.0100335935332359
175,16812,0.0176408588886261,-0.01063782162964344,-0.0033954158425331116,1.0482669671628428,-1.0129852493855906
176,16822,0.013826709240674973,-0.016082551330327988,-0.003995351493358612,1.044401254105937,-1.0167478356245871
177,16832,0.010065682232379913,-0.02147090621292591,-0.022643528878688812,1.0405887912468885,-1.0204574267821287
178,16842,0.006357270292937756,-0.026714544743299484,-0.023207422345876694,1.0368290710339947,-1.0241145304481192
179,16852,0.0035537718795239925,-0.030568091198801994,-0.014583081007003784,1.0339744244812814,-1.0268668807222334
180,16862,0.0008184972684830427,-0.03427491709589958,-0.014974270015954971,1.031188096810134,-1.0295511022731678
181,16872,0.0006832752842456102,-0.03426540642976761,-0.014940645545721054,1.031001981941142,-1.0296354313726508
182,16882,0.0005521253915503621,-0.0342051163315773,-0.005873255431652069,1.0308200342775518,-1.029715783494451
183,16892,0.0004262498114258051,-0.03413790464401245,-0.005838356912136078,1.0306435211428933,-1.0297910215200416
184,16902,0.0011308747343719006,-0.03294476866722107,-0.014703594148159027,1.0312976036596713,-1.0290358541909275
185,16912,0.004417134914547205,-0.02817060798406601,-0.023157384246587753,1.0345334491434548,-1.0256991793143604
186,16922,0.006831807550042868,-0.024642623960971832,-0.01369255781173706,1.0368978022620923,-1.0232341871620065
187,16932,0.010039612650871277,-0.020086608827114105,-0.022173486649990082,1.0400554155901272,-1.0199761902883846
188,16942,0.010639547370374203,-0.01926717720925808,-0.022045407444238663,1.0406052862995763,-1.0193261915588279
189,16952,0.012939714826643467,-0.01606055535376072,-0.02164769172668457,1.0428555175271632,-1.0169760878738763
190,16962,0.014353419654071331,-0.014145327731966972,-0.02139671891927719,1.044219413925868,-1.0155125746177254
191,16972,0.014039934612810612,-0.014690038748085499,-0.021423842757940292,1.0438562157175,-1.0157763464918788
192,16982,0.012876532040536404,-0.016425661742687225,-0.021585125476121902,1.042643195253531,-1.0168901311724583
193,16992,0.01002003438770771,-0.020525388419628143,-0.022012196481227875,1.0397372401182348,-1.0196971713428193
194,17002,0.007203352637588978,-0.024515250697731972,-0.02242596447467804,1.036871228756411,-1.022464523481233
195,17012,0.007013810332864523,-0.024749230593442917,-0.02241690829396248,1.0366324196028494,-1.0226047989371203
196,17022,0.006827261298894882,-0.02497560903429985,-0.022407017648220062,1.0363967641859977,-1.022742241588208
197,17032,0.006618077401071787,-0.02523059956729412,-0.022400356829166412,1.0361385692617295,-1.022902414459586
198,17042,0.00729097006842494,-0.02423860877752304,-0.022254090756177902,1.0367625462726937,-1.0221806061358438
199,17052,0.007929740473628044,-0.023307308554649353,-0.022114932537078857,1.037352496405159,-1.021493015457903
200,17062,0.007706708740442991,-0.02360244281589985,-0.02211310714483261,1.0370807723673332,-1.0216673548864472
201,17072,0.007487243507057428,-0.02384353056550026,-0.013077091425657272,1.036812710243153,-1.0218382232290382
202,17082,0.007296753581613302,-0.02399551495909691,-0.004037134349346161,1.0365737188542758,-1.0219802116910492
203,17092,0.006255165673792362,-0.025344671681523323,-0.004162769764661789,1.0354837574993518,-1.0229734261517671
204,17102,0.005229496397078037,-0.026653578504920006,-0.00428365170955658,1.0344098428099153,-1.0239508500157593
205,17112,0.004219681490212679,-0.027922851964831352,-0.0043998658657073975,1.033351845385658,-1.0249124824052327
206,17122,0.0032006846740841866,-0.029188290238380432,-0.004515398293733597,1.0322847615363553,-1.025883392188187
207,17132,0.003050505882129073,-0.029212849214673042,-0.0044930800795555115,1.0320866237903998,-1.0259856120261417
208,17142,0.002929933601990342,-0.02919515036046505,-0.004466131329536438,1.0319181880702581,-1.0260583208662775
209,17152,0.001934949541464448,-0.030409347265958786,-0.004575550556182861,1.0308754360970556,-1.0270055370141267
210,17162,0.000955876661464572,-0.03158506006002426,-0.00468047708272934,1.0298486908450106,-1.0279369375220815
211,17172,-6.670539733022451e-06,-0.03272193670272827,-0.004780888557434082,1.028838599413295,-1.028851940492761
212,17182,-0.0009536693105474114,-0.033866703510284424,-0.013910174369812012,1.0278441519821382,-1.029751490603233
213,17192,-0.00018212024588137865,-0.032620370388031006,-0.022769872099161148,1.028568315379244,-1.0289325558710067
214,17202,0.00060824811225757,-0.03140828013420105,-0.03162969648838043,1.0293114262555427,-1.0280949300310276
215,17212,0.0005103228613734245,-0.03146274387836456,-0.03159594535827637,1.029166339132596,-1.0281456934098492
216,17222,-0.00043778904364444315,-0.03271351754665375,-0.031693655997514725,1.0281711283833428,-1.0290467064706317
217,17232,-0.0013716492103412747,-0.033927544951438904,-0.031787123531103134,1.0271902650054885,-1.029933563426171
218,17242,-0.0014131775824353099,-0.03382386267185211,-0.02270771935582161,1.027101829068426,-1.0299281842332966
219,17252,-0.0031583819072693586,-0.03612035885453224,-0.02292439341545105,1.025309845437461,-1.0316266092519997
220,17262,-0.004078026860952377,-0.03722406178712845,-0.023010149598121643,1.0243435168529464,-1.0324995705748512
221,17272,-0.005808080546557903,-0.03945416584610939,-0.023218780755996704,1.0225668752248387,-1.0341830363179545
222,17282,-0.0066874646581709385,-0.040457092225551605,-0.023293036967515945,1.0216409988720576,-1.0350159281883995
223,17292,-0.010082561522722244,-0.044988662004470825,-0.023751825094223022,1.0181994728751906,-1.0383645959206351
224,17302,-0.010896623134613037,-0.04578208178281784,-0.014774244278669357,1.0173390778553189,-1.039132324124545
225,17312,-0.011695525608956814,-0.04649866372346878,-0.005793098360300064,1.0164939377102695,-1.0398849889281832
226,17322,-0.012479165568947792,-0.04718416929244995,-0.0058416686952114105,1.0156641232199015,-1.040622454357797
227,17332,-0.010665200650691986,-0.04424862563610077,-0.014525320380926132,1.0174320419792675,-1.0387624432806515
228,17342,-0.008873440325260162,-0.04142717272043228,-0.02321719378232956,1.0191778193089815,-1.0369246999595019
229,17352,-0.008806189522147179,-0.04102476313710213,-0.01411130279302597,1.019199215516502,-1.0368115945607963
230,17362,-0.007860525511205196,-0.039390914142131805,-0.013904549181461334,1.020099088117781,-1.0358201391401913
231,17372,-0.0078016649931669235,-0.039026252925395966,-0.013835445046424866,1.0201122530376707,-1.0357155830240046
232,17382,-0.006889186799526215,-0.03746465593576431,-0.013637222349643707,1.0209791314574563,-1.0347575050565088
233,17392,-0.007664338685572147,-0.038298267871141434,-0.013697825372219086,1.0201584756346018,-1.0354871530057461
234,17402,-0.008426026441156864,-0.039101772010326385,-0.013755057007074356,1.0193513471705118,-1.0362034000528255
235,17412,-0.009174560196697712,-0.03992084413766861,-0.022841230034828186,1.0185574685660688,-1.0369065889594642
236,17422,-0.00991023238748312,-0.04071081429719925,-0.022891908884048462,1.0177765147743236,-1.0375969795492899
237,17432,-0.011484665796160698,-0.042670395225286484,-0.0230681411921978,1.0161569282725593,-1.0391262598648807
238,17442,-0.011356133036315441,-0.04220789670944214,-0.02298405021429062,1.016240371209702,-1.0389526372823328
239,17452,-0.01207838673144579,-0.042993009090423584,-0.03206225857138634,1.015473123599227,-1.0396298970621185
240,17462,-0.010260283015668392,-0.04019337520003319,-0.031723231077194214,1.017246329319617,-1.0377668953509538
241,17472,-0.008465582504868507,-0.03746281936764717,-0.031392309814691544,1.0189962277675613,-1.0359273927772983
242,17482,-0.006694294512271881,-0.0348004475235939,-0.031069371849298477,1.0207227770094704,-1.0341113660340142
243,17492,-0.004946639761328697,-0.032250553369522095,-0.039787501096725464,1.0224257563301655,-1.032319035852823
244,17502,-0.0023717712610960007,-0.028614724054932594,-0.04838564619421959,1.0249560780003484,-1.0296996205225404
245,17512,0.0010451031848788261,-0.02379663847386837,-0.03879713639616966,1.0283284363217196,-1.026238229951962
246,17522,0.004413745831698179,-0.01910887286067009,-0.03825686499476433,1.0316526588305222,-1.0228251671671258
247,17532,0.006883069407194853,-0.015746809542179108,-0.037858687341213226,1.034077690907023,-1.0203115520926334
248,17542,0.006759864278137684,-0.016074545681476593,-0.03785328567028046,1.0339102576518615,-1.0203905290955861
249,17552,0.005813077557832003,-0.017511069774627686,-0.028937142342329025,1.0329193714721074,-1.0212932163564434
250,17562,0.006580974441021681,-0.016472207382321358,-0.01976313814520836,1.033643167002329,-1.0204812181202856
251,17572,0.007337607908993959,-0.01546245627105236,-0.0196257121860981,1.0343558278059262,-1.0196806119879382
252,17582,0.008083228021860123,-0.014436231926083565,-0.010459359735250473,1.0350575386655771,-1.018891082621857
253,17592,0.008818083442747593,-0.013438294641673565,-0.010328523814678192,1.0357485809009193,-1.018112414015424
254,17602,0.009542191401124,-0.012468253262341022,-0.010200906544923782,1.0364289064541836,-1.0173445236519356
255,17612,0.010255592875182629,-0.011525693349540234,-0.010076452046632767,1.0370986542609724,-1.016587468510607
256,17622,0.010958321392536163,-0.010610206983983517,-0.009955108165740967,1.0377578252127777,-1.0158411824277054
257,17632,0.013326192274689674,-0.0073653291910886765,-0.009588845074176788,1.0400822019894116,-1.0134298174400322
258,17642,0.013984035700559616,-0.00656668096780777,-0.009480543434619904,1.0406966147778558,-1.0127285433767366
259,17652,0.014631353318691254,-0.005793030373752117,-0.009375091642141342,1.0413005978913938,-1.0120378912540113
260,17662,0.013541924767196178,-0.007470704615116119,-0.009527076035737991,1.0401679309803111,-1.0130840814459188
261,17672,0.013291450217366219,-0.007991775870323181,-0.01858597621321678,1.039874314228048,-1.0132914137933156
262,17682,0.013043578714132309,-0.008502108976244926,-0.018610496073961258,1.0395833313700549,-1.0134961739417903
263,17692,0.012797417119145393,-0.00904795154929161,-0.027666203677654266,1.0392941872583858,-1.013699353020095
264,17702,0.012552563101053238,-0.00962933711707592,-0.03672086074948311,1.0390064142508033,-1.0139012880486968
265,17712,0.01406229380518198,-0.0077367257326841354,-0.036484938114881516,1.0404733221655023,-1.0123487345551383
266,17722,0.014672217890620232,-0.0071779293939471245,-0.04541805386543274,1.0410404543410925,-1.011696018559852
267,17732,0.01699681766331196,-0.004261121153831482,-0.05410003662109375,1.0433223910902418,-1.009328755763618
268,17742,0.020108995959162712,-0.0002751625142991543,-0.05363825336098671,1.0463919699269817,-1.0061739780086563
269,17752,0.02317364700138569,0.0036372703034430742,-0.04415560141205788,1.049414085082441,-1.0030667910796696
270,17762,0.025341825559735298,0.00623927591368556,-0.04384414479136467,1.05153982400596,-1.0008561728864893
271,17772,0.028350071981549263,0.010032948106527328,-0.03438210114836693,1.0545056943837898,-0.9978055504206913
272,17782,0.032136350870132446,0.014870629645884037,-0.0338449589908123,1.0582496608271141,-0.9939769590868492
273,17792,0.034165456891059875,0.01726628467440605,-0.015504758805036545,1.0602365506850968,-0.9919056369029771
274,17802,0.035337261855602264,0.018426401540637016,-0.015359349548816681,1.061366203103831,-0.9906916793926264
275,17812,0.036487799137830734,0.019541727378964424,-0.015218865126371384,1.0624746514652286,-0.9894990531895671
276,17822,0.03761722147464752,0.020613055676221848,-0.015083208680152893,1.0635620811937643,-0.9883276382444692
277,17832,0.038725901395082474,0.021686336025595665,-0.005920033901929855,1.0646288648302948,-0.9871770620401299
278,17842,0.03811204060912132,0.020326046273112297,-0.006040140986442566,1.063973204096608,-0.9877491228783652
279,17852,0.03835413604974747,0.020186079666018486,-0.006034385412931442,1.0641735305699886,-0.9874652584704937
280,17862,0.038588158786296844,0.020036790519952774,-0.006029598414897919,1.064365913378757,-0.9871895958061634
281,17872,0.03793623670935631,0.018645258620381355,-0.006152443587779999,1.0636724150564378,-0.9877999416377252
282,17882,0.03558722510933876,0.014933353289961815,0.0025153756141662598,1.0612818909011879,-0.9901074406825103
283,17892,0.03241729736328125,0.010072278790175915,-0.00699567049741745,1.0580705142977775,-0.993235919571215
284,17902,0.030163530260324478,0.00656158197671175,-0.007334228605031967,1.055775394733423,-0.995448334212774
285,17912,0.02793821506202221,0.0031369230709969997,-0.007663298398256302,1.0535087907896703,-0.9976323606656259
286,17922,0.025741416960954666,-0.00020274636335670948,-0.007983017712831497,1.0512707676667965,-0.9997879337448872
287,17932,0.02437260001897812,-0.0023358771577477455,-0.008178874850273132,1.0498607894343421,-1.001115589396386
288,17942,0.022195644676685333,-0.005665397271513939,-0.026552636176347733,1.0476427692361792,-1.0032514798828085
289,17952,0.02177160046994686,-0.0064897737465798855,-0.026604991406202316,1.0471777566197635,-1.0036345556798698
290,17962,0.02050171233713627,-0.008490712381899357,-0.02677704393863678,1.045866963836816,-1.0048635391625436
291,17972,0.02092205174267292,-0.008092066273093224,-0.026704657822847366,1.0462464623593868,-1.004402358874041
292,17982,0.02133525349199772,-0.007708351127803326,-0.026633936911821365,1.0466188870005368,-1.0039483800165414
293,17992,0.022617293521761894,-0.006064720451831818,-0.01740778237581253,1.0478602464066424,-1.0026256593631186
294,18002,0.023003607988357544,-0.005654944106936455,-0.00831078365445137,1.0482059440421714,-1.0021987280654563
295,18012,0.023383403196930885,-0.0052146208472549915,0.0007846057415008545,1.0485452189245557,-1.0017784125306939
296,18022,0.024633191525936127,-0.003558618016541004,0.0009697228670120239,1.0497545507377004,-1.0004881676858282
297,18032,0.02416565641760826,-0.004334712401032448,0.0009085312485694885,1.0492466229313955,-1.000915310096179
298,18042,0.024526948109269142,-0.003937100991606712,0.0009660348296165466,1.0495676511676437,-1.0005137549491054
299,18052,0.025731155648827553,-0.0024062562733888626,-0.007889900356531143,1.050731691799736,-0.9992693805020809
300,18062,0.026916828006505966,-0.0009212316945195198,-0.0077185556292533875,1.0518771956758575,-0.9980435396628455
301,18072,0.028084026649594307,0.0005186718190088868,-0.007552094757556915,1.0530043224003476,-0.996836269101159
302,18082,0.028383638709783554,0.0007223409484140575,-0.007510364055633545,1.053263926402537,-0.9964966489829699
303,18092,0.02867862954735756,0.0009170657722279429,-0.0074696168303489685,1.0535190057651502,-0.9961617466704351
304,18102,0.028966886922717094,0.0010102989617735147,-0.025496475398540497,1.0537673828274068,-0.9958336089819726
305,18112,0.028370611369609833,-9.37954755499959e-05,-0.01654846966266632,1.0531313235617026,-0.9963901008224829
306,18122,0.028656046837568283,5.4036034271121025e-05,-0.016508009284734726,1.0533770719288214,-0.9960649782536848
307,18132,0.028935009613633156,0.0001910851278807968,-0.016468707472085953,1.0536164115069937,-0.9957463922797274
308,18142,0.027508433908224106,-0.0021113373804837465,-0.02570221573114395,1.0521502765140527,-0.9971334086976045
309,18152,0.026099052280187607,-0.004359248094260693,-0.025896679610013962,1.0507013995162473,-0.9985032949558721
310,18162,0.023857994005084038,-0.007744336035102606,-0.02620430290699005,1.04842090979653,-1.000704921786362
311,18172,0.02249508909881115,-0.009852850809693336,-0.026383984833955765,1.0470186373781791,-1.0020284591805568
312,18182,0.020325299352407455,-0.013065500184893608,-0.026673343032598495,1.0448096422385986,-1.0041590435337837
313,18192,0.019831521436572075,-0.013884619809687138,-0.026723839342594147,1.0442766901567824,-1.0046136472836382
314,18202,0.02022034488618374,-0.013454610481858253,-0.026650000363588333,1.0446264034000232,-1.0041857136276557
315,18212,0.01977846771478653,-0.014195196330547333,-0.026692621409893036,1.0441454799891914,-1.0045885445596183
316,18222,0.019341645762324333,-0.014918714761734009,-0.026733461767435074,1.0436697412341918,-1.004986449709543
317,18232,0.01890990510582924,-0.015625350177288055,-0.026772551238536835,1.0431991477616849,-1.0053793375500264
318,18242,0.0193319171667099,-0.015124974772334099,-0.026691973209381104,1.0435823382665572,-1.0049185039331374
319,18252,0.019747089594602585,-0.014640436507761478,-0.02661312371492386,1.0439587858720858,-1.0044646066828806
320,18262,0.020979387685656548,-0.013015923090279102,-0.026421699672937393,1.0451524231491152,-1.003193647777802
321,18272,0.021344732493162155,-0.012628212571144104,-0.026352833956480026,1.0454792366332049,-1.0027897716468805
322,18282,0.02167821303009987,-0.012289974838495255,-0.02628898248076439,1.0457741843969968,-1.002417758336797
323,18292,0.022031234577298164,-0.011928463354706764,-0.026222962886095047,1.046088769941069,-1.0020263007864727
324,18302,0.02237798646092415,-0.011580186896026134,-0.026158373802900314,1.0463971171200928,-1.0016411441982445
325,18312,0.02271850034594536,-0.01124491821974516,-0.0260951928794384,1.0466993230874038,-1.001262322395513
326,18322,0.023875325918197632,-0.009769121184945107,-0.025919996201992035,1.0478179375397005,-1.0000672857033053
327,18332,0.025014422833919525,-0.008337190374732018,-0.02574944868683815,1.048918854654331,-0.998890008986492
328,18342,0.02531343325972557,-0.008101587183773518,-0.02569662779569626,1.0491798148396647,-0.9985529483202136
329,18352,0.0264547411352396,-0.006687854416668415,-0.025528408586978912,1.050283136555178,-0.9973736542846987
330,18362,0.02675543539226055,-0.006426012143492699,-0.016444556415081024,1.0505459414883123,-0.9970350707037912
331,18372,0.02866990864276886,-0.0038600903935730457,-0.007139764726161957,1.0524224912629196,-0.9950826739773819
332,18382,0.030608758330345154,-0.0012933677062392235,-0.006868623197078705,1.0543235470734544,-0.9931060304127641
333,18392,0.03169526904821396,4.512420855462551e-05,-0.00671796128153801,1.0553723280232212,-0.9919817899267933
334,18402,0.03191675618290901,0.00019855963182635605,0.002344626933336258,1.0555561822591848,-0.9917226698933668
335,18412,0.031259991228580475,-0.0008809458231553435,0.0022547245025634766,1.0548618485316361,-0.9923418660744752
336,18422,0.030610935762524605,-0.0019353774841874838,0.002167433500289917,1.0541752884249322,-0.992953416899883
337,18432,0.029944993555545807,-0.0029995315708220005,0.0020793676376342773,1.0534719384738702,-0.9935819513627786
338,18442,0.028463542461395264,-0.0052374727092683315,-0.007151436060667038,1.0519531437846887,-0.9950260588618982
339,18452,0.02867273800075054,-0.005076427012681961,-0.007115695625543594,1.0521250598850875,-0.9947795838835864
340,18462,0.028054360300302505,-0.006077130325138569,-0.007192734628915787,1.0514694669087685,-0.9953607463081635
341,18472,0.029960861429572105,-0.003526083193719387,-0.006925366818904877,1.0533387841705408,-0.9934170613113966
342,18482,0.03183934465050697,-0.0010474924929440022,-0.006665527820587158,1.0551802132244754,-0.9915015239234615
343,18492,0.033715151250362396,0.0013502469519153237,-0.015441887080669403,1.057019029843754,-0.9895887273430293
344,18502,0.0347144678235054,0.002488625468686223,-0.015308205038309097,1.0579814533949687,-0.9885525177479579
345,18792,0.03666102886199951,-0.0033498709090054035,-0.024197109043598175,1.0588873847569602,-0.9855653270329612
346,18802,0.031604066491127014,-0.010667134076356888,-0.024857908487319946,1.053795589659337,-0.9905874566770829
347,18812,0.027489610016345978,-0.016568966209888458,-0.025384560227394104,1.049646332071641,-0.994667112038949
348,18822,0.023431619629263878,-0.022314198315143585,-0.02589554339647293,1.0455536049906766,-0.9986903657321489
349,18832,0.019430039450526237,-0.027904950082302094,-0.026391100138425827,1.041517352543658,-1.0026572736426056
350,18842,0.015432121232151985,-0.03341706469655037,-0.026878375560045242,1.0374848264891605,-1.0066205840248565
351,18852,0.012364807538688183,-0.03755419701337814,-0.027236096560955048,1.0343830022035767,-1.0096533871262003
352,18862,0.01018748339265585,-0.04039125144481659,-0.027471624314785004,1.0321712319128742,-1.0117962651275625
353,18872,0.00804384145885706,-0.04314371198415756,-0.0276988185942173,1.0299932082883723,-1.0139055253706581
354,18882,0.005932732950896025,-0.04581429809331894,-0.027917955070734024,1.0278477825501802,-1.0159823166483881
355,18892,0.003854042384773493,-0.04840424656867981,-0.02812916785478592,1.0257348064110827,-1.0180267216415357
356,18902,0.0009610478300601244,-0.052099503576755524,-0.028442945331335068,1.0228076235654566,-1.0208855279053364
357,18912,-0.0018878619885072112,-0.055684369057416916,-0.028745871037244797,1.0199245571239945,-1.023700281101009
358,18922,-0.0021517290733754635,-0.05551500618457794,-0.010642144829034805,1.0196265979004262,-1.0239300560471771
359,18932,-0.002406664192676544,-0.0553351491689682,-0.010602965950965881,1.019337667947167,-1.0241509963325202
360,18942,-0.003473498858511448,-0.05629345774650574,-0.010669488459825516,1.018236902946648,-1.025183900663671
361,18952,-0.003699499648064375,-0.05606252700090408,-0.010625619441270828,1.0179770691443797,-1.0253760684405084
362,18962,-0.003917020279914141,-0.05582254007458687,-0.010580994188785553,1.0177257471967456,-1.0255597877565739
363,18972,-0.004126202315092087,-0.05557382479310036,-0.01053563877940178,1.0174827955458605,-1.0257352001760447
364,18982,-0.00432698056101799,-0.055271539837121964,-0.0014563873410224915,1.017248312206971,-1.025902273329007
365,18992,-0.004519283305853605,-0.0549611821770668,-0.0014096759259700775,1.0170224017189042,-1.0260609683306114
366,19002,-0.00470258854329586,-0.05464213341474533,-0.0013622492551803589,1.0168055532758924,-1.0262107303624841
367,19012,-0.004877961240708828,-0.05436084419488907,-0.01034647598862648,1.0165967347396843,-1.026352657221102
368,19022,-0.0033508921042084694,-0.05170154199004173,-0.010079436004161835,1.0180903569422464,-1.0247921411506633
