,ts,acc_x,acc_y,acc_z
0,0.0,0,0,0
1,0.01,0,0,0
2,0.02,0,0,0
3,0.03,-1,0,0
4,0.04,0,0,0
5,0.05,0,0,0
6,0.06,0,0,0
7,0.07,-1,0,0
8,0.08,0,0,0
9,0.09,-1,0,0
10,0.1,-1,0,0
11,0.11,0,0,0
12,0.12,0,0,0
13,0.13,-1,0,0
14,0.14,-1,0,0
15,0.15,0,0,0
16,0.16,0,0,0
17,0.17,0,0,0
18,0.18,0,0,0
19,0.19,0,0,0
20,0.2,0,0,0
21,0.21,0,0,0
22,0.22,0,0,0
23,0.23,0,0,0
24,0.24,0,0,0
25,0.25,0,0,0
26,0.26,0,0,0
27,0.27,-1,0,0
28,0.28,0,0,0
29,0.29,0,0,0
30,0.3,0,0,0
31,0.31,0,0,0
32,0.32,0,0,0
33,0.33,0,0,0
34,0.34,0,0,0
35,0.35,0,0,0
36,0.36,0,0,0
37,0.37,-1,0,0
38,0.38,0,0,0
39,0.39,0,0,0
40,0.4,0,0,0
41,0.41,0,0,0
42,0.42,0,0,0
43,0.43,0,0,0
44,0.44,0,0,0
45,0.45,0,0,0
46,0.46,-1,0,0
47,0.47,0,0,0
48,0.48,0,0,0
49,0.49,0,0,0
50,0.5,0,0,0
51,0.9,0,0,0
52,0.91,-1,0,0
53,0.92,0,0,0
54,0.93,0,0,0
55,0.94,0,0,0
56,1.29,0,0,0
57,1.3,0,0,0
58,1.31,-1,0,0
59,1.32,0,0,0
60,1.33,0,0,0
61,1.34,0,0,0
62,1.35,0,0,0
63,1.36,0,0,0
64,1.37,0,0,0
65,1.38,0,0,0
66,1.39,-1,0,0
67,1.4,0,0,0
68,1.41,0,0,0
69,1.42,0,0,0
70,1.43,0,0,0
71,1.44,0,0,0
72,1.45,0,0,0
73,1.46,0,0,0
74,1.47,0,0,0
75,1.48,0,0,0
76,1.49,0,0,0
77,1.5,0,0,0
78,1.51,-1,0,0
79,1.52,-1,0,0
80,1.53,0,0,0
81,1.54,0,0,0
82,1.55,0,0,0
83,1.56,0,0,0
84,1.57,0,0,0
85,1.58,0,0,0
86,1.59,0,0,0
87,1.6,0,0,0
88,1.61,0,0,0
89,1.62,0,0,0
90,1.63,0,0,0
91,1.64,0,0,0
92,1.65,0,0,0
93,1.66,0,0,0
94,1.67,0,0,0
95,1.68,0,0,0
96,1.69,0,0,0
97,1.7,0,0,0
98,1.71,0,0,0
99,1.72,0,0,0
100,1.73,0,0,0
101,1.74,0,0,0
102,1.75,-1,0,0
103,1.76,0,0,0
104,1.77,0,0,0
105,1.78,0,0,0
106,1.79,-1,0,0
107,1.8,0,0,0
108,1.81,0,0,0
109,1.82,0,0,0
110,1.83,0,0,0
111,1.84,-1,0,0
112,1.85,0,0,0
113,1.86,0,0,0
114,1.87,0,0,0
115,1.88,0,0,0
116,1.89,0,0,0
117,1.9,0,0,0
118,1.91,0,0,0
119,1.92,-1,0,0
120,1.93,0,0,0
121,1.94,0,0,0
122,1.95,-1,0,0
123,1.96,0,0,0
124,1.97,0,0,0
125,1.98,0,0,0
126,1.99,0,0,0
127,2.0,-1,0,0
128,2.01,0,0,0
129,2.02,0,0,0
130,2.03,0,0,0
131,2.04,0,0,0
132,2.05,0,0,0
133,2.06,-1,0,0
134,2.07,0,0,0
135,2.08,0,0,0
136,2.09,0,0,0
137,2.1,0,0,0
138,2.11,0,0,0
139,2.12,0,0,0
140,2.13,0,0,0
141,2.14,0,0,0
142,2.15,0,0,0
143,2.16,0,0,0
144,2.17,0,0,0
145,2.18,0,0,0
146,2.19,0,0,0
147,2.2,0,0,0
148,2.21,0,0,0
149,2.22,0,0,0
150,2.23,0,0,0
151,2.24,-1,0,0
152,2.25,0,0,0
153,2.26,-1,0,0
154,2.27,0,0,0
155,2.28,0,0,0
156,2.29,-1,0,0
157,2.3,0,0,0
158,2.31,-1,0,0
159,2.32,0,0,0
160,2.33,0,0,0
161,2.34,-1,0,0
162,2.35,0,0,0
163,2.36,0,0,0
164,2.37,0,0,0
165,2.38,-1,0,0
166,2.39,0,0,0
167,2.4,0,0,0
168,2.41,-1,0,0
169,2.42,0,0,0
170,2.43,-1,0,0
171,2.44,0,0,0
172,2.45,0,0,0
173,2.46,0,0,0
174,2.47,0,0,0
175,2.48,0,0,0
176,2.49,0,0,0
177,2.5,0,0,0
178,2.51,-1,0,0
179,2.52,0,0,0
180,2.53,0,0,0
181,2.54,0,0,0
182,2.55,0,0,0
183,2.56,0,0,0
184,2.57,0,0,0
185,2.58,0,0,0
186,2.59,0,0,0
187,2.6,0,0,0
188,2.61,0,0,0
189,2.62,0,0,0
190,2.63,0,0,0
191,2.64,0,0,0
192,2.65,-1,0,0
193,2.66,0,0,0
194,2.67,0,0,0
195,2.68,-1,0,0
196,2.69,0,0,0
197,2.7,0,0,0
198,2.71,0,0,0
199,2.72,0,0,0
200,2.73,0,0,0
201,2.74,0,0,0
202,2.75,0,0,0
203,2.76,-1,0,0
204,2.77,0,0,0
205,2.78,0,0,0
206,2.79,0,0,0
207,2.8,0,0,0
208,2.81,0,0,0
209,2.82,0,0,0
210,2.83,0,0,0
211,2.84,-1,0,0
212,2.85,0,0,0
213,2.86,0,0,0
214,2.87,0,0,0
215,2.88,0,0,0
216,2.89,0,0,0
217,2.9,0,0,0
218,2.91,0,0,0
219,2.92,0,0,0
220,2.93,0,0,0
221,2.94,0,0,0
222,2.95,0,0,0
223,2.96,0,0,0
224,2.97,0,0,0
225,2.98,0,0,0
226,2.99,0,0,0
227,3.0,-1,0,0
228,3.01,0,0,0
229,3.02,0,0,0
230,3.03,0,0,0
231,3.04,0,0,0
232,3.05,0,0,0
233,3.06,0,0,0
234,3.07,0,0,0
235,3.08,-1,0,0
236,3.09,-1,0,0
237,3.1,0,0,0
238,3.11,0,0,0
239,3.12,0,0,0
240,3.13,0,0,0
241,3.14,0,0,0
242,3.15,0,0,0
243,3.16,-1,0,0
244,3.17,0,0,0
245,3.18,0,0,0
246,3.19,0,0,0
247,3.2,0,0,0
248,3.21,0,0,0
249,3.22,0,0,0
250,3.23,0,0,0
251,3.24,0,0,0
252,3.25,0,0,0
253,3.26,-1,0,0
254,3.27,0,0,0
255,3.28,0,0,0
256,3.29,-1,0,0
257,3.3,0,0,0
258,3.31,0,0,0
259,3.32,0,0,0
260,3.33,0,0,0
261,3.34,-1,0,0
262,3.35,0,0,0
263,3.36,0,0,0
264,3.37,0,0,0
265,3.38,0,0,0
266,3.39,-1,0,0
267,3.4,0,0,0
268,3.41,0,0,0
269,3.42,0,0,0
270,3.43,0,0,0
271,3.44,-1,0,0
272,3.45,0,0,0
273,3.46,0,0,0
274,3.47,0,0,0
275,3.48,-1,0,0
276,3.49,0,0,0
277,3.5,0,0,0
278,3.51,-1,0,0
279,3.52,0,0,0
280,3.53,0,0,0
281,3.54,0,0,0
282,3.55,0,0,0
283,3.56,0,0,0
284,3.57,0,0,0
285,3.58,0,0,0
286,3.59,-1,0,0
287,3.6,-1,0,0
288,3.61,0,0,0
289,3.62,-1,0,0
290,3.63,0,0,0
291,3.64,0,0,0
292,3.65,0,0,0
293,3.66,0,0,0
294,3.67,0,0,0
295,3.68,0,0,0
296,3.69,0,0,0
297,3.7,0,0,0
298,3.71,0,0,0
299,3.72,0,0,0
300,3.73,-1,0,0
301,3.74,-1,0,0
302,3.75,0,0,0
303,3.76,0,0,0
304,3.77,0,0,0
305,3.78,0,0,0
306,3.79,0,0,0
307,3.8,0,0,0
308,3.81,0,0,0
309,3.82,0,0,0
310,3.83,-1,0,0
311,3.84,0,0,0
312,3.85,0,0,0
313,3.86,-1,0,0
314,3.87,0,0,0
315,3.88,0,0,0
316,3.89,0,0,0
317,3.9,0,0,0
318,3.91,0,0,0
319,3.92,0,0,0
320,3.93,0,0,0
321,3.94,0,0,0
322,3.95,0,0,0
323,3.96,0,0,0
324,3.97,0,0,0
325,3.98,0,0,0
326,3.99,0,0,0
327,4.0,0,0,0
328,4.01,0,0,0
329,4.02,0,0,0
330,4.03,0,0,0
331,4.04,0,0,0
332,4.05,0,0,0
333,4.06,0,0,0
334,4.07,0,0,0
335,4.08,-1,0,0
336,4.09,0,0,0
337,4.1,-1,0,0
338,4.11,-1,0,0
339,4.12,0,0,0
340,4.13,-1,0,0
341,4.14,0,0,0
342,4.15,0,0,0
343,4.16,0,0,0
344,4.17,0,0,0
345,4.18,0,0,0
346,4.19,0,0,0
347,4.2,0,0,0
348,4.21,0,0,0
349,4.22,0,0,0
350,4.23,0,0,0
351,4.24,0,0,0
352,4.25,0,0,0
353,4.26,0,0,0
354,4.27,0,0,0
355,4.28,0,0,0
356,4.29,0,0,0
357,4.3,-1,0,0
358,4.31,-1,0,0
359,4.32,-1,0,0
360,4.33,0,0,0
361,4.34,0,0,0
362,4.35,0,0,0
363,4.36,0,0,0
364,4.37,0,0,0
365,4.38,0,0,0
366,4.39,0,0,0
367,4.4,0,0,0
368,4.41,-1,0,0
369,4.42,-1,0,0
370,4.43,-1,0,0
371,4.44,0,0,0
372,4.45,0,0,0
373,4.46,0,0,0
374,4.47,-1,0,0
375,4.48,0,0,0
376,4.49,-1,0,0
377,4.5,0,0,0
378,4.51,-1,0,0
379,4.52,0,0,0
380,4.53,0,0,0
381,4.54,-1,0,0
382,4.55,0,0,0
383,4.56,0,0,0
384,4.57,0,0,0
385,4.58,-1,0,0
386,4.59,0,0,0
387,4.6,-1,0,0
388,4.61,0,0,0
389,4.62,-1,0,0
390,4.63,-1,0,0
391,4.64,-1,0,0
392,4.65,-1,0,0
393,4.66,0,0,0
394,4.67,-1,0,0
395,4.68,0,0,0
396,4.69,0,0,0
397,4.7,0,0,0
398,4.71,-1,0,0
399,4.72,-1,0,0
400,4.73,-1,0,0
401,4.74,0,0,0
402,4.75,-1,0,0
403,4.76,0,0,0
404,4.77,0,0,0
405,4.78,0,0,0
406,4.79,0,0,0
407,4.8,0,0,0
408,4.81,0,0,0
409,4.82,0,0,0
410,4.83,0,0,0
411,4.84,0,0,0
412,4.85,0,0,0
413,4.86,0,0,0
414,4.87,0,0,0
415,4.88,0,0,0
416,4.89,-1,0,0
417,4.9,-1,0,0
418,4.91,0,0,0
419,4.92,-1,0,0
420,4.93,0,0,0
421,4.94,0,0,0
422,4.95,0,0,0
423,4.96,0,0,0
424,4.97,-1,0,0
425,4.98,-1,0,0
426,4.99,0,0,0
427,5.0,0,0,0
428,5.01,0,0,0
429,5.02,0,0,0
430,5.03,0,0,0
431,5.04,-1,0,0
432,5.05,0,0,0
433,5.06,0,0,0
434,5.07,0,0,0
435,5.08,0,0,0
436,5.09,0,0,0
437,5.1,0,0,0
438,5.11,0,0,0
439,5.12,0,0,0
440,5.13,0,0,0
441,5.14,0,0,0
442,5.15,0,0,0
443,5.16,0,0,0
444,5.17,0,0,0
445,5.18,0,0,0
446,5.19,0,0,0
447,5.2,0,0,0
448,5.21,0,0,0
449,5.22,-1,0,0
450,5.23,0,0,0
451,5.24,0,0,0
452,5.25,0,0,0
453,5.26,0,0,0
454,5.27,0,0,0
455,5.28,0,0,0
456,5.29,0,0,0
457,5.3,0,0,0
458,5.31,0,0,0
459,5.32,0,0,0
460,5.33,0,0,0
461,5.34,0,-1,0
462,5.35,0,0,0
463,5.36,0,0,0
464,5.37,0,-1,0
465,5.38,-1,-1,0
466,5.39,0,0,0
467,5.4,0,-1,0
468,5.41,-1,-1,0
469,5.42,0,-1,0
470,5.43,0,-1,0
471,5.44,-1,-1,0
472,5.45,0,-1,0
473,5.46,0,-1,0
474,5.47,0,-1,0
475,5.48,0,-1,0
476,5.49,0,-1,0
477,5.5,0,-1,0
478,5.51,0,-1,0
479,5.52,0,-1,0
480,5.53,0,-1,0
481,5.54,0,-1,0
482,5.55,0,-1,0
483,5.56,0,-1,0
484,5.57,0,-1,0
485,5.58,0,-1,0
486,5.59,0,-1,0
487,5.6,0,-1,0
488,5.61,0,-1,0
489,5.62,0,-1,0
490,5.63,-1,-1,0
491,5.64,0,-1,0
492,5.65,0,-1,0
493,5.66,0,-1,0
494,5.67,-1,-1,0
495,5.68,0,-1,0
496,5.69,0,-1,0
497,5.7,-1,-1,0
498,5.71,0,-1,0
499,5.72,-1,-1,0
500,5.73,0,-1,0
501,5.74,0,-1,0
502,5.75,0,-1,0
503,5.76,0,-1,0
504,5.77,0,-1,0
505,5.78,-1,-1,0
506,5.79,-1,-1,0
507,5.8,-1,-1,0
508,5.81,-1,-1,0
509,5.82,-1,-1,0
510,5.83,-1,-1,0
511,5.84,-1,-1,0
512,5.85,0,-1,0
513,5.86,-1,-1,0
514,5.87,-1,-1,0
515,5.88,-1,-1,0
516,5.89,-1,-1,0
517,5.9,-1,-1,0
518,5.91,-1,-1,0
519,5.92,-1,-1,0
520,5.93,-1,-1,0
521,5.94,-1,-1,0
522,5.95,-1,-1,0
523,5.96,-1,-1,0
524,5.97,-1,-1,0
525,5.98,-1,-1,0
526,5.99,-1,-1,0
527,6.0,-1,-1,0
528,6.01,-1,-1,0
529,6.02,-1,-1,0
530,6.03,-1,-1,0
531,6.04,-1,-1,0
532,6.05,-1,-1,0
533,6.06,-1,-1,0
534,6.07,-1,-1,0
535,6.08,-1,-1,0
536,6.09,-1,-1,0
537,6.1,-1,-1,0
538,6.11,-1,-1,0
539,6.12,-1,-1,0
540,6.13,-1,-1,0
541,6.14,-1,-1,0
542,6.15,-1,-1,0
543,6.16,-1,-1,0
544,6.17,-1,-1,0
545,6.18,-1,-1,0
546,6.19,-1,-1,0
547,6.2,-1,-1,0
548,6.21,-1,-1,0
549,6.22,-1,-1,0
550,6.23,-1,-1,0
551,6.24,0,-1,0
552,6.25,-1,-1,0
553,6.26,-1,-1,0
554,6.27,-1,-1,0
555,6.28,-1,-1,0
556,6.29,-1,-1,0
557,6.3,-1,-1,0
558,6.31,-1,-1,0
559,6.32,-1,-1,0
560,6.33,-1,-1,0
561,6.34,-1,-1,0
562,6.35,-1,-1,0
563,6.36,-1,-1,0
564,6.37,-1,-1,0
565,6.38,-1,-1,0
566,6.39,-1,-1,0
567,6.4,-1,-1,0
568,6.41,0,-1,0
569,6.42,-1,-1,0
570,6.43,-1,-1,0
571,6.44,-1,-1,0
572,6.45,-1,-1,0
573,6.46,-1,-1,0
574,6.47,-1,-1,0
575,6.48,-1,-1,0
576,6.49,0,-1,0
577,6.5,-1,-1,0
578,6.51,-1,-1,0
579,6.52,-1,-1,0
580,6.53,-1,-1,0
581,6.54,-1,-1,0
582,6.55,-1,-1,0
583,6.56,-1,-1,0
584,6.57,0,-1,0
585,6.58,-1,-1,0
586,6.59,-1,-1,0
587,6.6,-1,-1,0
588,6.61,-1,-1,0
589,6.62,-1,-1,0
590,6.63,-1,-1,0
591,6.64,-1,-1,0
592,6.65,-1,-1,0
593,6.66,-1,-1,0
594,6.67,-1,-1,0
595,6.68,-1,-1,0
596,6.69,-1,-1,0
597,6.7,-1,-1,0
598,6.71,-1,-1,0
599,6.72,-1,-1,0
600,6.73,-1,-1,0
601,6.74,-1,-1,0
602,6.75,-1,-1,0
603,6.76,-1,-1,0
604,6.77,-1,-1,0
605,6.78,-1,-1,0
606,6.79,0,-1,0
607,6.8,-1,-1,0
608,6.81,-1,-1,0
609,6.82,-1,-1,0
610,6.83,-1,-1,0
611,6.84,0,-1,0
612,6.85,0,-1,0
613,6.86,-1,-1,0
614,6.87,0,-1,0
615,6.88,-1,-1,0
616,6.89,-1,-1,0
617,6.9,0,-1,0
618,6.91,0,-1,0
619,6.92,-1,0,0
620,6.93,-1,0,0
621,6.94,0,0,0
622,6.95,0,-1,0
623,6.96,0,-1,0
624,6.97,-1,-1,0
625,6.98,0,-1,0
626,6.99,-1,-1,0
627,7.0,0,0,0
628,7.01,-1,0,0
629,7.02,-1,0,0
630,7.03,0,0,0
631,7.04,-1,0,0
632,7.05,-1,0,0
633,7.06,-1,0,0
634,7.07,-1,0,0
635,7.08,0,0,0
636,7.09,-1,0,0
637,7.1,-1,0,0
638,7.11,0,0,0
639,7.12,-1,0,0
640,7.13,-1,0,0
641,7.14,0,0,0
642,7.15,0,0,0
643,7.16,0,0,0
644,7.17,0,0,0
645,7.18,-1,0,0
646,7.19,0,0,0
647,7.2,-1,0,0
648,7.21,0,0,0
649,7.22,0,0,0
650,7.23,-1,1,0
651,7.24,-1,0,0
652,7.25,0,1,0
653,7.26,0,1,0
654,7.27,0,1,0
655,7.28,0,0,0
656,7.29,-1,0,0
657,7.3,0,0,0
658,7.31,-1,0,0
659,7.32,-1,0,0
660,7.33,0,0,0
661,7.34,0,1,0
662,7.35,-1,1,0
663,7.36,0,1,0
664,7.37,0,1,0
665,7.38,0,1,0
666,7.39,0,1,0
667,7.4,0,1,0
668,7.41,0,1,0
669,7.42,0,1,0
670,7.43,0,1,0
671,7.44,0,1,0
672,7.45,0,1,0
673,7.46,0,1,0
674,7.47,0,1,0
675,7.48,0,1,0
676,7.49,0,1,0
677,7.5,0,1,0
678,7.51,0,1,0
679,7.52,0,1,0
680,7.53,0,1,0
681,7.54,0,1,0
682,7.55,0,1,0
683,7.56,0,1,0
684,7.57,0,1,0
685,7.58,0,1,0
686,7.59,0,1,0
687,7.6,0,1,0
688,7.61,0,1,0
689,7.62,0,1,0
690,7.63,0,1,0
691,7.64,0,1,0
692,7.65,0,1,0
693,7.66,0,1,0
694,7.67,0,1,0
695,7.68,0,1,0
696,7.69,0,1,0
697,7.7,0,1,0
698,7.71,0,1,0
699,7.72,0,1,0
700,7.73,0,1,0
701,7.74,0,1,0
702,7.75,0,1,0
703,7.76,0,1,0
704,7.77,0,1,0
705,7.78,0,1,0
706,7.79,0,1,0
707,7.8,0,1,0
708,7.81,0,1,0
709,7.82,0,1,0
710,7.83,0,1,0
711,7.84,0,1,0
712,7.85,0,1,0
713,7.86,0,1,0
714,7.87,0,1,0
715,7.88,0,1,0
716,7.89,0,1,0
717,7.9,0,1,0
718,7.91,0,1,0
719,7.92,0,1,0
720,7.93,0,1,0
721,7.94,0,1,0
722,7.95,0,1,0
723,7.96,0,1,0
724,7.97,-1,1,0
725,7.98,-1,1,0
726,7.99,0,1,0
727,8.0,-1,1,0
728,8.01,0,1,0
729,8.02,0,1,0
730,8.03,0,1,0
731,8.04,0,1,0
732,8.05,0,1,0
733,8.06,0,1,0
734,8.07,0,1,0
735,8.08,0,1,0
736,8.09,0,1,0
737,8.1,0,1,0
738,8.11,0,1,0
739,8.12,0,1,0
740,8.13,0,1,0
741,8.14,0,1,0
742,8.15,-1,1,0
743,8.16,0,1,0
744,8.17,0,1,0
745,8.18,0,1,0
746,8.19,0,1,0
747,8.2,0,1,0
748,8.21,0,1,0
749,8.22,0,1,0
750,8.23,0,1,0
751,8.24,0,1,0
752,8.25,0,1,0
753,8.26,-1,1,0
754,8.27,-1,0,0
755,8.28,0,0,0
756,8.29,-1,0,0
757,8.3,0,0,0
758,8.31,0,0,0
759,8.32,-1,1,0
760,8.33,-1,1,0
761,8.34,-1,0,0
762,8.35,-1,0,0
763,8.36,-1,0,0
764,8.37,-1,0,0
765,8.38,-1,0,0
766,8.39,-1,0,0
767,8.4,-1,0,0
768,8.41,-1,0,0
769,8.42,-1,0,0
770,8.43,-1,0,0
771,8.44,-1,0,0
772,8.45,-1,0,0
773,8.46,-1,0,0
774,8.47,-1,0,0
775,8.48,-1,0,0
776,8.49,-1,0,0
777,8.5,-1,0,0
778,8.51,-1,0,0
779,8.52,-1,0,0
780,8.53,-1,0,0
781,8.54,-1,0,0
782,8.55,-1,-1,0
783,8.56,-1,-1,0
784,8.57,-1,-1,0
785,8.58,-1,-1,0
786,8.59,-1,-1,0
787,8.6,-1,-1,0
788,8.61,-1,-1,0
789,8.62,-1,-1,0
790,8.63,-1,-1,0
791,8.64,-1,0,0
792,8.65,-1,-1,0
793,8.66,-1,-1,0
794,8.67,-1,-1,0
795,8.68,-1,-1,0
796,8.69,-1,-1,0
797,8.7,-1,-1,0
798,8.71,-1,-1,0
799,8.72,-1,-1,0
800,8.73,-1,-1,0
801,8.74,-1,-1,0
802,8.75,-1,-1,0
803,8.76,-1,-1,0
804,8.77,-1,-1,0
805,8.78,-1,-1,0
806,8.79,-1,-1,0
807,8.8,-1,-1,0
808,8.81,-1,-1,0
809,8.82,-1,-1,0
810,8.83,-1,-1,0
811,8.84,-1,-1,0
812,8.85,-1,-1,0
813,8.86,-1,-1,0
814,8.87,-1,-1,0
815,8.88,-1,-1,0
816,8.89,-1,-1,0
817,8.9,-1,-1,0
818,8.91,-1,-1,0
819,8.92,-1,-1,0
820,8.93,-1,-1,0
821,8.94,-1,-1,0
822,8.95,-1,-1,0
823,8.96,-1,-1,0
824,8.97,-1,-1,0
825,8.98,-1,-1,0
826,8.99,-1,-1,0
827,9.0,-1,-1,0
828,9.01,-1,-1,0
829,9.02,-1,-1,0
830,9.03,-1,-1,0
831,9.04,-1,-1,0
832,9.05,-1,-1,0
833,9.06,-1,-1,0
834,9.07,-1,-1,0
835,9.08,0,-1,0
836,9.09,-1,-1,0
837,9.1,-1,-1,0
838,9.11,-1,-1,0
839,9.12,-1,-1,0
840,9.13,-1,-1,0
841,9.14,-1,-1,0
842,9.15,-1,-1,0
843,9.16,-1,-1,0
844,9.17,-1,-1,0
845,9.18,-1,-1,0
846,9.19,-1,-1,0
847,9.2,-1,-1,0
848,9.21,-1,-1,0
849,9.22,-1,-1,0
850,9.23,-1,-1,0
851,9.24,-1,-1,0
852,9.25,-1,-1,0
853,9.26,-1,-1,0
854,9.27,-1,-1,0
855,9.28,-1,-1,0
856,9.29,-1,-1,0
857,9.3,-1,-1,0
858,9.31,-1,-1,0
859,9.32,-1,-1,0
860,9.33,-1,-1,0
861,9.34,-1,-1,0
862,9.35,-1,-1,0
863,9.36,-1,-1,0
864,9.37,-1,-1,0
865,9.38,-1,-1,0
866,9.39,-1,-1,0
867,9.4,-1,-1,0
868,9.41,-1,-1,0
869,9.42,-1,-1,0
870,9.43,-1,-1,0
871,9.44,-1,-1,0
872,9.45,-1,-1,0
873,9.46,-1,-1,0
874,9.47,-1,-1,0
875,9.48,-1,-1,0
876,9.49,-1,-1,0
877,9.5,-1,-1,0
878,9.51,-1,-1,0
879,9.52,-1,-1,0
880,9.53,-1,-1,0
881,9.54,-1,-1,0
882,9.55,-1,-1,0
883,9.56,-1,-1,0
884,9.57,-1,-1,0
885,9.58,-1,-1,0
886,9.59,-1,-1,0
887,9.6,-1,-1,0
888,9.61,-1,-1,0
889,9.62,-1,-1,0
890,9.63,-1,-1,0
891,9.64,-1,-1,0
892,9.65,-1,-1,0
893,9.66,-1,-1,0
894,9.67,-1,-1,0
895,9.68,-1,-1,0
896,9.69,-1,-1,0
897,9.7,-1,-1,0
898,9.71,-1,-1,0
899,9.72,-1,-1,0
900,9.73,-1,0,0
901,9.74,-1,-1,0
902,9.75,-1,-1,0
903,9.76,-1,-1,0
904,9.77,-1,-1,0
905,9.78,-1,-1,0
906,9.79,-1,-1,0
907,9.8,-1,-1,0
908,9.81,-1,-1,0
909,9.82,-1,-1,0
910,9.83,-1,-1,0
911,9.84,-1,-1,0
912,9.85,-1,-1,0
913,9.86,-1,-1,0
914,9.87,-1,-1,0
915,9.88,-1,-1,0
916,9.89,-1,-1,0
917,9.9,-1,-1,0
918,9.91,-1,-1,0
919,9.92,-1,0,0
920,9.93,-1,0,0
921,9.94,-1,0,0
922,9.95,-1,0,0
923,9.96,-1,0,0
924,9.97,-1,0,0
925,9.98,-1,0,0
926,9.99,-1,0,0
927,10.0,-1,0,0
928,10.01,-1,0,0
929,10.02,-1,0,0
930,10.03,-1,0,0
931,10.04,-1,0,0
932,10.05,0,0,0
933,10.06,0,0,0
934,10.07,0,0,0
935,10.08,0,0,0
936,10.09,0,-1,0
937,10.1,0,0,0
938,10.11,0,0,0
939,10.12,0,0,0
940,10.13,0,0,0
941,10.14,0,0,0
942,10.15,0,0,0
943,10.16,0,0,0
944,10.17,0,0,0
945,10.18,0,0,0
946,10.19,0,0,0
947,10.2,0,0,0
948,10.21,0,0,0
949,10.22,0,0,0
950,10.23,0,0,0
951,10.24,0,0,0
952,10.25,0,0,0
953,10.26,0,0,0
954,10.27,0,0,0
955,10.28,0,0,0
956,10.29,0,0,0
957,10.3,0,0,0
958,10.31,0,0,0
959,10.32,0,0,0
960,10.33,0,0,0
961,10.34,1,0,0
962,10.35,0,0,0
963,10.36,0,0,0
964,10.37,0,0,0
965,10.38,0,0,0
966,10.39,0,0,0
967,10.4,0,0,0
968,10.41,1,0,0
969,10.42,1,0,0
970,10.43,1,0,0
971,10.44,1,0,0
972,10.45,1,0,0
973,10.46,1,0,0
974,10.47,1,0,0
975,10.48,1,0,0
976,10.49,1,0,0
977,10.5,1,0,0
978,10.51,1,0,0
979,10.52,1,0,0
980,10.53,1,0,0
981,10.54,1,0,0
982,10.55,1,0,0
983,10.56,1,0,0
984,10.57,1,1,0
985,10.58,1,0,0
986,10.59,1,0,0
987,10.6,1,0,0
988,10.61,1,0,0
989,10.62,1,0,0
990,10.63,1,0,0
991,10.64,1,1,0
992,10.65,1,1,0
993,10.66,1,1,0
994,10.67,0,1,0
995,10.68,1,0,0
996,10.69,0,1,0
997,10.7,1,1,0
998,10.71,1,1,0
999,10.72,1,1,0
1000,10.73,1,0,0
1001,10.74,1,1,0
1002,10.75,1,0,0
1003,10.76,1,0,0
1004,10.77,1,0,0
1005,10.78,1,0,0
1006,10.79,1,0,0
1007,10.8,1,0,0
1008,10.81,1,0,0
1009,10.82,1,0,0
1010,10.83,1,0,0
1011,10.84,1,0,0
1012,10.85,1,0,0
1013,10.86,1,0,0
1014,10.87,1,0,0
1015,10.88,1,0,0
1016,10.89,1,0,0
1017,10.9,1,0,0
1018,10.91,1,1,0
1019,10.92,1,1,0
1020,10.93,0,0,0
1021,10.94,0,1,0
1022,10.95,0,0,0
1023,10.96,1,0,0
1024,10.97,1,0,0
1025,10.98,1,0,0
1026,10.99,1,0,0
1027,11.0,1,0,0
1028,11.01,1,0,0
1029,11.02,1,0,0
1030,11.03,1,0,0
1031,11.04,1,0,0
1032,11.05,1,0,0
1033,11.06,1,0,0
1034,11.07,0,0,0
1035,11.08,0,0,0
1036,11.09,0,0,0
1037,11.1,1,0,0
1038,11.11,1,0,0
1039,11.12,0,0,0
1040,11.13,1,0,0
1041,11.14,0,0,0
1042,11.15,0,0,0
1043,11.16,0,0,0
1044,11.17,0,0,0
1045,11.18,0,0,0
1046,11.19,0,0,0
1047,11.2,0,0,0
1048,11.21,0,0,0
1049,11.22,0,0,0
1050,11.23,0,0,0
1051,11.24,0,0,0
1052,11.25,0,0,0
1053,11.26,0,0,0
1054,11.27,0,0,0
1055,11.28,-1,0,0
1056,11.29,0,0,0
1057,11.3,0,0,0
1058,11.31,-1,0,0
1059,11.32,-1,0,0
1060,11.33,-1,0,0
1061,11.34,-1,0,0
1062,11.35,-1,0,0
1063,11.36,-1,0,0
1064,11.37,-1,0,0
1065,11.38,-1,0,0
1066,11.39,-1,0,0
1067,11.4,-1,-1,0
1068,11.41,-1,-1,0
1069,11.42,-1,0,0
1070,11.43,-1,-1,0
1071,11.44,-1,0,0
1072,11.45,-1,-1,0
1073,11.46,-1,0,0
1074,11.47,-1,0,0
1075,11.48,-1,0,0
1076,11.49,-1,0,0
1077,11.5,-1,0,0
1078,11.51,-1,0,0
1079,11.52,-1,0,0
1080,11.53,-1,0,0
1081,11.54,-1,0,0
1082,11.55,-1,0,0
1083,11.56,-1,0,0
1084,11.57,-1,0,0
1085,11.58,-1,0,0
1086,11.59,-1,0,0
1087,11.6,-2,0,0
1088,11.61,-1,0,0
1089,11.62,-2,0,0
1090,11.63,-2,0,0
1091,11.64,-1,0,0
1092,11.65,-1,0,0
1093,11.66,-1,0,0
1094,11.67,-2,0,0
1095,11.68,-2,0,0
1096,11.69,-1,0,0
1097,11.7,-1,0,0
1098,11.71,-1,0,0
1099,11.72,-1,0,0
1100,11.73,-1,0,0
1101,11.74,-2,0,0
1102,11.75,-2,0,0
1103,11.76,-2,0,0
1104,11.77,-2,0,0
1105,11.78,-1,0,0
1106,11.79,-2,0,0
1107,11.8,-1,0,0
1108,11.81,-2,0,0
1109,11.82,-2,0,0
1110,11.83,-2,0,0
1111,11.84,-2,0,0
1112,11.85,-2,0,0
1113,11.86,-1,0,0
1114,11.87,-2,0,0
1115,11.88,-1,0,0
1116,11.89,-2,0,0
1117,11.9,-1,0,0
1118,11.91,-2,0,0
1119,11.92,-2,0,0
1120,11.93,-2,0,0
1121,11.94,-2,-1,0
1122,11.95,-2,0,0
1123,11.96,-2,0,0
1124,11.97,-2,0,0
1125,11.98,-2,0,0
1126,11.99,-2,-1,0
1127,12.0,-2,0,0
1128,12.01,-1,-1,0
1129,12.02,-1,0,0
1130,12.03,-1,0,0
1131,12.04,-1,-1,0
1132,12.05,-1,0,0
1133,12.06,-2,0,0
1134,12.07,-1,0,0
1135,12.08,-1,0,0
1136,12.09,-1,0,0
1137,12.1,-2,-1,0
1138,12.11,-1,0,0
1139,12.12,-1,-1,0
1140,12.13,-1,-1,0
1141,12.14,-1,-1,0
1142,12.15,-1,-1,0
1143,12.16,-2,-1,0
1144,12.17,-1,-1,0
1145,12.18,-1,-1,0
1146,12.19,-1,-1,0
1147,12.2,-1,-1,0
1148,12.21,-1,-1,0
1149,12.22,-1,-1,0
1150,12.23,-1,-1,0
1151,12.24,-1,-1,0
1152,12.25,-1,-1,0
1153,12.26,-1,-1,0
1154,12.27,-1,-1,0
1155,12.28,-1,-1,0
1156,12.29,-1,-1,0
1157,12.3,-1,-1,0
1158,12.31,-1,-1,0
1159,12.32,-1,-1,0
1160,12.33,-1,-1,0
1161,12.34,-1,-1,0
1162,12.35,-1,-1,0
1163,12.36,-1,-1,0
1164,12.37,-1,-1,0
1165,12.38,-1,-1,0
1166,12.39,-1,-1,0
1167,12.4,-1,-1,0
1168,12.41,-1,-1,0
1169,12.42,-1,-1,0
1170,12.43,-1,-1,0
1171,12.44,-1,-1,0
1172,12.45,0,-1,0
1173,12.46,-1,-1,0
1174,12.47,-1,-1,0
1175,12.48,0,-1,0
1176,12.49,-1,-1,0
1177,12.5,-1,-1,0
1178,12.51,-1,-1,0
1179,12.52,-1,-1,0
1180,12.53,-1,-1,0
1181,12.54,-1,-1,0
1182,12.55,-1,-1,0
1183,12.56,-1,-1,0
1184,12.57,-1,-1,0
1185,12.58,-1,-1,0
1186,12.59,-1,-1,0
1187,12.6,-1,-1,0
1188,12.61,-1,-1,0
1189,12.62,-1,-1,0
1190,12.63,0,-1,0
1191,12.64,-1,-1,0
1192,12.65,-1,-1,0
1193,12.66,-1,-1,0
1194,12.67,-1,-1,0
1195,12.68,-1,-1,0
1196,12.69,0,-1,0
1197,12.7,0,-1,0
1198,12.71,0,-1,0
1199,12.72,0,-1,0
1200,12.73,0,-1,0
1201,12.74,-1,-1,0
1202,12.75,0,-1,0
1203,12.76,-1,-1,0
1204,12.77,-1,-1,0
1205,12.78,-1,-1,0
1206,12.79,-1,-1,0
1207,12.8,0,-1,0
1208,12.81,-1,-1,0
1209,12.82,0,-1,0
1210,12.83,-1,-1,0
1211,12.84,-1,-1,0
1212,12.85,0,-1,0
1213,12.86,-1,-1,0
1214,12.87,0,-1,0
1215,12.88,0,-1,0
1216,12.89,-1,-1,0
1217,12.9,-1,-1,0
1218,12.91,-1,-1,0
1219,12.92,0,-1,0
1220,12.93,0,-1,0
1221,12.94,0,-1,0
1222,12.95,-1,-1,0
1223,12.96,-1,-1,0
1224,12.97,-1,-1,0
1225,12.98,-1,-1,0
1226,12.99,-1,-1,0
1227,13.0,-1,-1,0
1228,13.01,0,-1,0
1229,13.02,0,-1,0
1230,13.03,0,-1,0
1231,13.04,-1,-1,0
1232,13.05,0,-1,0
1233,13.06,0,-1,0
1234,13.07,-1,-1,0
1235,13.08,-1,-1,0
1236,13.09,-1,-1,0
1237,13.1,0,-1,0
1238,13.11,0,-1,0
1239,13.12,0,-1,0
1240,13.13,0,-1,0
1241,13.14,0,-1,0
1242,13.15,-1,-1,0
1243,13.16,0,-1,0
1244,13.17,0,-1,0
1245,13.18,0,-1,0
1246,13.19,-1,0,0
1247,13.2,0,0,0
1248,13.21,-1,0,0
1249,13.22,0,-1,0
1250,13.23,-1,-1,0
1251,13.24,-1,0,0
1252,13.25,0,-1,0
1253,13.26,0,-1,0
1254,13.27,0,-1,0
1255,13.28,-1,-1,0
1256,13.29,0,0,0
1257,13.3,0,0,0
1258,13.31,0,0,0
1259,13.32,0,0,0
1260,13.33,0,0,0
1261,13.34,0,0,0
1262,13.35,0,0,0
1263,13.36,0,0,0
1264,13.37,-1,0,0
1265,13.38,-1,0,0
1266,13.39,-1,0,0
1267,13.4,-1,0,0
1268,13.41,0,0,0
1269,13.42,-1,0,0
1270,13.43,-1,0,0
1271,13.44,-1,0,0
1272,13.45,-1,0,0
1273,13.46,-1,0,0
1274,13.47,-1,0,0
1275,13.48,0,0,0
1276,13.49,0,0,0
1277,13.5,0,0,0
1278,13.51,-1,0,0
1279,13.52,-1,0,0
1280,13.53,-1,0,0
1281,13.54,-1,0,0
1282,13.55,-1,0,0
1283,13.56,0,0,0
1284,13.57,-1,0,0
1285,13.58,-1,0,0
1286,13.59,-1,0,0
1287,13.6,-1,0,0
1288,13.61,-1,0,0
1289,13.62,-1,0,0
1290,13.63,-1,0,0
1291,13.64,-1,0,0
1292,13.65,-1,0,0
1293,13.66,-1,0,0
1294,13.67,-1,0,0
1295,13.68,-1,0,0
1296,13.69,-1,0,0
1297,13.7,-1,0,0
1298,13.71,-1,0,0
1299,13.72,-1,0,0
1300,13.73,-1,0,0
1301,13.74,-1,0,0
1302,13.75,-1,0,0
1303,13.76,-1,0,0
1304,13.77,-1,0,0
1305,13.78,-1,0,0
1306,13.79,-1,0,0
1307,13.8,-1,0,0
1308,13.81,-1,0,0
1309,13.82,-1,0,0
1310,13.83,-1,-1,0
1311,13.84,-1,-1,0
1312,13.85,-1,-1,0
1313,13.86,-1,-1,0
1314,13.87,-1,0,0
1315,13.88,-1,0,0
1316,13.89,-1,-1,0
1317,13.9,-1,-1,0
1318,13.91,-1,-1,0
1319,13.92,-1,-1,0
1320,13.93,-1,-1,0
1321,13.94,-1,-1,0
1322,13.95,-1,-1,0
1323,13.96,-1,-1,0
1324,13.97,-1,-1,0
1325,13.98,-1,-1,0
1326,13.99,-1,-1,0
1327,14.0,-1,-1,0
1328,14.01,-1,-1,0
1329,14.02,-1,-1,0
1330,14.03,-1,-1,0
1331,14.04,-1,-1,0
1332,14.05,0,-1,0
1333,14.06,-1,-1,0
1334,14.07,-1,-1,0
1335,14.08,-1,-1,0
1336,14.09,-1,-1,0
1337,14.1,-1,-1,0
1338,14.11,-1,-1,0
1339,14.12,-1,-1,0
1340,14.13,-1,-1,0
1341,14.14,0,-1,0
1342,14.15,0,-1,0
1343,14.16,0,-1,0
1344,14.17,0,-1,0
1345,14.18,0,-1,0
1346,14.19,0,-1,0
1347,14.2,0,-1,0
1348,14.21,0,0,0
1349,14.22,-1,0,0
1350,14.23,-1,-1,0
1351,14.24,-1,-1,0
1352,14.25,-1,-1,0
1353,14.26,-1,0,0
1354,14.27,0,0,0
1355,14.28,0,-1,0
1356,14.29,0,0,0
1357,14.3,0,0,0
1358,14.31,0,0,0
1359,14.32,-1,0,0
1360,14.33,-1,0,0
1361,14.34,-1,0,0
1362,14.35,-1,0,0
1363,14.36,0,0,0
1364,14.37,0,0,0
1365,14.38,0,0,0
1366,14.39,0,0,0
1367,14.4,0,0,0
1368,14.41,0,0,0
1369,14.42,0,0,0
1370,14.43,0,0,0
1371,14.44,0,0,0
1372,14.45,0,0,0
1373,14.46,0,0,0
1374,14.47,0,0,0
1375,14.48,0,0,0
1376,14.49,0,0,0
1377,14.5,0,0,0
1378,14.51,0,0,0
1379,14.52,0,0,0
1380,14.53,0,0,0
1381,14.54,0,0,0
1382,14.55,-1,0,0
1383,14.56,-1,0,0
1384,14.57,0,0,0
1385,14.58,0,0,0
1386,14.59,-1,0,0
1387,14.6,0,0,0
1388,14.61,-1,0,0
1389,14.62,0,0,0
1390,14.63,0,0,0
1391,14.64,0,0,0
1392,14.65,0,0,0
1393,14.66,0,0,0
1394,14.67,0,0,0
1395,14.68,0,0,0
1396,14.69,0,0,0
1397,14.7,0,0,0
1398,14.71,-1,0,0
1399,14.72,-1,0,0
1400,14.73,0,0,0
1401,14.74,-1,0,0
1402,14.75,-1,0,0
1403,14.76,-1,0,0
1404,14.77,0,0,0
1405,14.78,0,0,0
1406,14.79,0,0,0
1407,14.8,0,0,0
1408,14.81,0,0,0
1409,14.82,0,0,0
1410,14.83,-1,0,0
1411,14.84,0,0,0
1412,14.85,0,0,0
1413,14.86,-1,0,0
1414,14.87,-1,0,0
1415,14.88,0,0,0
1416,14.89,0,0,0
1417,14.9,0,0,0
1418,14.91,0,0,0
1419,14.92,0,0,0
1420,14.93,0,0,0
1421,14.94,0,0,0
1422,14.95,0,0,0
1423,14.96,0,0,0
1424,14.97,0,0,0
1425,14.98,0,0,0
1426,14.99,0,0,0
1427,15.0,0,0,0
1428,15.01,0,0,0
1429,15.02,0,0,0
1430,15.03,0,0,0
1431,15.04,0,0,0
1432,15.05,-1,0,0
1433,15.06,0,0,0
1434,15.07,0,0,0
1435,15.08,0,0,0
1436,15.09,0,0,0
1437,15.1,0,0,0
1438,15.11,0,0,0
1439,15.12,0,0,0
1440,15.13,0,0,0
1441,15.14,0,0,0
1442,15.15,0,0,0
1443,15.16,0,0,0
1444,15.17,0,0,0
1445,15.18,0,0,0
1446,15.19,0,0,0
1447,15.2,0,0,0
1448,15.21,0,0,0
1449,15.22,0,0,0
1450,15.23,0,0,0
1451,15.24,0,0,0
1452,15.25,0,0,0
1453,15.26,-1,0,0
1454,15.27,0,0,0
1455,15.28,0,0,0
1456,15.29,0,0,0
1457,15.3,0,0,0
1458,15.31,0,0,0
1459,15.32,0,0,0
1460,15.33,0,0,0
1461,15.34,0,0,0
1462,15.35,0,0,0
1463,15.36,0,0,0
1464,15.37,0,0,0
1465,15.38,0,0,0
1466,15.39,0,0,0
1467,15.4,0,0,0
1468,15.41,-1,0,0
1469,15.42,0,0,0
1470,15.43,0,0,0
1471,15.44,0,0,0
1472,15.45,0,0,0
1473,15.46,0,0,0
1474,15.47,0,0,0
1475,15.48,0,0,0
1476,15.49,0,0,0
1477,15.5,0,0,0
1478,15.51,0,0,0
1479,15.52,0,0,0
1480,15.53,0,0,0
1481,15.54,0,0,0
1482,15.55,0,0,0
1483,15.56,0,0,0
1484,15.57,0,0,0
1485,15.58,0,0,0
1486,15.59,0,0,0
1487,15.6,0,0,0
1488,15.61,0,0,0
1489,15.62,0,0,0
1490,15.63,-1,0,0
1491,15.64,0,0,0
1492,15.65,0,0,0
1493,15.66,-1,0,0
1494,15.67,0,0,0
1495,15.68,0,0,0
1496,15.69,0,0,0
1497,15.7,0,0,0
1498,15.71,0,0,0
1499,15.72,0,0,0
1500,15.73,0,0,0
1501,15.74,0,0,0
1502,15.75,0,0,0
1503,15.76,0,0,0
1504,15.77,0,0,0
1505,15.78,0,0,0
1506,15.79,0,0,0
1507,15.8,0,0,0
1508,15.81,0,0,0
1509,15.82,0,0,0
1510,15.83,0,0,0
1511,15.84,0,0,0
1512,15.85,0,0,0
1513,15.86,0,0,0
1514,15.87,0,0,0
1515,15.88,0,0,0
1516,15.89,0,0,0
1517,15.9,0,0,0
1518,15.91,0,0,0
1519,15.92,0,0,0
1520,15.93,0,0,0
1521,15.94,0,0,0
1522,15.95,0,0,0
1523,15.96,0,0,0
1524,15.97,0,0,0
1525,15.98,0,0,0
1526,15.99,0,0,0
1527,16.0,0,0,0
1528,16.01,0,0,0
1529,16.02,0,0,0
1530,16.03,0,0,0
1531,16.04,0,0,0
1532,16.05,0,0,0
1533,16.06,0,0,0
1534,16.07,0,0,0
1535,16.08,0,0,0
1536,16.09,0,0,0
1537,16.1,0,0,0
1538,16.11,0,0,0
1539,16.12,0,0,0
1540,16.13,0,0,0
1541,16.14,0,0,0
1542,16.15,0,0,0
1543,16.16,0,0,0
1544,16.17,0,0,0
1545,16.18,0,0,0
1546,16.19,-1,0,0
1547,16.2,0,0,0
1548,16.21,0,0,0
1549,16.22,0,0,0
1550,16.23,0,0,0
1551,16.24,0,0,0
1552,16.25,-1,0,0
1553,16.26,0,0,0
1554,16.27,0,0,0
1555,16.28,0,0,0
1556,16.29,-1,0,0
1557,16.3,0,0,0
1558,16.31,0,0,0
1559,16.32,0,0,0
1560,16.33,0,0,0
1561,16.34,0,0,0
1562,16.35,0,0,0
1563,16.36,0,0,0
1564,16.37,0,0,0
1565,16.38,0,0,0
1566,16.39,0,0,0
1567,16.4,0,0,0
1568,16.41,0,0,0
1569,16.42,0,0,0
1570,16.43,0,0,0
1571,16.44,0,0,0
1572,16.45,0,0,0
1573,16.46,0,0,0
1574,16.47,0,0,0
1575,16.48,0,0,0
1576,16.49,0,0,0
1577,16.5,0,0,0
1578,16.51,0,0,0
1579,16.52,0,0,0
1580,16.53,0,0,0
1581,16.54,0,0,0
1582,16.55,0,0,0
1583,16.56,0,0,0
1584,16.57,-1,0,0
1585,16.58,0,0,0
1586,16.59,0,0,0
1587,16.6,0,0,0
1588,16.61,-1,0,0
1589,16.62,0,0,0
1590,16.63,0,0,0
1591,16.64,0,0,0
1592,16.65,0,0,0
1593,16.66,0,0,0
1594,16.67,0,0,0
1595,16.68,0,0,0
1596,16.69,0,0,0
1597,16.7,0,0,0
1598,16.71,-1,0,0
1599,16.72,0,0,0
1600,16.73,-1,0,0
1601,16.74,0,0,0
1602,16.75,0,0,0
1603,16.76,0,0,0
1604,16.77,0,0,0
1605,16.78,0,0,0
1606,16.79,0,0,0
1607,16.8,0,0,0
1608,16.81,0,0,0
1609,16.82,0,0,0
1610,16.83,-1,0,0
1611,16.84,0,0,0
1612,16.85,0,0,0
1613,16.86,0,0,0
1614,16.87,0,0,0
1615,16.88,0,0,0
1616,16.89,0,0,0
1617,16.9,0,0,0
1618,16.91,0,0,0
1619,16.92,0,0,0
1620,16.93,0,0,0
1621,16.94,0,0,0
1622,16.95,0,0,0
1623,16.96,-1,0,0
1624,16.97,0,0,0
1625,16.98,0,0,0
1626,16.99,0,0,0
1627,17.0,0,0,0
1628,17.01,0,0,0
1629,17.02,0,0,0
1630,17.03,0,0,0
1631,17.04,-1,0,0
1632,17.05,0,0,0
1633,17.06,0,0,0
1634,17.07,-1,0,0
1635,17.08,-1,0,0
1636,17.09,0,0,0
1637,17.1,0,0,0
1638,17.11,-1,0,0
1639,17.12,0,0,0
1640,17.13,0,0,0
1641,17.14,0,0,0
1642,17.15,0,0,0
1643,17.16,0,0,0
1644,17.17,0,0,0
1645,17.18,0,0,0
1646,17.19,0,0,0
1647,17.2,-1,0,0
1648,17.21,0,0,0
1649,17.22,0,0,0
1650,17.23,0,0,0
1651,17.24,0,0,0
1652,17.25,0,0,0
1653,17.26,0,0,0
1654,17.27,0,0,0
1655,17.28,0,0,0
1656,17.29,0,0,0
1657,17.3,0,0,0
1658,17.31,0,0,0
1659,17.32,0,0,0
1660,17.33,0,0,0
1661,17.34,0,0,0
1662,17.35,0,0,0
1663,17.36,0,0,0
1664,17.37,0,0,0
1665,17.38,0,0,0
1666,17.39,0,0,0
1667,17.4,0,0,0
1668,17.41,0,0,0
1669,17.42,0,0,0
1670,17.43,0,0,0
1671,17.44,0,0,0
1672,17.45,0,0,0
1673,17.46,0,0,0
1674,17.47,0,0,0
1675,17.48,0,0,0
1676,17.49,0,0,0
1677,17.5,0,0,0
1678,17.51,-1,0,0
1679,17.52,0,0,0
1680,17.53,0,0,0
1681,17.54,0,0,0
1682,17.55,0,0,0
1683,17.56,0,0,0
1684,17.57,0,0,0
1685,17.58,0,0,0
1686,17.59,-1,0,0
1687,17.6,0,0,0
1688,17.61,0,0,0
1689,17.62,0,0,0
1690,17.63,-1,0,0
1691,17.64,0,0,0
1692,17.65,0,0,0
1693,17.66,0,0,0
1694,17.67,-1,0,0
1695,17.68,0,0,0
1696,17.69,0,0,0
1697,17.7,0,0,0
1698,17.71,0,0,0
1699,17.72,0,0,0
1700,17.73,0,0,0
1701,17.74,0,0,0
1702,17.75,0,0,0
1703,17.76,0,0,0
1704,17.77,0,0,0
1705,17.78,0,0,0
1706,17.79,0,0,0
1707,17.8,0,0,0
1708,17.81,0,0,0
1709,17.82,0,0,0
1710,17.83,0,0,0
1711,17.84,0,0,0
1712,17.85,0,0,0
1713,17.86,0,0,0
1714,17.87,0,0,0
1715,17.88,0,0,0
1716,17.89,0,0,0
1717,17.9,0,0,0
1718,17.91,0,0,0
1719,17.92,0,0,0
1720,17.93,-1,0,0
1721,17.94,0,0,0
1722,17.95,0,0,0
1723,17.96,-1,0,0
1724,17.97,0,0,0
1725,17.98,0,0,0
1726,17.99,0,0,0
1727,18.0,0,0,0
1728,18.01,-1,0,0
1729,18.02,-1,0,0
1730,18.03,-1,0,0
1731,18.04,0,0,0
1732,18.05,0,0,0
1733,18.06,0,0,0
1734,18.07,0,0,0
1735,18.08,0,0,0
1736,18.09,-1,0,0
1737,18.1,0,0,0
1738,18.11,0,0,0
1739,18.12,0,0,0
1740,18.13,0,0,0
1741,18.14,0,0,0
1742,18.15,0,0,0
1743,18.16,0,0,0
1744,18.17,0,0,0
1745,18.18,0,0,0
1746,18.19,0,0,0
1747,18.2,0,0,0
1748,18.21,0,0,0
1749,18.22,0,0,0
1750,18.23,0,0,0
1751,18.24,0,0,0
1752,18.25,-1,0,0
1753,18.26,0,0,0
1754,18.27,-1,0,0
1755,18.28,0,0,0
1756,18.29,0,0,0
1757,18.3,-1,0,0
1758,18.31,0,0,0
1759,18.32,-1,0,0
1760,18.33,0,0,0
1761,18.34,0,0,0
1762,18.35,-1,0,0
1763,18.36,0,0,0
1764,18.37,0,0,0
1765,18.38,0,0,0
1766,18.39,0,0,0
1767,18.4,0,0,0
1768,18.41,0,0,0
1769,18.42,0,0,0
1770,18.43,0,0,0
1771,18.44,0,0,0
1772,18.45,0,0,0
1773,18.46,0,0,0
1774,18.47,0,0,0
1775,18.48,0,0,0
1776,18.49,0,0,0
1777,18.5,0,0,0
1778,18.51,0,0,0
1779,18.52,0,0,0
1780,18.53,0,0,0
1781,18.54,0,0,0
1782,18.55,0,0,0
1783,18.56,0,0,0
1784,18.57,0,0,0
1785,18.58,-1,0,0
1786,18.59,0,0,0
1787,18.6,0,0,0
1788,18.61,0,0,0
1789,18.62,-1,0,0
1790,18.63,0,0,0
1791,18.64,0,0,0
1792,18.65,0,0,0
1793,18.66,-1,0,0
1794,18.67,0,0,0
1795,18.68,0,0,0
1796,18.69,0,0,0
1797,18.7,0,0,0
1798,18.71,0,0,0
1799,18.72,0,0,0
1800,18.73,0,0,0
1801,18.74,0,0,0
1802,18.75,0,0,0
1803,18.76,0,0,0
1804,18.77,0,0,0
1805,18.78,0,0,0
1806,18.79,0,0,0
1807,18.8,0,0,0
1808,18.81,0,0,0
1809,18.82,0,0,0
1810,18.83,0,0,0
1811,18.84,0,0,0
1812,18.85,-1,0,0
1813,18.86,0,0,0
1814,18.87,0,0,0
1815,18.88,0,0,0
1816,18.89,0,0,0
1817,18.9,0,0,0
1818,18.91,0,0,0
1819,18.92,0,0,0
1820,18.93,0,0,0
1821,18.94,0,0,0
1822,18.95,0,0,0
1823,18.96,0,0,0
1824,18.97,0,0,0
1825,18.98,0,0,0
1826,18.99,0,0,0
1827,19.0,0,0,0
1828,19.01,0,0,0
1829,19.02,0,0,0
1830,19.03,0,0,0
1831,19.04,-1,0,0
1832,19.05,0,0,0
1833,19.06,0,0,0
