,ts,imu_0,imu_1,imu_2,baro_0,baro_1,baro_2
0,46704,0,0,0,0,0,0
1,46714,0,0,0,0,0,0
2,46724,0,0,0,0,0,0
3,46734,0,0,0,0,0,0
4,46744,0,0,0,0,0,0
5,46754,0,0,0,0,0,0
6,46764,0,0,0,0,0,0
7,46774,0,0,0,0,0,0
8,46784,0,0,0,0,0,0
9,46794,0,0,0,0,0,0
10,46804,0,0,0,0,0,0
11,46814,0,0,0,0,0,0
12,46824,0,0,0,0,0,0
13,46834,0,0,0,0,0,0
14,46844,0,0,0,0,0,0
15,46854,0,0,0,0,0,0
16,46864,0,0,0,0,0,0
17,46874,0,0,0,0,0,0
18,46884,0,0,0,0,0,0
19,46894,0,0,0,0,0,0
20,46904,0,0,0,0,0,0
21,46914,0,0,0,0,0,0
22,46924,0,0,0,0,0,0
23,46934,0,0,0,0,0,0
24,46944,0,0,0,0,0,0
25,46954,0,0,0,0,0,0
26,46964,0,0,0,0,0,0
27,46974,0,0,0,0,0,0
28,46984,0,0,0,0,0,0
29,46994,0,0,0,0,0,0
30,47004,0,0,0,0,0,0
31,47014,0,0,0,0,0,0
32,47024,0,0,0,0,0,0
33,47034,0,0,0,0,0,0
34,47044,0,0,0,0,0,0
35,47054,0,0,0,0,0,0
36,47064,0,0,0,0,0,0
37,47074,0,0,0,0,0,0
38,47084,0,0,0,0,0,0
39,47094,0,0,0,0,0,0
40,47104,0,0,0,0,0,0
41,47114,0,0,0,0,0,0
42,47124,0,0,0,0,0,0
43,47134,0,0,0,0,0,0
44,47144,0,0,0,0,0,0
45,47154,0,0,0,0,0,0
46,47164,0,0,0,0,0,0
47,47174,0,0,0,0,0,0
48,47184,0,0,0,0,0,0
49,47194,0,0,0,0,0,0
50,47204,0,0,0,0,0,0
51,47214,0,0,0,0,0,0
52,47224,0,0,0,0,0,0
53,47234,0,0,0,0,0,0
54,47244,0,0,0,0,0,0
55,47254,0,0,0,0,0,0
56,47264,0,0,0,0,0,0
57,47274,0,0,0,0,0,0
58,47284,0,0,0,0,0,0
59,47294,0,0,0,0,0,0
60,47304,0,0,0,0,0,0
61,47314,0,0,0,0,0,0
62,47324,0,0,0,0,0,0
63,47334,0,0,0,0,0,0
64,47344,0,0,0,0,0,0
65,47354,0,0,0,0,0,0
66,47364,0,0,0,0,0,0
67,47374,0,0,0,0,0,0
68,47384,0,0,0,0,0,0
69,47394,0,0,0,0,0,0
70,47404,0,0,0,0,0,0
71,47414,0,0,0,0,0,0
72,47424,0,0,0,0,0,0
73,47434,0,0,0,0,0,0
74,47444,0,0,0,0,0,0
75,47454,0,0,0,0,0,0
76,47464,0,0,0,0,0,0
77,47474,0,0,0,0,0,0
78,47484,0,0,0,0,0,0
79,47494,0,0,0,0,0,0
80,47504,0,0,0,0,0,0
81,47514,0,0,0,0,0,0
82,47524,0,0,0,0,0,0
83,47534,0,0,0,0,0,0
84,47544,0,0,0,0,0,0
85,47554,0,0,0,0,0,0
86,47564,0,0,0,0,0,0
87,47574,0,0,0,0,0,0
88,47584,0,0,0,0,0,0
89,47594,0,0,0,0,0,0
90,47604,0,0,0,0,0,0
91,47614,0,0,0,0,0,0
92,47624,0,0,0,0,0,0
93,47634,0,0,0,0,0,0
94,47644,0,0,0,0,0,0
95,47654,0,0,0,0,0,0
96,47664,0,0,0,0,0,0
97,47674,0,0,0,0,0,0
98,47684,0,0,0,0,0,0
99,47694,0,0,0,0,0,0
100,47704,0,0,0,0,0,0
101,47714,0,0,0,0,0,0
102,47724,0,0,0,0,0,0
103,47734,0,0,0,0,0,0
104,47744,0,0,0,0,0,0
105,47754,0,0,0,0,0,0
106,47764,0,0,0,0,0,0
107,47774,0,0,0,0,0,0
108,47784,0,0,0,0,0,0
109,47794,0,0,0,0,0,0
110,47804,0,0,0,0,0,0
111,47814,0,0,0,0,0,0
112,47824,0,0,0,0,0,0
113,47834,0,0,0,0,0,0
114,47844,0,0,0,0,0,0
115,47854,0,0,0,0,0,0
116,47864,0,0,0,0,0,0
117,47874,0,0,0,0,0,0
118,47884,0,0,0,0,0,0
119,47894,0,0,0,0,0,0
120,47904,0,0,0,0,0,0
121,47914,0,0,0,0,0,0
122,47924,0,0,0,0,0,0
123,47934,0,0,0,0,0,0
124,47944,0,0,0,0,0,0
125,47954,0,0,0,0,0,0
126,47964,0,0,0,0,0,0
127,47974,0,0,0,0,0,0
128,47984,0,0,0,0,0,0
129,47994,0,0,0,0,0,0
130,48004,0,0,0,0,0,0
131,48014,0,0,0,0,0,0
132,48024,0,0,0,0,0,0
133,48034,0,0,0,0,0,0
134,48044,0,0,0,0,0,0
135,48054,0,0,0,0,0,0
136,48064,0,0,0,0,0,0
137,48074,0,0,0,0,0,0
138,48084,0,0,0,0,0,0
139,48094,0,0,0,0,0,0
140,48104,0,0,0,0,0,0
141,48114,0,0,0,0,0,0
142,48124,0,0,0,0,0,0
143,48134,0,0,0,0,0,0
144,48144,0,0,0,0,0,0
145,48154,0,0,0,0,0,0
146,48164,0,0,0,0,0,0
147,48174,0,0,0,0,0,0
148,48184,0,0,0,0,0,0
149,48194,0,0,0,0,0,0
150,48204,0,0,0,0,0,0
151,48214,0,0,0,0,0,0
152,48224,0,0,0,0,0,0
153,48234,0,0,0,0,0,0
154,48244,0,0,0,0,0,0
155,48254,0,0,0,0,0,0
156,48264,0,0,0,0,0,0
157,48274,0,0,0,0,0,0
158,48284,0,0,0,0,0,0
159,48294,0,0,0,0,0,0
160,48304,0,0,0,0,0,0
161,48314,0,0,0,0,0,0
162,48324,0,0,0,0,0,0
163,48334,0,0,0,0,0,0
164,48344,0,0,0,0,0,0
165,48354,0,0,0,0,0,0
166,48364,0,0,0,0,0,0
167,48374,0,0,0,0,0,0
168,48384,0,0,0,0,0,0
169,48394,0,0,0,0,0,0
170,48404,0,0,0,0,0,0
171,48414,0,0,0,0,0,0
172,48424,0,0,0,0,0,0
173,48434,0,0,0,0,0,0
174,48444,0,0,0,0,0,0
175,48454,0,0,0,0,0,0
176,48464,0,0,0,0,0,0
177,48474,0,0,0,0,0,0
178,48484,0,0,0,0,0,0
179,48494,0,0,0,0,0,0
180,48504,0,0,0,0,0,0
181,48514,0,0,0,0,0,0
182,48524,0,0,0,0,0,0
183,48534,0,0,0,0,0,0
184,48544,0,0,0,0,0,0
185,48554,0,0,0,0,0,0
186,48564,0,0,0,0,0,0
187,48574,0,0,0,0,0,0
188,48584,0,0,0,0,0,0
189,48594,0,0,0,0,0,0
190,48604,0,0,0,0,0,0
191,48614,0,0,0,0,0,0
192,48624,0,0,0,0,0,0
193,48634,0,0,0,0,0,0
194,48644,0,0,0,0,0,0
195,48654,0,0,0,0,0,0
196,48664,0,0,0,0,0,0
197,48674,0,0,0,0,0,0
198,48684,0,0,0,0,0,0
199,48694,0,0,0,0,0,0
200,48704,0,0,0,0,0,0
201,48714,0,0,0,0,0,0
202,48724,0,0,0,0,0,0
203,48734,0,0,0,0,0,0
204,48744,0,0,0,0,0,0
205,48754,0,0,0,0,0,0
206,48764,0,0,0,0,0,0
207,48774,0,0,0,0,0,0
208,48784,0,0,0,0,0,0
209,48794,0,0,0,0,0,0
210,48804,0,0,0,0,0,0
211,48814,0,0,0,0,0,0
212,48824,0,0,0,0,0,0
213,48834,0,0,0,0,0,0
214,48844,0,0,0,0,0,0
215,48854,0,0,0,0,0,0
216,48864,0,0,0,0,0,0
217,48874,0,0,0,0,0,0
218,48884,0,0,0,0,0,0
219,48894,0,0,0,0,0,0
220,48904,0,0,0,0,0,0
221,48914,0,0,0,0,0,0
222,48924,0,0,0,0,0,0
223,48934,0,0,0,0,0,0
224,48944,0,0,0,0,0,0
225,48954,0,0,0,0,0,0
226,48964,0,0,0,0,0,0
227,48974,0,0,0,0,0,0
228,48984,0,0,0,0,0,0
229,48994,0,0,0,0,0,0
230,49004,0,0,0,0,0,0
231,49014,0,0,0,0,0,0
232,49024,0,0,0,0,0,0
233,49034,0,0,0,0,0,0
234,49044,0,0,0,0,0,0
235,49054,0,0,0,0,0,0
236,49064,0,0,0,0,0,0
237,49074,0,0,0,0,0,0
238,49084,0,0,0,0,0,0
239,49094,0,0,0,0,0,0
240,49104,0,0,0,0,0,0
241,49114,0,0,0,0,0,0
242,49124,0,0,0,0,0,0
243,49134,0,0,0,0,0,0
244,49144,0,0,0,0,0,0
245,49154,0,0,0,0,0,0
246,49164,0,0,0,0,0,0
247,49174,0,0,0,0,0,0
248,49184,0,0,0,0,0,0
249,49194,0,0,0,0,0,0
250,49204,0,0,0,0,0,0
251,49214,0,0,0,0,0,0
252,49224,0,0,0,0,0,0
253,49234,0,0,0,0,0,0
254,49244,0,0,0,0,0,0
255,49254,0,0,0,0,0,0
256,49264,0,0,0,0,0,0
257,49274,0,0,0,0,0,0
258,49284,0,0,0,0,0,0
259,49294,0,0,0,0,0,0
260,49304,0,0,0,0,0,0
261,49314,0,0,0,0,0,0
262,49324,0,0,0,0,0,0
263,49334,0,0,0,0,0,0
264,49344,0,0,0,0,0,0
265,49354,0,0,0,0,0,0
266,49364,0,0,0,0,0,0
267,49374,0,0,0,0,0,0
268,49384,0,0,0,0,0,0
269,49394,0,0,0,0,0,0
270,49404,0,0,0,0,0,0
271,49414,0,0,0,0,0,0
272,49424,0,0,0,0,0,0
273,49434,0,0,0,0,0,0
274,49444,0,0,0,0,0,0
275,49454,0,0,0,0,0,0
276,49464,0,0,0,0,0,0
277,49474,0,0,0,0,0,0
278,49484,0,0,0,0,0,0
279,49494,0,0,0,0,0,0
280,49504,0,0,0,0,0,0
281,49514,0,0,0,0,0,0
282,49524,0,0,0,0,0,0
283,49534,0,0,0,0,0,0
284,49544,0,0,0,0,0,0
285,49554,0,0,0,0,0,0
286,49564,0,0,0,0,0,0
287,49574,0,0,0,0,0,0
288,49584,0,0,0,0,0,0
289,49594,0,0,0,0,0,0
290,49604,0,0,0,0,0,0
291,49614,0,0,0,0,0,0
292,49624,0,0,0,0,0,0
293,49634,0,0,0,0,0,0
294,49644,0,0,0,0,0,0
295,49654,0,0,0,0,0,0
296,49664,0,0,0,0,0,0
297,49674,0,0,0,0,0,0
298,49684,0,0,0,0,0,0
299,49694,0,0,0,0,0,0
300,49704,0,0,0,0,0,0
301,49714,0,0,0,0,0,0
302,49724,0,0,0,0,0,0
303,49734,0,0,0,0,0,0
304,49744,0,0,0,0,0,0
305,49754,0,0,0,0,0,0
306,49764,0,0,0,0,0,0
307,49774,0,0,0,0,0,0
308,49784,0,0,0,0,0,0
309,49794,0,0,0,0,0,0
310,49804,0,0,0,0,0,0
311,49814,0,0,0,0,0,0
312,49824,0,0,0,0,0,0
313,49834,0,0,0,0,0,0
314,49844,0,0,0,0,0,0
315,49854,0,0,0,0,0,0
316,49864,0,0,0,0,0,0
317,49874,0,0,0,0,0,0
318,49884,0,0,0,0,0,0
319,49894,0,0,0,0,0,0
320,49904,0,0,0,0,0,0
321,49914,0,0,0,0,0,0
322,49924,0,0,0,0,0,0
323,49934,0,0,0,0,0,0
324,49944,0,0,0,0,0,0
325,49954,0,0,0,0,0,0
326,49964,0,0,0,0,0,0
327,49974,0,0,0,0,0,0
328,49984,0,0,0,0,0,0
329,49994,0,0,0,0,0,0
330,50004,0,0,0,0,0,0
331,50014,0,0,0,0,0,0
332,50024,0,0,0,0,0,0
333,50034,0,0,0,0,0,0
334,50044,0,0,0,0,0,0
335,50054,0,0,0,0,0,0
336,50064,0,0,0,0,0,0
337,50074,0,0,0,0,0,0
338,50084,0,0,0,0,0,0
339,50094,0,0,0,0,0,0
340,50104,0,0,0,0,0,0
341,50114,0,0,0,0,0,0
342,50124,0,0,0,0,0,0
343,50134,0,0,0,0,0,0
344,50144,0,0,0,0,0,0
345,50154,0,0,0,0,0,0
346,50164,0,0,0,0,0,0
347,50174,0,0,0,0,0,0
348,50184,0,0,0,0,0,0
349,50194,0,0,0,0,0,0
350,50204,0,0,0,0,0,0
351,50214,0,0,0,0,0,0
352,50224,0,0,0,0,0,0
353,50234,0,0,0,0,0,0
354,50244,0,0,0,0,0,0
355,50254,0,0,0,0,0,0
356,50264,0,0,0,0,0,0
357,50274,0,0,0,0,0,0
358,50284,0,0,0,0,0,0
359,50294,0,0,0,0,0,0
360,50304,0,0,0,0,0,0
361,50314,0,0,0,0,0,0
362,50324,0,0,0,0,0,0
363,50334,0,0,0,0,0,0
364,50344,0,0,0,0,0,0
365,50354,0,0,0,0,0,0
366,50364,0,0,0,0,0,0
367,50374,0,0,0,0,0,0
368,50384,0,0,0,0,0,0
369,50394,0,0,0,0,0,0
370,50404,0,0,0,0,0,0
371,50414,0,0,0,0,0,0
372,50424,0,0,0,0,0,0
373,50434,0,0,0,0,0,0
374,50444,0,0,0,0,0,0
375,50454,0,0,0,0,0,0
376,50464,0,0,0,0,0,0
377,50474,0,0,0,0,0,0
378,50484,0,0,0,0,0,0
379,50494,0,0,0,0,0,0
380,50504,0,0,0,0,0,0
381,50514,0,0,0,0,0,0
382,50524,0,0,0,0,0,0
383,50534,0,0,0,0,0,0
384,50544,0,0,0,0,0,0
385,50554,0,0,0,0,0,0
386,50564,0,0,0,0,0,0
387,50574,0,0,0,0,0,0
388,50584,0,0,0,0,0,0
389,50594,0,0,0,0,0,0
390,50604,0,0,0,0,0,0
391,50614,0,0,0,0,0,0
392,50624,0,0,0,0,0,0
393,50634,0,0,0,0,0,0
394,50644,0,0,0,0,0,0
395,50654,0,0,0,0,0,0
396,50664,0,0,0,0,0,0
397,50674,0,0,0,0,0,0
398,50684,0,0,0,0,0,0
399,50694,0,0,0,0,0,0
400,50704,0,0,0,0,0,0
401,50714,0,0,0,0,0,0
402,50724,0,0,0,0,0,0
403,50734,0,0,0,0,0,0
404,50744,0,0,0,0,0,0
405,50754,0,0,0,0,0,0
406,50764,0,0,0,0,0,0
407,50774,0,0,0,0,0,0
408,50784,0,0,0,0,0,0
409,50794,0,0,0,0,0,0
410,50804,0,0,0,0,0,0
411,50814,0,0,0,0,0,0
412,50824,0,0,0,0,0,0
413,50834,0,0,0,0,0,0
414,50844,0,0,0,0,0,0
415,50854,0,0,0,0,0,0
416,50864,0,0,0,0,0,0
417,50874,0,0,0,0,0,0
418,50884,0,0,0,0,0,0
419,50894,0,0,0,0,0,0
420,50904,0,0,0,0,0,0
421,50914,0,0,0,0,0,0
422,50924,0,0,0,0,0,0
423,50934,0,0,0,0,0,0
424,50944,0,0,0,0,0,0
425,50954,0,0,0,0,0,0
426,50964,0,0,0,0,0,0
427,50974,0,0,0,0,0,0
428,50984,0,0,0,0,0,0
429,50994,0,0,0,0,0,0
430,51004,0,0,0,0,0,0
431,51014,0,0,0,0,0,0
432,51024,0,0,0,0,0,0
433,51034,0,0,0,0,0,0
434,51044,0,0,0,0,0,0
435,51054,0,0,0,0,0,0
436,51064,0,0,0,0,0,0
437,51074,0,0,0,0,0,0
438,51084,0,0,0,0,0,0
439,51094,0,0,0,0,0,0
440,51104,0,0,0,0,0,0
441,51114,0,0,0,0,0,0
442,51124,0,0,0,0,0,0
443,51134,0,0,0,0,0,0
444,51144,0,0,0,0,0,0
445,51154,0,0,0,0,0,0
446,51164,0,0,0,0,0,0
447,51174,0,0,0,0,0,0
448,51184,0,0,0,0,0,0
449,51194,0,0,0,0,0,0
450,51204,0,0,0,0,0,0
451,51214,0,0,0,0,0,0
452,51224,0,0,0,0,0,0
453,51234,0,0,0,0,0,0
454,51244,0,0,0,0,0,0
455,51254,0,0,0,0,0,0
456,51264,0,0,0,0,0,0
457,51274,0,0,0,0,0,0
458,51284,0,0,0,0,0,0
459,51294,0,0,0,0,0,0
460,51304,0,0,0,0,0,0
461,51314,0,0,0,0,0,0
462,51324,0,0,0,0,0,0
463,51334,0,0,0,0,0,0
464,51344,0,0,0,0,0,0
465,51354,0,0,0,0,0,0
466,51364,0,0,0,0,0,0
467,51374,0,0,0,0,0,0
468,51384,0,0,0,0,0,0
469,51394,0,0,0,0,0,0
470,51404,0,0,0,0,0,0
471,51414,0,0,0,0,0,0
472,51424,0,0,0,0,0,0
473,51434,0,0,0,0,0,0
474,51444,0,0,0,0,0,0
475,51454,0,0,0,0,0,0
476,51464,0,0,0,0,0,0
477,51474,0,0,0,0,0,0
478,51484,0,0,0,0,0,0
479,51494,0,0,0,0,0,0
480,51504,0,0,0,0,0,0
481,51514,0,0,0,0,0,0
482,51524,0,0,0,0,0,0
483,51534,0,0,0,0,0,0
484,51544,0,0,0,0,0,0
485,51554,0,0,0,0,0,0
486,51564,0,0,0,0,0,0
487,51574,0,0,0,0,0,0
488,51584,0,0,0,0,0,0
489,51594,0,0,0,0,0,0
490,51604,0,0,0,0,0,0
491,51614,0,0,0,0,0,0
492,51624,0,0,0,0,0,0
493,51634,0,0,0,0,0,0
494,51644,0,0,0,0,0,0
495,51654,0,0,0,0,0,0
496,51664,0,0,0,0,0,0
497,51674,0,0,0,0,0,0
498,51684,0,0,0,0,0,0
499,51694,0,0,0,0,0,0
500,51704,0,0,0,0,0,0
501,51714,0,0,0,0,0,0
502,51724,0,0,0,0,0,0
503,51734,0,0,0,0,0,0
504,51744,0,0,0,0,0,0
505,51754,0,0,0,0,0,0
506,51764,0,0,0,0,0,0
507,51774,0,0,0,0,0,0
508,51784,0,0,0,0,0,0
509,51794,0,0,0,0,0,0
510,51804,0,0,0,0,0,0
511,51814,0,0,0,0,0,0
512,51824,0,0,0,0,0,0
513,51834,0,0,0,0,0,0
514,51844,0,0,0,0,0,0
515,51854,0,0,0,0,0,0
516,51864,0,0,0,0,0,0
517,51874,0,0,0,0,0,0
518,51884,0,0,0,0,0,0
519,51894,0,0,0,0,0,0
520,51904,0,0,0,0,0,0
521,51914,0,0,0,0,0,0
522,51924,0,0,0,0,0,0
523,51934,0,0,0,0,0,0
524,51944,0,0,0,0,0,0
525,51954,0,0,0,0,0,0
526,51964,0,0,0,0,0,0
527,51974,0,0,0,0,0,0
528,51984,0,0,0,0,0,0
529,51994,0,0,0,0,0,0
530,52004,0,0,0,0,0,0
531,52014,0,0,0,0,0,0
532,52024,0,0,0,0,0,0
533,52034,0,0,0,0,0,0
534,52044,0,0,0,0,0,0
535,52054,0,0,0,0,0,0
536,52064,0,0,0,0,0,0
537,52074,0,0,0,0,0,0
538,52084,0,0,0,0,0,0
539,52094,0,0,0,0,0,0
540,52104,0,0,0,0,0,0
541,52114,0,0,0,0,0,0
542,52124,0,0,0,0,0,0
543,52134,0,0,0,0,0,0
544,52144,0,0,0,0,0,0
545,52154,0,0,0,0,0,0
546,52164,0,0,0,0,0,0
547,52174,0,0,0,0,0,0
548,52184,0,0,0,0,0,0
549,52194,0,0,0,0,0,0
550,52204,0,0,0,0,0,0
551,52214,0,0,0,0,0,0
552,52224,0,0,0,0,0,0
553,52234,0,0,0,0,0,0
554,52244,0,0,0,0,0,0
555,52254,0,0,0,0,0,0
556,52264,0,0,0,0,0,0
557,52274,0,0,0,0,0,0
558,52284,0,0,0,0,0,0
559,52294,0,0,0,0,0,0
560,52304,0,0,0,0,0,0
561,52314,0,0,0,0,0,0
562,52324,0,0,0,0,0,0
563,52334,0,0,0,0,0,0
564,52344,0,0,0,0,0,0
565,52354,0,0,0,0,0,0
566,52364,0,0,0,0,0,0
567,52374,0,0,0,0,0,0
568,52384,0,0,0,0,0,0
569,52394,0,0,0,0,0,0
570,52404,0,0,0,0,0,0
571,52414,0,0,0,0,0,0
572,52424,0,0,0,0,0,0
573,52434,0,0,0,0,0,0
574,52444,0,0,0,0,0,0
575,52454,0,0,0,0,0,0
576,52464,0,0,0,0,0,0
577,52474,0,0,0,0,0,0
578,52484,0,0,0,0,0,0
579,52494,0,0,0,0,0,0
580,52504,0,0,0,0,0,0
581,52514,0,0,0,0,0,0
582,52524,0,0,0,0,0,0
583,52534,0,0,0,0,0,0
584,52544,0,0,0,0,0,0
585,52554,0,0,0,0,0,0
586,52564,0,0,0,0,0,0
587,52574,0,0,0,0,0,0
588,52584,0,0,0,0,0,0
589,52594,0,0,0,0,0,0
590,52604,0,0,0,0,0,0
591,52614,0,0,0,0,0,0
592,52624,0,0,0,0,0,0
593,52634,0,0,0,0,0,0
594,52644,0,0,0,0,0,0
595,52654,0,0,0,0,0,0
596,52664,0,0,0,0,0,0
597,52674,0,0,0,0,0,0
598,52684,0,0,0,0,0,0
599,52694,0,0,0,0,0,0
600,52704,0,0,0,0,0,0
601,52714,0,0,0,0,0,0
602,52724,0,0,0,0,0,0
603,52734,0,0,0,0,0,0
604,52744,0,0,0,0,0,0
605,52754,0,0,0,0,0,0
606,52764,0,0,0,0,0,0
607,52774,0,0,0,0,0,0
608,52784,0,0,0,0,0,0
609,52794,0,0,0,0,0,0
610,52804,0,0,0,0,0,0
611,52814,0,0,0,0,0,0
612,52824,0,0,0,0,0,0
613,52834,0,0,0,0,0,0
614,52844,0,0,0,0,0,0
615,52854,0,0,0,0,0,0
616,52864,0,0,0,0,0,0
617,52874,0,0,0,0,0,0
618,52884,0,0,0,0,0,0
619,52894,0,0,0,0,0,0
620,52904,0,0,0,0,0,0
621,52914,0,0,0,0,0,0
622,52924,0,0,0,0,0,0
623,52934,0,0,0,0,0,0
624,52944,0,0,0,0,0,0
625,52954,0,0,0,0,0,0
626,52964,0,0,0,0,0,0
627,52974,0,0,0,0,0,0
628,52984,0,0,0,0,0,0
629,52994,0,0,0,0,0,0
630,53004,0,0,0,0,0,0
631,53014,0,0,0,0,0,0
632,53024,0,0,0,0,0,0
633,53034,0,0,0,0,0,0
634,53044,0,0,0,0,0,0
635,53054,0,0,0,0,0,0
636,53064,0,0,0,0,0,0
637,53074,0,0,0,0,0,0
638,53084,0,0,0,0,0,0
639,53094,0,0,0,0,0,0
640,53104,0,0,0,0,0,0
641,53114,0,0,0,0,0,0
642,53124,0,0,0,0,0,0
643,53134,0,0,0,0,0,0
644,53144,0,0,0,0,0,0
645,53154,0,0,0,0,0,0
646,53164,0,0,0,0,0,0
647,53174,0,0,0,0,0,0
648,53184,0,0,0,0,0,0
649,53194,0,0,0,0,0,0
650,53204,0,0,0,0,0,0
651,53214,0,0,0,0,0,0
652,53224,0,0,0,0,0,0
653,53234,0,0,0,0,0,0
654,53244,0,0,0,0,0,0
655,53254,0,0,0,0,0,0
656,53264,0,0,0,0,0,0
657,53274,0,0,0,0,0,0
658,53284,0,0,0,0,0,0
659,53294,0,0,0,0,0,0
660,53304,0,0,0,0,0,0
661,53314,0,0,0,0,0,0
662,53324,0,0,0,0,0,0
663,53334,0,0,0,0,0,0
664,53344,0,0,0,0,0,0
665,53354,0,0,0,0,0,0
666,53364,0,0,0,0,0,0
667,53374,0,0,0,0,0,0
668,53384,0,0,0,0,0,0
669,53394,0,0,0,0,0,0
670,53404,0,0,0,0,0,0
671,53414,0,0,0,0,0,0
672,53424,0,0,0,0,0,0
673,53434,0,0,0,0,0,0
674,53444,0,0,0,0,0,0
675,53454,0,0,0,0,0,0
676,53464,0,0,0,0,0,0
677,53474,0,0,0,0,0,0
678,53484,0,0,0,0,0,0
679,53494,0,0,0,0,0,0
680,53504,0,0,0,0,0,0
681,53514,0,0,0,0,0,0
682,53524,0,0,0,0,0,0
683,53534,0,0,0,0,0,0
684,53544,0,0,0,0,0,0
685,53554,0,0,0,0,0,0
686,53564,0,0,0,0,0,0
687,53574,0,0,0,0,0,0
688,53584,0,0,0,0,0,0
689,53594,0,0,0,0,0,0
690,53604,0,0,0,0,0,0
691,53614,0,0,0,0,0,0
692,53624,0,0,0,0,0,0
693,53634,0,0,0,0,0,0
694,53644,0,0,0,0,0,0
695,53654,0,0,0,0,0,0
696,53664,0,0,0,0,0,0
697,53674,0,0,0,0,0,0
698,53684,0,0,0,0,0,0
699,53694,0,0,0,0,0,0
700,53704,0,0,0,0,0,0
701,53714,0,0,0,0,0,0
702,53724,0,0,0,0,0,0
703,53734,0,0,0,0,0,0
704,53744,0,0,0,0,0,0
705,53754,0,0,0,0,0,0
706,53764,0,0,0,0,0,0
707,53774,0,0,0,0,0,0
708,53784,0,0,0,0,0,0
709,53794,0,0,0,0,0,0
710,53804,0,0,0,0,0,0
711,53814,0,0,0,0,0,0
712,53824,0,0,0,0,0,0
713,53834,0,0,0,0,0,0
714,53844,0,0,0,0,0,0
715,53854,0,0,0,0,0,0
716,53864,0,0,0,0,0,0
717,53874,0,0,0,0,0,0
718,53884,0,0,0,0,0,0
719,53894,0,0,0,0,0,0
720,53904,0,0,0,0,0,0
721,53914,0,0,0,0,0,0
722,53924,0,0,0,0,0,0
723,53934,0,0,0,0,0,0
724,53944,0,0,0,0,0,0
725,53954,0,0,0,0,0,0
726,53964,0,0,0,0,0,0
727,53974,0,0,0,0,0,0
728,53984,0,0,0,0,0,0
729,53994,0,0,0,0,0,0
730,54004,0,0,0,0,0,0
731,54014,0,0,0,0,0,0
732,54024,0,0,0,0,0,0
733,54034,0,0,0,0,0,0
734,54044,0,0,0,0,0,0
735,54054,0,0,0,0,0,0
736,54064,0,0,0,0,0,0
737,54074,0,0,0,0,0,0
738,54084,0,0,0,0,0,0
739,54094,0,0,0,0,0,0
740,54104,0,0,0,0,0,0
741,54114,0,0,0,0,0,0
742,54124,0,0,0,0,0,0
743,54134,0,0,0,0,0,0
744,54144,0,0,0,0,0,0
745,54154,0,0,0,0,0,0
746,54164,0,0,0,0,0,0
747,54174,0,0,0,0,0,0
748,54184,0,0,0,0,0,0
749,54194,0,0,0,0,0,0
750,54204,0,0,0,0,0,0
751,54214,0,0,0,0,0,0
752,54224,0,0,0,0,0,0
753,54234,0,0,0,0,0,0
754,54244,0,0,0,0,0,0
755,54254,0,0,0,0,0,0
756,54264,0,0,0,0,0,0
757,54274,0,0,0,0,0,0
758,54284,0,0,0,0,0,0
759,54294,0,0,0,0,0,0
760,54304,0,0,0,0,0,0
761,54314,0,0,0,0,0,0
762,54324,0,0,0,0,0,0
763,54334,0,0,0,0,0,0
764,54344,0,0,0,0,0,0
765,54354,0,0,0,0,0,0
766,54364,0,0,0,0,0,0
767,54374,0,0,0,0,0,0
768,54384,0,0,0,0,0,0
769,54394,0,0,0,0,0,0
770,54404,0,0,0,0,0,0
771,54414,0,0,0,0,0,0
772,54424,0,0,0,0,0,0
773,54434,0,0,0,0,0,0
774,54444,0,0,0,0,0,0
775,54454,0,0,0,0,0,0
776,54464,0,0,0,0,0,0
777,54474,0,0,0,0,0,0
778,54484,0,0,0,0,0,0
779,54494,0,0,0,0,0,0
780,54504,0,0,0,0,0,0
781,54514,0,0,0,0,0,0
782,54524,0,0,0,0,0,0
783,54534,0,0,0,0,0,0
784,54544,0,0,0,0,0,0
785,54554,0,0,0,0,0,0
786,54564,0,0,0,0,0,0
787,54574,0,0,0,0,0,0
788,54584,0,0,0,0,0,0
789,54594,0,0,0,0,0,0
790,54604,0,0,0,0,0,0
791,54614,0,0,0,0,0,0
792,54624,0,0,0,0,0,0
793,54634,0,0,0,0,0,0
794,54644,0,0,0,0,0,0
795,54654,0,0,0,0,0,0
796,54664,0,0,0,0,0,0
797,54674,0,0,0,0,0,0
798,54684,0,0,0,0,0,0
799,54694,0,0,0,0,0,0
800,54704,0,0,0,0,0,0
801,54714,0,0,0,0,0,0
802,54724,0,0,0,0,0,0
803,54734,0,0,0,0,0,0
804,54744,0,0,0,0,0,0
805,54754,0,0,0,0,0,0
806,54764,0,0,0,0,0,0
807,54774,0,0,0,0,0,0
808,54784,0,0,0,0,0,0
809,54794,0,0,0,0,0,0
810,54804,0,0,0,0,0,0
811,54814,0,0,0,0,0,0
812,54824,0,0,0,0,0,0
813,54834,0,0,0,0,0,0
814,54844,0,0,0,0,0,0
815,54854,0,0,0,0,0,0
816,54864,0,0,0,0,0,0
817,54874,0,0,0,0,0,0
818,54884,0,0,0,0,0,0
819,54894,0,0,0,0,0,0
820,54904,0,0,0,0,0,0
821,54914,0,0,0,0,0,0
822,54924,0,0,0,0,0,0
823,54934,0,0,0,0,0,0
824,54944,0,0,0,0,0,0
825,54954,0,0,0,0,0,0
826,54964,0,0,0,0,0,0
827,54974,0,0,0,0,0,0
828,54984,0,0,0,0,0,0
829,54994,0,0,0,0,0,0
830,55004,0,0,0,0,0,0
831,55014,0,0,0,0,0,0
832,55024,0,0,0,0,0,0
833,55034,0,0,0,0,0,0
834,55044,0,0,0,0,0,0
835,55054,0,0,0,0,0,0
836,55064,0,0,0,0,0,0
837,55074,0,0,0,0,0,0
838,55084,0,0,0,0,0,0
839,55094,0,0,0,0,0,0
840,55104,0,0,0,0,0,0
841,55114,0,0,0,0,0,0
842,55124,0,0,0,0,0,0
843,55134,0,0,0,0,0,0
844,55144,0,0,0,0,0,0
845,55154,0,0,0,0,0,0
846,55164,0,0,0,0,0,0
847,55174,0,0,0,0,0,0
848,55184,0,0,0,0,0,0
849,55194,0,0,0,0,0,0
850,55204,0,0,0,0,0,0
851,55214,0,0,0,0,0,0
852,55224,0,0,0,0,0,0
853,55234,0,0,0,0,0,0
854,55244,0,0,0,0,0,0
855,55254,0,0,0,0,0,0
856,55264,0,0,0,0,0,0
857,55274,0,0,0,0,0,0
858,55284,0,0,0,0,0,0
859,55294,0,0,0,0,0,0
860,55304,0,0,0,0,0,0
861,55314,0,0,0,0,0,0
862,55324,0,0,0,0,0,0
863,55334,0,0,0,0,0,0
864,55344,0,0,0,0,0,0
865,55354,0,0,0,0,0,0
866,55364,0,0,0,0,0,0
867,55374,0,0,0,0,0,0
868,55384,0,0,0,0,0,0
869,55394,0,0,0,0,0,0
870,55404,0,0,0,0,0,0
871,55414,0,0,0,0,0,0
872,55424,0,0,0,0,0,0
873,55434,0,0,0,0,0,0
874,55444,0,0,0,0,0,0
875,55454,0,0,0,0,0,0
876,55464,0,0,0,0,0,0
877,55474,0,0,0,0,0,0
878,55484,0,0,0,0,0,0
879,55494,0,0,0,0,0,0
880,55504,0,0,0,0,0,0
881,55514,0,0,0,0,0,0
882,55524,0,0,0,0,0,0
883,55534,0,0,0,0,0,0
884,55544,0,0,0,0,0,0
885,55554,0,0,0,0,0,0
886,55564,0,0,0,0,0,0
887,55574,0,0,0,0,0,0
888,55584,0,0,0,0,0,0
889,55594,0,0,0,0,0,0
890,55604,0,0,0,0,0,0
891,55614,0,0,0,0,0,0
892,55624,0,0,0,0,0,0
893,55634,0,0,0,0,0,0
894,55644,0,0,0,0,0,0
895,55654,0,0,0,0,0,0
896,55664,0,0,0,0,0,0
897,55674,0,0,0,0,0,0
898,55684,0,0,0,0,0,0
899,55694,0,0,0,0,0,0
900,55704,0,0,0,0,0,0
901,55714,0,0,0,0,0,0
902,55724,0,0,0,0,0,0
903,55734,0,0,0,0,0,0
904,55744,0,0,0,0,0,0
905,55754,0,0,0,0,0,0
906,55764,0,0,0,0,0,0
907,55774,0,0,0,0,0,0
908,55784,0,0,0,0,0,0
909,55794,0,0,0,0,0,0
910,55804,0,0,0,0,0,0
911,55814,0,0,0,0,0,0
912,55824,0,0,0,0,0,0
913,55834,0,0,0,0,0,0
914,55844,0,0,0,0,0,0
915,55854,0,0,0,0,0,0
916,55864,0,0,0,0,0,0
917,55874,0,0,0,0,0,0
918,55884,0,0,0,0,0,0
919,55894,0,0,0,0,0,0
920,55904,0,0,0,0,0,0
921,55914,0,0,0,0,0,0
922,55924,0,0,0,0,0,0
923,55934,0,0,0,0,0,0
924,55944,0,0,0,0,0,0
925,55954,0,0,0,0,0,0
926,55964,0,0,0,0,0,0
927,55974,0,0,0,0,0,0
928,55984,0,0,0,0,0,0
929,55994,0,0,0,0,0,0
930,56004,0,0,0,0,0,0
931,56014,0,0,0,0,0,0
932,56024,0,0,0,0,0,0
933,56034,0,0,0,0,0,0
934,56044,0,0,0,0,0,0
935,56054,0,0,0,0,0,0
936,56064,0,0,0,0,0,0
937,56074,0,0,0,0,0,0
938,56084,0,0,0,0,0,0
939,56094,0,0,0,0,0,0
940,56104,0,0,0,0,0,0
941,56114,0,0,0,0,0,0
942,56124,0,0,0,0,0,0
943,56134,0,0,0,0,0,0
944,56144,0,0,0,0,0,0
945,56154,0,0,0,0,0,0
946,56164,0,0,0,0,0,0
947,56174,0,0,0,0,0,0
948,56184,0,0,0,0,0,0
949,56194,0,0,0,0,0,0
950,56204,0,0,0,0,0,0
951,56214,0,0,0,0,0,0
952,56224,0,0,0,0,0,0
953,56234,0,0,0,0,0,0
954,56244,0,0,0,0,0,0
955,56254,0,0,0,0,0,0
956,56264,0,0,0,0,0,0
957,56274,0,0,0,0,0,0
958,56284,0,0,0,0,0,0
959,56294,0,0,0,0,0,0
960,56304,0,0,0,0,0,0
961,56314,0,0,0,0,0,0
962,56324,0,0,0,0,0,0
963,56334,0,0,0,0,0,0
964,56344,0,0,0,0,0,0
965,56354,0,0,0,0,0,0
966,56364,0,0,0,0,0,0
967,56374,0,0,0,0,0,0
968,56384,0,0,0,0,0,0
969,56394,0,0,0,0,0,0
970,56404,0,0,0,0,0,0
971,56414,0,0,0,0,0,0
972,56424,0,0,0,0,0,0
973,56434,0,0,0,0,0,0
974,56444,0,0,0,0,0,0
975,56454,0,0,0,0,0,0
976,56464,0,0,0,0,0,0
977,56474,0,0,0,0,0,0
978,56484,0,0,0,0,0,0
979,56494,0,0,0,0,0,0
980,56504,0,0,0,0,0,0
981,56514,0,0,0,0,0,0
982,56524,0,0,0,0,0,0
983,56534,0,0,0,0,0,0
984,56544,0,0,0,0,0,0
985,56554,0,0,0,0,0,0
986,56564,0,0,0,0,0,0
987,56574,0,0,0,0,0,0
988,56584,0,0,0,0,0,0
989,56594,0,0,0,0,0,0
990,56604,0,0,0,0,0,0
991,56614,0,0,0,0,0,0
992,56624,0,0,0,0,0,0
993,56634,0,0,0,0,0,0
994,56644,0,0,0,0,0,0
995,56654,0,0,0,0,0,0
996,56664,0,0,0,0,0,0
997,56674,0,0,0,0,0,0
998,56684,0,0,0,0,0,0
999,56694,0,0,0,0,0,0
1000,56704,0,0,0,0,0,0
1001,56714,0,0,0,0,0,0
1002,56724,0,0,0,0,0,0
1003,56734,0,0,0,0,0,0
1004,56744,0,0,0,0,0,0
1005,56754,0,0,0,0,0,0
1006,56764,0,0,0,0,0,0
1007,56774,0,0,0,0,0,0
1008,56784,0,0,0,0,0,0
1009,56794,0,0,0,0,0,0
1010,56804,0,0,0,0,0,0
1011,56814,0,0,0,0,0,0
1012,56824,0,0,0,0,0,0
1013,56834,0,0,0,0,0,0
1014,56844,0,0,0,0,0,0
1015,56854,0,0,0,0,0,0
1016,56864,0,0,0,0,0,0
1017,56874,0,0,0,0,0,0
1018,56884,0,0,0,0,0,0
1019,56894,0,0,0,0,0,0
1020,56904,0,0,0,0,0,0
1021,56914,0,0,0,0,0,0
1022,56924,0,0,0,0,0,0
1023,56934,0,0,0,0,0,0
1024,56944,0,0,0,0,0,0
1025,56954,0,0,0,0,0,0
1026,56964,0,0,0,0,0,0
1027,56974,0,0,0,0,0,0
1028,56984,0,0,0,0,0,0
1029,56994,0,0,0,0,0,0
1030,57004,0,0,0,0,0,0
1031,57014,0,0,0,0,0,0
1032,57024,0,0,0,0,0,0
1033,57034,0,0,0,0,0,0
1034,57044,0,0,0,0,0,0
1035,57054,0,0,0,0,0,0
1036,57064,0,0,0,0,0,0
1037,57074,0,0,0,0,0,0
1038,57084,0,0,0,0,0,0
1039,57094,0,0,0,0,0,0
1040,57104,0,0,0,0,0,0
1041,57114,0,0,0,0,0,0
1042,57124,0,0,0,0,0,0
1043,57134,0,0,0,0,0,0
1044,57144,0,0,0,0,0,0
1045,57154,0,0,0,0,0,0
1046,57164,0,0,0,0,0,0
1047,57174,0,0,0,0,0,0
1048,57184,0,0,0,0,0,0
1049,57194,0,0,0,0,0,0
1050,57204,0,0,0,0,0,0
1051,57214,0,0,0,0,0,0
1052,57224,0,0,0,0,0,0
1053,57234,0,0,0,0,0,0
1054,57244,0,0,0,0,0,0
1055,57254,0,0,0,0,0,0
1056,57264,0,0,0,0,0,0
1057,57274,0,0,0,0,0,0
1058,57284,0,0,0,0,0,0
1059,57294,0,0,0,0,0,0
1060,57304,0,0,0,0,0,0
1061,57314,0,0,0,0,0,0
1062,57324,0,0,0,0,0,0
1063,57334,0,0,0,0,0,0
1064,57344,0,0,0,0,0,0
1065,57354,0,0,0,0,0,0
1066,57364,0,0,0,0,0,0
1067,57374,0,0,0,0,0,0
1068,57384,0,0,0,0,0,0
1069,57394,0,0,0,0,0,0
1070,57404,0,0,0,0,0,0
1071,57414,0,0,0,0,0,0
1072,57424,0,0,0,0,0,0
1073,57434,0,0,0,0,0,0
1074,57444,0,0,0,0,0,0
1075,57454,0,0,0,0,0,0
1076,57464,0,0,0,0,0,0
1077,57474,0,0,0,0,0,0
1078,57484,0,0,0,0,0,0
1079,57494,0,0,0,0,0,0
1080,57504,0,0,0,0,0,0
1081,57514,0,0,0,0,0,0
1082,57524,0,0,0,0,0,0
1083,57534,0,0,0,0,0,0
1084,57544,0,0,0,0,0,0
1085,57554,0,0,0,0,0,0
1086,57564,0,0,0,0,0,0
1087,57574,0,0,0,0,0,0
1088,57584,0,0,0,0,0,0
1089,57594,0,0,0,0,0,0
1090,57604,0,0,0,0,0,0
1091,57614,0,0,0,0,0,0
1092,57624,0,0,0,0,0,0
1093,57634,0,0,0,0,0,0
1094,57644,0,0,0,0,0,0
1095,57654,0,0,0,0,0,0
1096,57664,0,0,0,0,0,0
1097,57674,0,0,0,0,0,0
1098,57684,0,0,0,0,0,0
1099,57694,0,0,0,0,0,0
1100,57704,0,0,0,0,0,0
1101,57714,0,0,0,0,0,0
1102,57724,0,0,0,0,0,0
1103,57734,0,0,0,0,0,0
1104,57744,0,0,0,0,0,0
1105,57754,0,0,0,0,0,0
1106,57764,0,0,0,0,0,0
1107,57774,0,0,0,0,0,0
1108,57784,0,0,0,0,0,0
1109,57794,0,0,0,0,0,0
1110,57804,0,0,0,0,0,0
1111,57814,0,0,0,0,0,0
1112,57824,0,0,0,0,0,0
1113,57834,0,0,0,0,0,0
1114,57844,0,0,0,0,0,0
1115,57854,0,0,0,0,0,0
1116,57864,0,0,0,0,0,0
1117,57874,0,0,0,0,0,0
1118,57884,0,0,0,0,0,0
1119,57894,0,0,0,0,0,0
1120,57904,0,0,0,0,0,0
1121,57914,0,0,0,0,0,0
1122,57924,0,0,0,0,0,0
1123,57934,0,0,0,0,0,0
1124,57944,0,0,0,0,0,0
1125,57954,0,0,0,0,0,0
1126,57964,0,0,0,0,0,0
1127,57974,0,0,0,0,0,0
1128,57984,0,0,0,0,0,0
1129,57994,0,0,0,0,0,0
1130,58004,0,0,0,0,0,0
1131,58014,0,0,0,0,0,0
1132,58024,0,0,0,0,0,0
1133,58034,0,0,0,0,0,0
1134,58044,0,0,0,0,0,0
1135,58054,0,0,0,0,0,0
1136,58064,0,0,0,0,0,0
1137,58074,0,0,0,0,0,0
1138,58084,0,0,0,0,0,0
1139,58094,0,0,0,0,0,0
1140,58104,0,0,0,0,0,0
1141,58114,0,0,0,0,0,0
1142,58124,0,0,0,0,0,0
1143,58134,0,0,0,0,0,0
1144,58144,0,0,0,0,0,0
1145,58154,0,0,0,0,0,0
1146,58164,0,0,0,0,0,0
1147,58174,0,0,0,0,0,0
1148,58184,0,0,0,0,0,0
1149,58194,0,0,0,0,0,0
1150,58204,0,0,0,0,0,0
1151,58214,0,0,0,0,0,0
1152,58224,0,0,0,0,0,0
1153,58234,0,0,0,0,0,0
1154,58244,0,0,0,0,0,0
1155,58254,0,0,0,0,0,0
1156,58264,0,0,0,0,0,0
1157,58274,0,0,0,0,0,0
1158,58284,0,0,0,0,0,0
1159,58294,0,0,0,0,0,0
1160,58304,0,0,0,0,0,0
1161,58314,0,0,0,0,0,0
1162,58324,0,0,0,0,0,0
1163,58334,0,0,0,0,0,0
1164,58344,0,0,0,0,0,0
1165,58354,0,0,0,0,0,0
1166,58364,0,0,0,0,0,0
1167,58374,0,0,0,0,0,0
1168,58384,0,0,0,0,0,0
1169,58394,0,0,0,0,0,0
1170,58404,0,0,0,0,0,0
1171,58414,0,0,0,0,0,0
1172,58424,0,0,0,0,0,0
1173,58434,0,0,0,0,0,0
1174,58444,0,0,0,0,0,0
1175,58454,0,0,0,0,0,0
1176,58464,0,0,0,0,0,0
1177,58474,0,0,0,0,0,0
1178,58484,0,0,0,0,0,0
1179,58494,0,0,0,0,0,0
1180,58504,0,0,0,0,0,0
1181,58514,0,0,0,0,0,0
1182,58524,0,0,0,0,0,0
1183,58534,0,0,0,0,0,0
1184,58544,0,0,0,0,0,0
1185,58554,0,0,0,0,0,0
1186,58564,0,0,0,0,0,0
1187,58574,0,0,0,0,0,0
1188,58584,0,0,0,0,0,0
1189,58594,0,0,0,0,0,0
1190,58604,0,0,0,0,0,0
1191,58614,0,0,0,0,0,0
1192,58624,0,0,0,0,0,0
1193,58634,0,0,0,0,0,0
1194,58644,0,0,0,0,0,0
1195,58654,0,0,0,0,0,0
1196,58664,0,0,0,0,0,0
1197,58674,0,0,0,0,0,0
1198,58684,0,0,0,0,0,0
1199,58694,0,0,0,0,0,0
1200,58704,0,0,0,0,0,0
1201,58714,0,0,0,0,0,0
1202,58724,0,0,0,0,0,0
1203,58734,0,0,0,0,0,0
1204,58744,0,0,0,0,0,0
1205,58754,0,0,0,0,0,0
1206,58764,0,0,0,0,0,0
1207,58774,0,0,0,0,0,0
1208,58784,0,0,0,0,0,0
1209,58794,0,0,0,0,0,0
1210,58804,0,0,0,0,0,0
1211,58814,0,0,0,0,0,0
1212,58824,0,0,0,0,0,0
1213,58834,0,0,0,0,0,0
1214,58844,0,0,0,0,0,0
1215,58854,0,0,0,0,0,0
1216,58864,0,0,0,0,0,0
1217,58874,0,0,0,0,0,0
1218,58884,0,0,0,0,0,0
1219,58894,0,0,0,0,0,0
1220,58904,0,0,0,0,0,0
1221,58914,0,0,0,0,0,0
1222,58924,0,0,0,0,0,0
1223,58934,0,0,0,0,0,0
1224,58944,0,0,0,0,0,0
1225,58954,0,0,0,0,0,0
1226,58964,0,0,0,0,0,0
1227,58974,0,0,0,0,0,0
1228,58984,0,0,0,0,0,0
1229,58994,0,0,0,0,0,0
1230,59004,0,0,0,0,0,0
1231,59014,0,0,0,0,0,0
1232,59024,0,0,0,0,0,0
1233,59034,0,0,0,0,0,0
1234,59044,0,0,0,0,0,0
1235,59054,0,0,0,0,0,0
1236,59064,0,0,0,0,0,0
1237,59074,0,0,0,0,0,0
1238,59084,0,0,0,0,0,0
1239,59094,0,0,0,0,0,0
1240,59104,0,0,0,0,0,0
1241,59114,0,0,0,0,0,0
1242,59124,0,0,0,0,0,0
1243,59134,0,0,0,0,0,0
1244,59144,0,0,0,0,0,0
1245,59154,0,0,0,0,0,0
1246,59164,0,0,0,0,0,0
1247,59174,0,0,0,0,0,0
1248,59184,0,0,0,0,0,0
1249,59194,0,0,0,0,0,0
1250,59204,0,0,0,0,0,0
1251,59214,0,0,0,0,0,0
1252,59224,0,0,0,0,0,0
1253,59234,0,0,0,0,0,0
1254,59244,0,0,0,0,0,0
1255,59254,0,0,0,0,0,0
1256,59264,0,0,0,0,0,0
1257,59274,0,0,0,0,0,0
1258,59284,0,0,0,0,0,0
1259,59294,0,0,0,0,0,0
1260,59304,0,0,0,0,0,0
1261,59314,0,0,0,0,0,0
1262,59324,0,0,0,0,0,0
1263,59334,0,0,0,0,0,0
1264,59344,0,0,0,0,0,0
1265,59354,0,0,0,0,0,0
1266,59364,0,0,0,0,0,0
1267,59374,0,0,0,0,0,0
1268,59384,0,0,0,0,0,0
1269,59394,0,0,0,0,0,0
1270,59404,0,0,0,0,0,0
1271,59414,0,0,0,0,0,0
1272,59424,0,0,0,0,0,0
1273,59434,0,0,0,0,0,0
1274,59444,0,0,0,0,0,0
1275,59454,0,0,0,0,0,0
1276,59464,0,0,0,0,0,0
1277,59474,0,0,0,0,0,0
1278,59484,0,0,0,0,0,0
1279,59494,0,0,0,0,0,0
1280,59504,0,0,0,0,0,0
1281,59514,0,0,0,0,0,0
1282,59524,0,0,0,0,0,0
1283,59534,0,0,0,0,0,0
1284,59544,0,0,0,0,0,0
1285,59554,0,0,0,0,0,0
1286,59564,0,0,0,0,0,0
1287,59574,0,0,0,0,0,0
1288,59584,0,0,0,0,0,0
1289,59594,0,0,0,0,0,0
1290,59604,0,0,0,0,0,0
1291,59614,0,0,0,0,0,0
1292,59624,0,0,0,0,0,0
1293,59634,0,0,0,0,0,0
1294,59644,0,0,0,0,0,0
1295,59654,0,0,0,0,0,0
1296,59664,0,0,0,0,0,0
1297,59674,0,0,0,0,0,0
1298,59684,0,0,0,0,0,0
1299,59694,0,0,0,0,0,0
1300,59704,0,0,0,0,0,0
1301,59714,0,0,0,0,0,0
1302,59724,0,0,0,0,0,0
1303,59734,0,0,0,0,0,0
1304,59744,0,0,0,0,0,0
1305,59754,0,0,0,0,0,0
1306,59764,0,0,0,0,0,0
1307,59774,0,0,0,0,0,0
1308,59784,0,0,0,0,0,0
1309,59794,0,0,0,0,0,0
1310,59804,0,0,0,0,0,0
1311,59814,0,0,0,0,0,0
1312,59824,0,0,0,0,0,0
1313,59834,0,0,0,0,0,0
1314,59844,0,0,0,0,0,0
1315,59854,0,0,0,0,0,0
1316,59864,0,0,0,0,0,0
1317,59874,0,0,0,0,0,0
1318,59884,0,0,0,0,0,0
1319,59894,0,0,0,0,0,0
1320,59904,0,0,0,0,0,0
1321,59914,0,0,0,0,0,0
1322,59924,0,0,0,0,0,0
1323,59934,0,0,0,0,0,0
1324,59944,0,0,0,0,0,0
1325,59954,0,0,0,0,0,0
1326,59964,0,0,0,0,0,0
1327,59974,0,0,0,0,0,0
1328,59984,0,0,0,0,0,0
1329,59994,0,0,0,0,0,0
1330,60004,0,0,0,0,0,0
1331,60014,0,0,0,0,0,0
1332,60024,0,0,0,0,0,0
1333,60034,0,0,0,0,0,0
1334,60044,0,0,0,0,0,0
1335,60054,0,0,0,0,0,0
1336,60064,0,0,0,0,0,0
1337,60074,0,0,0,0,0,0
1338,60084,0,0,0,0,0,0
1339,60094,0,0,0,0,0,0
1340,60104,0,0,0,0,0,0
1341,60114,0,0,0,0,0,0
1342,60124,0,0,0,0,0,0
1343,60134,0,0,0,0,0,0
1344,60144,0,0,0,0,0,0
1345,60154,0,0,0,0,0,0
1346,60164,0,0,0,0,0,0
1347,60174,0,0,0,0,0,0
1348,60184,0,0,0,0,0,0
1349,60194,0,0,0,0,0,0
1350,60204,0,0,0,0,0,0
1351,60214,0,0,0,0,0,0
1352,60224,0,0,0,0,0,0
1353,60234,0,0,0,0,0,0
1354,60244,0,0,0,0,0,0
1355,60254,0,0,0,0,0,0
1356,60264,0,0,0,0,0,0
1357,60274,0,0,0,0,0,0
1358,60284,0,0,0,0,0,0
1359,60294,0,0,0,0,0,0
1360,60304,0,0,0,0,0,0
1361,60314,0,0,0,0,0,0
1362,60324,0,0,0,0,0,0
1363,60334,0,0,0,0,0,0
1364,60344,0,0,0,0,0,0
1365,60354,0,0,0,0,0,0
1366,60364,0,0,0,0,0,0
1367,60374,0,0,0,0,0,0
1368,60384,0,0,0,0,0,0
1369,60394,0,0,0,0,0,0
1370,60404,0,0,0,0,0,0
1371,60414,0,0,0,0,0,0
1372,60424,0,0,0,0,0,0
1373,60434,0,0,0,0,0,0
1374,60444,0,0,0,0,0,0
1375,60454,0,0,0,0,0,0
1376,60464,0,0,0,0,0,0
1377,60474,0,0,0,0,0,0
1378,60484,0,0,0,0,0,0
1379,60494,0,0,0,0,0,0
1380,60504,0,0,0,0,0,0
1381,60514,0,0,0,0,0,0
1382,60524,0,0,0,0,0,0
1383,60534,0,0,0,0,0,0
1384,60544,0,0,0,0,0,0
1385,60554,0,0,0,0,0,0
1386,60564,0,0,0,0,0,0
1387,60574,0,0,0,0,0,0
1388,60584,0,0,0,0,0,0
1389,60594,0,0,0,0,0,0
1390,60604,0,0,0,0,0,0
1391,60614,0,0,0,0,0,0
1392,60624,0,0,0,0,0,0
1393,60634,0,0,0,0,0,0
1394,60644,0,0,0,0,0,0
1395,60654,0,0,0,0,0,0
1396,60664,0,0,0,0,0,0
1397,60674,0,0,0,0,0,0
1398,60684,0,0,0,0,0,0
1399,60694,0,0,0,0,0,0
1400,60704,0,0,0,0,0,0
1401,60714,0,0,0,0,0,0
1402,60724,0,0,0,0,0,0
1403,60734,0,0,0,0,0,0
1404,60744,0,0,0,0,0,0
1405,60754,0,0,0,0,0,0
1406,60764,0,0,0,0,0,0
1407,60774,0,0,0,0,0,0
1408,60784,0,0,0,0,0,0
1409,60794,0,0,0,0,0,0
1410,60804,0,0,0,0,0,0
1411,60814,0,0,0,0,0,0
1412,60824,0,0,0,0,0,0
1413,60834,0,0,0,0,0,0
1414,60844,0,0,0,0,0,0
1415,60854,0,0,0,0,0,0
1416,60864,0,0,0,0,0,0
1417,60874,0,0,0,0,0,0
1418,60884,0,0,0,0,0,0
1419,60894,0,0,0,0,0,0
1420,60904,0,0,0,0,0,0
1421,60914,0,0,0,0,0,0
1422,60924,0,0,0,0,0,0
1423,60934,0,0,0,0,0,0
1424,60944,0,0,0,0,0,0
1425,60954,0,0,0,0,0,0
1426,60964,0,0,0,0,0,0
1427,60974,0,0,0,0,0,0
1428,60984,0,0,0,0,0,0
1429,60994,0,0,0,0,0,0
1430,61004,0,0,0,0,0,0
1431,61014,0,0,0,0,0,0
1432,61024,0,0,0,0,0,0
1433,61034,0,0,0,0,0,0
1434,61044,0,0,0,0,0,0
1435,61054,0,0,0,0,0,0
1436,61064,0,0,0,0,0,0
1437,61074,0,0,0,0,0,0
1438,61084,0,0,0,0,0,0
1439,61094,0,0,0,0,0,0
1440,61104,0,0,0,0,0,0
1441,61114,0,0,0,0,0,0
1442,61124,0,0,0,0,0,0
1443,61134,0,0,0,0,0,0
1444,61144,0,0,0,0,0,0
1445,61154,0,0,0,0,0,0
1446,61164,0,0,0,0,0,0
1447,61174,0,0,0,0,0,0
1448,61184,0,0,0,0,0,0
1449,61194,0,0,0,0,0,0
1450,61204,0,0,0,0,0,0
1451,61214,0,0,0,0,0,0
1452,61224,0,0,0,0,0,0
1453,61234,0,0,0,0,0,0
1454,61244,0,0,0,0,0,0
1455,61254,0,0,0,0,0,0
1456,61264,0,0,0,0,0,0
1457,61274,0,0,0,0,0,0
1458,61284,0,0,0,0,0,0
1459,61294,0,0,0,0,0,0
1460,61304,0,0,0,0,0,0
1461,61314,0,0,0,0,0,0
1462,61324,0,0,0,0,0,0
1463,61334,0,0,0,0,0,0
1464,61344,0,0,0,0,0,0
1465,61354,0,0,0,0,0,0
1466,61364,0,0,0,0,0,0
1467,61374,0,0,0,0,0,0
1468,61384,0,0,0,0,0,0
1469,61394,0,0,0,0,0,0
1470,61404,0,0,0,0,0,0
1471,61414,0,0,0,0,0,0
1472,61424,0,0,0,0,0,0
1473,61434,0,0,0,0,0,0
1474,61444,0,0,0,0,0,0
1475,61454,0,0,0,0,0,0
1476,61464,0,0,0,0,0,0
1477,61474,0,0,0,0,0,0
1478,61484,0,0,0,0,0,0
1479,61494,0,0,0,0,0,0
1480,61504,0,0,0,0,0,0
1481,61514,0,0,0,0,0,0
1482,61524,0,0,0,0,0,0
1483,61534,0,0,0,0,0,0
1484,61544,0,0,0,0,0,0
1485,61554,0,0,0,0,0,0
1486,61564,0,0,0,0,0,0
1487,61574,0,0,0,0,0,0
1488,61584,0,0,0,0,0,0
1489,61594,0,0,0,0,0,0
1490,61604,0,0,0,0,0,0
1491,61614,0,0,0,0,0,0
1492,61624,0,0,0,0,0,0
1493,61634,0,0,0,0,0,0
1494,61644,0,0,0,0,0,0
1495,61654,0,0,0,0,0,0
1496,61664,0,0,0,0,0,0
1497,61674,0,0,0,0,0,0
1498,61684,0,0,0,0,0,0
1499,61694,0,0,0,0,0,0
1500,61704,0,0,0,0,0,0
1501,61714,0,0,0,0,0,0
1502,61724,0,0,0,0,0,0
1503,61734,0,0,0,0,0,0
1504,61744,0,0,0,0,0,0
1505,61754,0,0,0,0,0,0
1506,61764,0,0,0,0,0,0
1507,61774,0,0,0,0,0,0
1508,61784,0,0,0,0,0,0
1509,61794,0,0,0,0,0,0
1510,61804,0,0,0,0,0,0
1511,61814,0,0,0,0,0,0
1512,61824,0,0,0,0,0,0
1513,61834,0,0,0,0,0,0
1514,61844,0,0,0,0,0,0
1515,61854,0,0,0,0,0,0
1516,61864,0,0,0,0,0,0
1517,61874,0,0,0,0,0,0
1518,61884,0,0,0,0,0,0
1519,61894,0,0,0,0,0,0
1520,61904,0,0,0,0,0,0
1521,61914,0,0,0,0,0,0
1522,61924,0,0,0,0,0,0
1523,61934,0,0,0,0,0,0
1524,61944,0,0,0,0,0,0
1525,61954,0,0,0,0,0,0
1526,61964,0,0,0,0,0,0
1527,61974,0,0,0,0,0,0
1528,61984,0,0,0,0,0,0
1529,61994,0,0,0,0,0,0
1530,62004,0,0,0,0,0,0
1531,62014,0,0,0,0,0,0
1532,62024,0,0,0,0,0,0
1533,62034,0,0,0,0,0,0
1534,62044,0,0,0,0,0,0
1535,62054,0,0,0,0,0,0
1536,62064,0,0,0,0,0,0
1537,62074,0,0,0,0,0,0
1538,62084,0,0,0,0,0,0
1539,62094,0,0,0,0,0,0
1540,62104,0,0,0,0,0,0
1541,62114,0,0,0,0,0,0
1542,62124,0,0,0,0,0,0
1543,62134,0,0,0,0,0,0
1544,62144,0,0,0,0,0,0
1545,62154,0,0,0,0,0,0
1546,62164,0,0,0,0,0,0
1547,62174,0,0,0,0,0,0
1548,62184,0,0,0,0,0,0
1549,62194,0,0,0,0,0,0
1550,62204,0,0,0,0,0,0
1551,62214,0,0,0,0,0,0
1552,62224,0,0,0,0,0,0
1553,62234,0,0,0,0,0,0
1554,62244,0,0,0,0,0,0
1555,62254,0,0,0,0,0,0
1556,62264,0,0,0,0,0,0
1557,62274,0,0,0,0,0,0
1558,62284,0,0,0,0,0,0
1559,62294,0,0,0,0,0,0
1560,62304,0,0,0,0,0,0
1561,62314,0,0,0,0,0,0
1562,62324,0,0,0,0,0,0
1563,62334,0,0,0,0,0,0
1564,62344,0,0,0,0,0,0
1565,62354,0,0,0,0,0,0
1566,62364,0,0,0,0,0,0
1567,62374,0,0,0,0,0,0
1568,62384,0,0,0,0,0,0
1569,62394,0,0,0,0,0,0
1570,62404,0,0,0,0,0,0
1571,62414,0,0,0,0,0,0
1572,62424,0,0,0,0,0,0
1573,62434,0,0,0,0,0,0
1574,62444,0,0,0,0,0,0
1575,62454,0,0,0,0,0,0
1576,62464,0,0,0,0,0,0
1577,62474,0,0,0,0,0,0
1578,62484,0,0,0,0,0,0
1579,62494,0,0,0,0,0,0
1580,62504,0,0,0,0,0,0
1581,62514,0,0,0,0,0,0
1582,62524,0,0,0,0,0,0
1583,62534,0,0,0,0,0,0
1584,62544,0,0,0,0,0,0
1585,62554,0,0,0,0,0,0
1586,62564,0,0,0,0,0,0
1587,62574,0,0,0,0,0,0
1588,62584,0,0,0,0,0,0
1589,62594,0,0,0,0,0,0
1590,62604,0,0,0,0,0,0
1591,62614,0,0,0,0,0,0
1592,62624,0,0,0,0,0,0
1593,62634,0,0,0,0,0,0
1594,62644,0,0,0,0,0,0
1595,62654,0,0,0,0,0,0
1596,62664,0,0,0,0,0,0
1597,62674,0,0,0,0,0,0
1598,62684,0,0,0,0,0,0
1599,62694,0,0,0,0,0,0
1600,62704,0,0,0,0,0,0
1601,62714,0,0,0,0,0,0
1602,62724,0,0,0,0,0,0
1603,62734,0,0,0,0,0,0
1604,62744,0,0,0,0,0,0
1605,62754,0,0,0,0,0,0
1606,62764,0,0,0,0,0,0
1607,62774,0,0,0,0,0,0
1608,62784,0,0,0,0,0,0
1609,62794,0,0,0,0,0,0
1610,62804,0,0,0,0,0,0
1611,62814,0,0,0,0,0,0
1612,62824,0,0,0,0,0,0
1613,62834,0,0,0,0,0,0
1614,62844,0,0,0,0,0,0
1615,62854,0,0,0,0,0,0
1616,62864,0,0,0,0,0,0
1617,62874,0,0,0,0,0,0
1618,62884,0,0,0,0,0,0
1619,62894,0,0,0,0,0,0
1620,62904,0,0,0,0,0,0
1621,62914,0,0,0,0,0,0
1622,62924,0,0,0,0,0,0
1623,62934,0,0,0,0,0,0
1624,62944,0,0,0,0,0,0
1625,62954,0,0,0,0,0,0
1626,62964,0,0,0,0,0,0
1627,62974,0,0,0,0,0,0
1628,62984,0,0,0,0,0,0
1629,62994,0,0,0,0,0,0
1630,63004,0,0,0,0,0,0
1631,63014,0,0,0,0,0,0
1632,63024,0,0,0,0,0,0
1633,63034,0,0,0,0,0,0
1634,63044,0,0,0,0,0,0
1635,63054,0,0,0,0,0,0
1636,63064,0,0,0,0,0,0
1637,63074,0,0,0,0,0,0
1638,63084,0,0,0,0,0,0
1639,63094,0,0,0,0,0,0
1640,63104,0,0,0,0,0,0
1641,63114,0,0,0,0,0,0
1642,63124,0,0,0,0,0,0
1643,63134,0,0,0,0,0,0
1644,63144,0,0,0,0,0,0
1645,63154,0,0,0,0,0,0
1646,63164,0,0,0,0,0,0
1647,63174,0,0,0,0,0,0
1648,63184,0,0,0,0,0,0
1649,63194,0,0,0,0,0,0
1650,63204,0,0,0,0,0,0
1651,63214,0,0,0,0,0,0
1652,63224,0,0,0,0,0,0
1653,63234,0,0,0,0,0,0
1654,63244,0,0,0,0,0,0
1655,63254,0,0,0,0,0,0
1656,63264,0,0,0,0,0,0
1657,63274,0,0,0,0,0,0
1658,63284,0,0,0,0,0,0
1659,63294,0,0,0,0,0,0
1660,63304,0,0,0,0,0,0
1661,63314,0,0,0,0,0,0
1662,63324,0,0,0,0,0,0
1663,63334,0,0,0,0,0,0
1664,63344,0,0,0,0,0,0
1665,63354,0,0,0,0,0,0
1666,63364,0,0,0,0,0,0
1667,63374,0,0,0,0,0,0
1668,63384,0,0,0,0,0,0
1669,63394,0,0,0,0,0,0
1670,63404,0,0,0,0,0,0
1671,63414,0,0,0,0,0,0
1672,63424,0,0,0,0,0,0
1673,63434,0,0,0,0,0,0
1674,63444,0,0,0,0,0,0
1675,63454,0,0,0,0,0,0
1676,63464,0,0,0,0,0,0
1677,63474,0,0,0,0,0,0
1678,63484,0,0,0,0,0,0
1679,63494,0,0,0,0,0,0
1680,63504,0,0,0,0,0,0
1681,63514,0,0,0,0,0,0
1682,63524,0,0,0,0,0,0
1683,63534,0,0,0,0,0,0
1684,63544,0,0,0,0,0,0
1685,63554,0,0,0,0,0,0
1686,63564,0,0,0,0,0,0
1687,63574,0,0,0,0,0,0
1688,63584,0,0,0,0,0,0
1689,63594,0,0,0,0,0,0
1690,63604,0,0,0,0,0,0
1691,63614,0,0,0,0,0,0
1692,63624,0,0,0,0,0,0
1693,63634,0,0,0,0,0,0
1694,63644,0,0,0,0,0,0
1695,63654,0,0,0,0,0,0
1696,63664,0,0,0,0,0,0
1697,63674,0,0,0,0,0,0
1698,63684,0,0,0,0,0,0
1699,63694,0,0,0,0,0,0
1700,63704,0,0,0,0,0,0
1701,63714,0,0,0,0,0,0
1702,63724,0,0,0,0,0,0
1703,63734,0,0,0,0,0,0
1704,63744,0,0,0,0,0,0
1705,63754,0,0,0,0,0,0
1706,63764,0,0,0,0,0,0
1707,63774,0,0,0,0,0,0
1708,63784,0,0,0,0,0,0
1709,63794,0,0,0,0,0,0
1710,63804,0,0,0,0,0,0
1711,63814,0,0,0,0,0,0
1712,63824,0,0,0,0,0,0
1713,63834,0,0,0,0,0,0
1714,63844,0,0,0,0,0,0
1715,63854,0,0,0,0,0,0
1716,63864,0,0,0,0,0,0
1717,63874,0,0,0,0,0,0
1718,63884,0,0,0,0,0,0
1719,63894,0,0,0,0,0,0
1720,63904,0,0,0,0,0,0
1721,63914,0,0,0,0,0,0
1722,63924,0,0,0,0,0,0
1723,63934,0,0,0,0,0,0
1724,63944,0,0,0,0,0,0
1725,63954,0,0,0,0,0,0
1726,63964,0,0,0,0,0,0
1727,63974,0,0,0,0,0,0
1728,63984,0,0,0,0,0,0
1729,63994,0,0,0,0,0,0
1730,64004,0,0,0,0,0,0
1731,64014,0,0,0,0,0,0
1732,64024,0,0,0,0,0,0
1733,64034,0,0,0,0,0,0
1734,64044,0,0,0,0,0,0
1735,64054,0,0,0,0,0,0
1736,64064,0,0,0,0,0,0
1737,64074,0,0,0,0,0,0
1738,64084,0,0,0,0,0,0
1739,64094,0,0,0,0,0,0
1740,64104,0,0,0,0,0,0
1741,64114,0,0,0,0,0,0
1742,64124,0,0,0,0,0,0
1743,64134,0,0,0,0,0,0
1744,64144,0,0,0,0,0,0
1745,64154,0,0,0,0,0,0
1746,64164,0,0,0,0,0,0
1747,64174,0,0,0,0,0,0
1748,64184,0,0,0,0,0,0
1749,64194,0,0,0,0,0,0
1750,64204,0,0,0,0,0,0
1751,64214,0,0,0,0,0,0
1752,64224,0,0,0,0,0,0
1753,64234,0,0,0,0,0,0
1754,64244,0,0,0,0,0,0
1755,64254,0,0,0,0,0,0
1756,64264,0,0,0,0,0,0
1757,64274,0,0,0,0,0,0
1758,64284,0,0,0,0,0,0
1759,64294,0,0,0,0,0,0
1760,64304,0,0,0,0,0,0
1761,64314,0,0,0,0,0,0
1762,64324,0,0,0,0,0,0
1763,64334,0,0,0,0,0,0
1764,64344,0,0,0,0,0,0
1765,64354,0,0,0,0,0,0
1766,64364,0,0,0,0,0,0
1767,64374,0,0,0,0,0,0
1768,64384,0,0,0,0,0,0
1769,64394,0,0,0,0,0,0
1770,64404,0,0,0,0,0,0
1771,64414,0,0,0,0,0,0
1772,64424,0,0,0,0,0,0
1773,64434,0,0,0,0,0,0
1774,64444,0,0,0,0,0,0
1775,64454,0,0,0,0,0,0
1776,64464,0,0,0,0,0,0
1777,64474,0,0,0,0,0,0
1778,64484,0,0,0,0,0,0
1779,64494,0,0,0,0,0,0
1780,64504,0,0,0,0,0,0
1781,64514,0,0,0,0,0,0
1782,64524,0,0,0,0,0,0
1783,64534,0,0,0,0,0,0
1784,64544,0,0,0,0,0,0
1785,64554,0,0,0,0,0,0
1786,64564,0,0,0,0,0,0
1787,64574,0,0,0,0,0,0
1788,64584,0,0,0,0,0,0
1789,64594,0,0,0,0,0,0
1790,64604,0,0,0,0,0,0
1791,64614,0,0,0,0,0,0
1792,64624,0,0,0,0,0,0
1793,64634,0,0,0,0,0,0
1794,64644,0,0,0,0,0,0
1795,64654,0,0,0,0,0,0
1796,64664,0,0,0,0,0,0
1797,64674,0,0,0,0,0,0
1798,64684,0,0,0,0,0,0
1799,64694,0,0,0,0,0,0
1800,64704,0,0,0,0,0,0
1801,64714,0,0,0,0,0,0
1802,64724,0,0,0,0,0,0
1803,64734,0,0,0,0,0,0
1804,64744,0,0,0,0,0,0
1805,64754,0,0,0,0,0,0
1806,64764,0,0,0,0,0,0
1807,64774,0,0,0,0,0,0
1808,64784,0,0,0,0,0,0
1809,64794,0,0,0,0,0,0
1810,64804,0,0,0,0,0,0
1811,64814,0,0,0,0,0,0
1812,64824,0,0,0,0,0,0
1813,64834,0,0,0,0,0,0
1814,64844,0,0,0,0,0,0
1815,64854,0,0,0,0,0,0
1816,64864,0,0,0,0,0,0
1817,64874,0,0,0,0,0,0
1818,64884,0,0,0,0,0,0
1819,64894,0,0,0,0,0,0
1820,64904,0,0,0,0,0,0
1821,64914,0,0,0,0,0,0
1822,64924,0,0,0,0,0,0
1823,64934,0,0,0,0,0,0
1824,64944,0,0,0,0,0,0
1825,64954,0,0,0,0,0,0
1826,64964,0,0,0,0,0,0
1827,64974,0,0,0,0,0,0
1828,64984,0,0,0,0,0,0
1829,64994,0,0,0,0,0,0
1830,65004,0,0,0,0,0,0
1831,65014,0,0,0,0,0,0
1832,65024,0,0,0,0,0,0
1833,65034,0,0,0,0,0,0
1834,65044,0,0,0,0,0,0
1835,65054,0,0,0,0,0,0
1836,65064,0,0,0,0,0,0
1837,65074,0,0,0,0,0,0
1838,65084,0,0,0,0,0,0
1839,65094,0,0,0,0,0,0
1840,65104,0,0,0,0,0,0
1841,65114,0,0,0,0,0,0
1842,65124,0,0,0,0,0,0
1843,65134,0,0,0,0,0,0
1844,65144,0,0,0,0,0,0
1845,65154,0,0,0,0,0,0
1846,65164,0,0,0,0,0,0
1847,65174,0,0,0,0,0,0
1848,65184,0,0,0,0,0,0
1849,65194,0,0,0,0,0,0
1850,65204,0,0,0,0,0,0
1851,65214,0,0,0,0,0,0
1852,65224,0,0,0,0,0,0
1853,65234,0,0,0,0,0,0
1854,65244,0,0,0,0,0,0
1855,65254,0,0,0,0,0,0
1856,65264,0,0,0,0,0,0
1857,65274,0,0,0,0,0,0
1858,65284,0,0,0,0,0,0
1859,65294,0,0,0,0,0,0
1860,65304,0,0,0,0,0,0
1861,65314,0,0,0,0,0,0
1862,65324,0,0,0,0,0,0
1863,65334,0,0,0,0,0,0
1864,65344,0,0,0,0,0,0
1865,65354,0,0,0,0,0,0
1866,65364,0,0,0,0,0,0
1867,65374,0,0,0,0,0,0
1868,65384,0,0,0,0,0,0
1869,65394,0,0,0,0,0,0
1870,65404,0,0,0,0,0,0
1871,65414,0,0,0,0,0,0
1872,65424,0,0,0,0,0,0
1873,65434,0,0,0,0,0,0
1874,65444,0,0,0,0,0,0
1875,65454,0,0,0,0,0,0
1876,65464,0,0,0,0,0,0
1877,65474,0,0,0,0,0,0
1878,65484,0,0,0,0,0,0
1879,65494,0,0,0,0,0,0
1880,65504,0,0,0,0,0,0
1881,65514,0,0,0,0,0,0
1882,65524,0,0,0,0,0,0
1883,65534,0,0,0,0,0,0
1884,65544,0,0,0,0,0,0
1885,65554,0,0,0,0,0,0
1886,65564,0,0,0,0,0,0
1887,65574,0,0,0,0,0,0
1888,65584,0,0,0,0,0,0
1889,65594,0,0,0,0,0,0
1890,65604,0,0,0,0,0,0
1891,65614,0,0,0,0,0,0
1892,65624,0,0,0,0,0,0
1893,65634,0,0,0,0,0,0
1894,65644,0,0,0,0,0,0
1895,65654,0,0,0,0,0,0
1896,65664,0,0,0,0,0,0
1897,65674,0,0,0,0,0,0
1898,65684,0,0,0,0,0,0
1899,65694,0,0,0,0,0,0
1900,65704,0,0,0,0,0,0
1901,65714,0,0,0,0,0,0
1902,65724,0,0,0,0,0,0
1903,65734,0,0,0,0,0,0
1904,65744,0,0,0,0,0,0
1905,65754,0,0,0,0,0,0
1906,65764,0,0,0,0,0,0
1907,65774,0,0,0,0,0,0
1908,65784,0,0,0,0,0,0
1909,65794,0,0,0,0,0,0
1910,65804,0,0,0,0,0,0
1911,65814,0,0,0,0,0,0
1912,65824,0,0,0,0,0,0
1913,65834,0,0,0,0,0,0
1914,65844,0,0,0,0,0,0
1915,65854,0,0,0,0,0,0
1916,65864,0,0,0,0,0,0
1917,65874,0,0,0,0,0,0
1918,65884,0,0,0,0,0,0
1919,65894,0,0,0,0,0,0
1920,65904,0,0,0,0,0,0
1921,65914,0,0,0,0,0,0
1922,65924,0,0,0,0,0,0
1923,65934,0,0,0,0,0,0
1924,65944,0,0,0,0,0,0
1925,65954,0,0,0,0,0,0
1926,65964,0,0,0,0,0,0
1927,65974,0,0,0,0,0,0
1928,65984,0,0,0,0,0,0
1929,65994,0,0,0,0,0,0
1930,66004,0,0,0,0,0,0
1931,66014,0,0,0,0,0,0
1932,66024,0,0,0,0,0,0
1933,66034,0,0,0,0,0,0
1934,66044,0,0,0,0,0,0
1935,66054,0,0,0,0,0,0
1936,66064,0,0,0,0,0,0
1937,66074,0,0,0,0,0,0
1938,66084,0,0,0,0,0,0
1939,66094,0,0,0,0,0,0
1940,66104,0,0,0,0,0,0
1941,66114,0,0,0,0,0,0
1942,66124,0,0,0,0,0,0
1943,66134,0,0,0,0,0,0
1944,66144,0,0,0,0,0,0
1945,66154,0,0,0,0,0,0
1946,66164,0,0,0,0,0,0
1947,66174,0,0,0,0,0,0
1948,66184,0,0,0,0,0,0
1949,66194,0,0,0,0,0,0
1950,66204,0,0,0,0,0,0
1951,66214,0,0,0,0,0,0
1952,66224,0,0,0,0,0,0
1953,66234,0,0,0,0,0,0
1954,66244,0,0,0,0,0,0
1955,66254,0,0,0,0,0,0
1956,66264,0,0,0,0,0,0
1957,66274,0,0,0,0,0,0
1958,66284,0,0,0,0,0,0
1959,66294,0,0,0,0,0,0
1960,66304,0,0,0,0,0,0
1961,66314,0,0,0,0,0,0
1962,66324,0,0,0,0,0,0
1963,66334,0,0,0,0,0,0
1964,66344,0,0,0,0,0,0
1965,66354,0,0,0,0,0,0
1966,66364,0,0,0,0,0,0
1967,66374,0,0,0,0,0,0
1968,66384,0,0,0,0,0,0
1969,66394,0,0,0,0,0,0
1970,66404,0,0,0,0,0,0
1971,66414,0,0,0,0,0,0
1972,66424,0,0,0,0,0,0
1973,66434,0,0,0,0,0,0
1974,66444,0,0,0,0,0,0
1975,66454,0,0,0,0,0,0
1976,66464,0,0,0,0,0,0
1977,66474,0,0,0,0,0,0
1978,66484,0,0,0,0,0,0
1979,66494,0,0,0,0,0,0
1980,66504,0,0,0,0,0,0
1981,66514,0,0,0,0,0,0
1982,66524,0,0,0,0,0,0
1983,66534,0,0,0,0,0,0
1984,66544,0,0,0,0,0,0
1985,66554,0,0,0,0,0,0
1986,66564,0,0,0,0,0,0
1987,66574,0,0,0,0,0,0
1988,66584,0,0,0,0,0,0
1989,66594,0,0,0,0,0,0
1990,66604,0,0,0,0,0,0
1991,66614,0,0,0,0,0,0
1992,66624,0,0,0,0,0,0
1993,66634,0,0,0,0,0,0
1994,66644,0,0,0,0,0,0
1995,66654,0,0,0,0,0,0
1996,66664,0,0,0,0,0,0
1997,66674,0,0,0,0,0,0
1998,66684,0,0,0,0,0,0
1999,66694,0,0,0,0,0,0
2000,66704,0,0,0,0,0,0
2001,66714,0,0,0,0,0,0
2002,66724,0,0,0,0,0,0
2003,66734,0,0,0,0,0,0
2004,66744,0,0,0,0,0,0
2005,66754,0,0,0,0,0,0
2006,66764,0,0,0,0,0,0
2007,66774,0,0,0,0,0,0
2008,66784,0,0,0,0,0,0
2009,66794,0,0,0,0,0,0
2010,66804,0,0,0,0,0,0
2011,66814,0,0,0,0,0,0
2012,66824,0,0,0,0,0,0
2013,66834,0,0,0,0,0,0
2014,66844,0,0,0,0,0,0
2015,66854,0,0,0,0,0,0
2016,66864,0,0,0,0,0,0
2017,66874,0,0,0,0,0,0
2018,66884,0,0,0,0,0,0
2019,66894,0,0,0,0,0,0
2020,66904,0,0,0,0,0,0
2021,66914,0,0,0,0,0,0
2022,66924,0,0,0,0,0,0
2023,66934,0,0,0,0,0,0
2024,66944,0,0,0,0,0,0
2025,66954,0,0,0,0,0,0
2026,66964,0,0,0,0,0,0
2027,66974,0,0,0,0,0,0
2028,66984,0,0,0,0,0,0
2029,66994,0,0,0,0,0,0
2030,67004,0,0,0,0,0,0
2031,67014,0,0,0,0,0,0
2032,67024,0,0,0,0,0,0
2033,67034,0,0,0,0,0,0
2034,67044,0,0,0,0,0,0
2035,67054,0,0,0,0,0,0
2036,67064,0,0,0,0,0,0
2037,67074,0,0,0,0,0,0
2038,67084,0,0,0,0,0,0
2039,67094,0,0,0,0,0,0
2040,67104,0,0,0,0,0,0
2041,67114,0,0,0,0,0,0
2042,67124,0,0,0,0,0,0
2043,67134,0,0,0,0,0,0
2044,67144,0,0,0,0,0,0
2045,67154,0,0,0,0,0,0
2046,67164,0,0,0,0,0,0
2047,67174,0,0,0,0,0,0
2048,67184,0,0,0,0,0,0
2049,67194,0,0,0,0,0,0
2050,67204,0,0,0,0,0,0
2051,67214,0,0,0,0,0,0
2052,67224,0,0,0,0,0,0
2053,67234,0,0,0,0,0,0
2054,67244,0,0,0,0,0,0
2055,67254,0,0,0,0,0,0
2056,67264,0,0,0,0,0,0
2057,67274,0,0,0,0,0,0
2058,67284,0,0,0,0,0,0
2059,67294,0,0,0,0,0,0
2060,67304,0,0,0,0,0,0
2061,67314,0,0,0,0,0,0
2062,67324,0,0,0,0,0,0
2063,67334,0,0,0,0,0,0
2064,67344,0,0,0,0,0,0
2065,67354,0,0,0,0,0,0
2066,67364,0,0,0,0,0,0
2067,67374,0,0,0,0,0,0
2068,67384,0,0,0,0,0,0
2069,67394,0,0,0,0,0,0
2070,67404,0,0,0,0,0,0
2071,67414,0,0,0,0,0,0
2072,67424,0,0,0,0,0,0
2073,67434,0,0,0,0,0,0
2074,67444,0,0,0,0,0,0
2075,67454,0,0,0,0,0,0
2076,67464,0,0,0,0,0,0
2077,67474,0,0,0,0,0,0
2078,67484,0,0,0,0,0,0
2079,67494,0,0,0,0,0,0
2080,67504,0,0,0,0,0,0
2081,67514,0,0,0,0,0,0
2082,67524,0,0,0,0,0,0
2083,67534,0,0,0,0,0,0
2084,67544,0,0,0,0,0,0
2085,67554,0,0,0,0,0,0
2086,67564,0,0,0,0,0,0
2087,67574,0,0,0,0,0,0
2088,67584,0,0,0,0,0,0
2089,67594,0,0,0,0,0,0
2090,67604,0,0,0,0,0,0
2091,67614,0,0,0,0,0,0
2092,67624,0,0,0,0,0,0
2093,67634,0,0,0,0,0,0
2094,67644,0,0,0,0,0,0
2095,67654,0,0,0,0,0,0
2096,67664,0,0,0,0,0,0
2097,67674,0,0,0,0,0,0
2098,67684,0,0,0,0,0,0
2099,67694,0,0,0,0,0,0
2100,67704,0,0,0,0,0,0
2101,67714,0,0,0,0,0,0
2102,67724,0,0,0,0,0,0
2103,67734,0,0,0,0,0,0
2104,67744,0,0,0,0,0,0
2105,67754,0,0,0,0,0,0
2106,67764,0,0,0,0,0,0
2107,67774,0,0,0,0,0,0
2108,67784,0,0,0,0,0,0
2109,67794,0,0,0,0,0,0
2110,67804,0,0,0,0,0,0
2111,67814,0,0,0,0,0,0
2112,67824,0,0,0,0,0,0
2113,67834,0,0,0,0,0,0
2114,67844,0,0,0,0,0,0
2115,67854,0,0,0,0,0,0
2116,67864,0,0,0,0,0,0
2117,67874,0,0,0,0,0,0
2118,67884,0,0,0,0,0,0
2119,67894,0,0,0,0,0,0
2120,67904,0,0,0,0,0,0
2121,67914,0,0,0,0,0,0
2122,67924,0,0,0,0,0,0
2123,67934,0,0,0,0,0,0
2124,67944,0,0,0,0,0,0
2125,67954,0,0,0,0,0,0
2126,67964,0,0,0,0,0,0
2127,67974,0,0,0,0,0,0
2128,67984,0,0,0,0,0,0
2129,67994,0,0,0,0,0,0
2130,68004,0,0,0,0,0,0
2131,68014,0,0,0,0,0,0
2132,68024,0,0,0,0,0,0
2133,68034,0,0,0,0,0,0
2134,68044,0,0,0,0,0,0
2135,68054,0,0,0,0,0,0
2136,68064,0,0,0,0,0,0
2137,68074,0,0,0,0,0,0
2138,68084,0,0,0,0,0,0
2139,68094,0,0,0,0,0,0
2140,68104,0,0,0,0,0,0
2141,68114,0,0,0,0,0,0
2142,68124,0,0,0,0,0,0
2143,68134,0,0,0,0,0,0
2144,68144,0,0,0,0,0,0
2145,68154,0,0,0,0,0,0
2146,68164,0,0,0,0,0,0
2147,68174,0,0,0,0,0,0
2148,68184,0,0,0,0,0,0
2149,68194,0,0,0,0,0,0
2150,68204,0,0,0,0,0,0
2151,68214,0,0,0,0,0,0
2152,68224,0,0,0,0,0,0
2153,68234,0,0,0,0,0,0
2154,68244,0,0,0,0,0,0
2155,68254,0,0,0,0,0,0
2156,68264,0,0,0,0,0,0
2157,68274,0,0,0,0,0,0
2158,68284,0,0,0,0,0,0
2159,68294,0,0,0,0,0,0
2160,68304,0,0,0,0,0,0
2161,68314,0,0,0,0,0,0
2162,68324,0,0,0,0,0,0
2163,68334,0,0,0,0,0,0
2164,68344,0,0,0,0,0,0
2165,68354,0,0,0,0,0,0
2166,68364,0,0,0,0,0,0
2167,68374,0,0,0,0,0,0
2168,68384,0,0,0,0,0,0
2169,68394,0,0,0,0,0,0
2170,68404,0,0,0,0,0,0
2171,68414,0,0,0,0,0,0
2172,68424,0,0,0,0,0,0
2173,68434,0,0,0,0,0,0
2174,68444,0,0,0,0,0,0
2175,68454,0,0,0,0,0,0
2176,68464,0,0,0,0,0,0
2177,68474,0,0,0,0,0,0
2178,68484,0,0,0,0,0,0
2179,68494,0,0,0,0,0,0
2180,68504,0,0,0,0,0,0
2181,68514,0,0,0,0,0,0
2182,68524,0,0,0,0,0,0
2183,68534,0,0,0,0,0,0
2184,68544,0,0,0,0,0,0
2185,68554,0,0,0,0,0,0
2186,68564,0,0,0,0,0,0
2187,68574,0,0,0,0,0,0
2188,68584,0,0,0,0,0,0
