,ts,q0_estimated,q1_estimated,q2_estimated,q3_estimated,q0_raw,q1_raw,q2_raw,q3_raw
0,-0.009,6.5,-0.645,-0.128,7.57,6.5,-0.645,-0.128,7.57
1,0.001,6.514,-0.659,-0.17,7.556,6.514,-0.659,-0.17,7.556
2,0.011,6.531,-0.632,-0.267,7.541,6.531,-0.632,-0.267,7.541
3,0.021,6.553,-0.604,-0.386,7.519,6.553,-0.604,-0.386,7.519
4,0.031,6.577,-0.591,-0.45,7.495,6.577,-0.591,-0.45,7.495
5,0.041,6.587,-0.536,-0.411,7.493,6.587,-0.536,-0.411,7.493
6,0.051,6.566,-0.444,-0.295,7.523,6.566,-0.444,-0.295,7.523
7,0.061,6.523,-0.489,-0.05,7.563,6.523,-0.489,-0.05,7.563
8,0.071,6.46,-0.523,0.137,7.613,6.46,-0.523,0.137,7.613
9,0.081,6.392,-0.582,0.236,7.664,6.392,-0.582,0.236,7.664
10,0.091,6.35,-0.617,0.201,7.697,6.35,-0.617,0.201,7.697
11,0.101,6.329,-0.611,0.132,7.716,6.329,-0.611,0.132,7.716
12,0.111,6.322,-0.59,0.066,7.724,6.322,-0.59,0.066,7.724
13,0.121,6.324,-0.582,0.018,7.724,6.324,-0.582,0.018,7.724
14,0.131,6.328,-0.575,-0.004,7.721,6.328,-0.575,-0.004,7.721
15,0.141,6.328,-0.559,-0.004,7.722,6.328,-0.559,-0.004,7.722
16,0.151,6.323,-0.533,0.008,7.728,6.323,-0.533,0.008,7.728
17,0.161,6.31,-0.504,0.041,7.74,6.31,-0.504,0.041,7.74
18,0.171,6.299,-0.495,0.062,7.75,6.299,-0.495,0.062,7.75
19,0.181,6.296,-0.517,0.089,7.751,6.296,-0.517,0.089,7.751
20,0.191,6.296,-0.5,0.117,7.751,6.296,-0.5,0.117,7.751
21,0.201,6.274,-0.404,0.207,7.773,6.274,-0.404,0.207,7.773
22,0.211,6.248,-0.376,0.228,7.795,6.248,-0.376,0.228,7.795
23,0.221,6.209,-0.328,0.249,7.827,6.209,-0.328,0.249,7.827
24,0.231,6.147,-0.247,0.27,7.879,6.147,-0.247,0.27,7.879
25,0.241,6.055,-0.125,0.298,7.951,6.055,-0.125,0.298,7.951
26,0.251,5.938,0.036,0.34,8.038,5.938,0.036,0.34,8.038
27,0.261,5.796,0.225,0.392,8.135,5.796,0.225,0.392,8.135
28,0.271,5.636,0.428,0.448,8.237,5.636,0.428,0.448,8.237
29,0.281,5.449,0.637,0.506,8.344,5.449,0.637,0.506,8.344
30,0.291,5.263,0.858,0.585,8.438,5.263,0.858,0.585,8.438
31,0.301,5.08,1.061,0.675,8.52,5.08,1.061,0.675,8.52
32,0.311,4.907,1.203,0.761,8.596,4.907,1.203,0.761,8.596
33,0.321,4.742,1.273,0.835,8.671,4.742,1.273,0.835,8.671
34,0.331,4.585,1.289,0.901,8.746,4.585,1.289,0.901,8.746
35,0.341,4.428,1.273,0.966,8.822,4.428,1.273,0.966,8.822
36,0.351,4.264,1.233,1.033,8.9,4.264,1.233,1.033,8.9
37,0.361,4.097,1.17,1.099,8.979,4.097,1.17,1.099,8.979
38,0.371,3.934,1.087,1.159,9.054,3.934,1.087,1.159,9.054
39,0.381,3.78,0.986,1.213,9.124,3.78,0.986,1.213,9.124
40,0.391,3.637,0.87,1.264,9.187,3.637,0.87,1.264,9.187
41,0.401,3.509,0.738,1.314,9.241,3.509,0.738,1.314,9.241
42,0.411,3.421,0.62,1.285,9.287,3.421,0.62,1.285,9.287
43,0.421,3.423,0.617,1.064,9.314,3.423,0.617,1.064,9.314
44,0.431,3.456,0.739,0.874,9.313,3.456,0.739,0.874,9.313
45,0.441,3.498,0.91,0.712,9.296,3.498,0.91,0.712,9.296
46,0.451,3.479,0.757,0.811,9.309,3.479,0.757,0.811,9.309
47,0.461,3.44,0.6,0.913,9.325,3.44,0.6,0.913,9.325
48,0.471,3.375,0.452,1.021,9.346,3.375,0.452,1.021,9.346
49,0.481,3.283,0.316,1.136,9.371,3.283,0.316,1.136,9.371
50,0.491,3.153,0.199,1.258,9.403,3.153,0.199,1.258,9.403
51,0.501,2.966,0.118,1.39,9.447,2.966,0.118,1.39,9.447
52,0.511,2.704,0.089,1.533,9.503,2.704,0.089,1.533,9.503
53,0.521,2.291,0.125,1.679,9.587,2.291,0.125,1.679,9.587
54,0.531,1.824,0.206,1.812,9.661,1.824,0.206,1.812,9.661
55,0.541,1.344,0.308,1.921,9.716,1.344,0.308,1.921,9.716
56,0.551,0.886,0.431,2.005,9.747,0.886,0.431,2.005,9.747
57,0.561,0.472,0.572,2.068,9.755,0.472,0.572,2.068,9.755
58,0.571,0.117,0.72,2.115,9.746,0.117,0.72,2.115,9.746
59,0.581,-0.182,0.861,2.153,9.725,-0.182,0.861,2.153,9.725
60,0.591,-0.432,0.978,2.184,9.699,-0.432,0.978,2.184,9.699
61,0.601,-0.646,1.07,2.207,9.672,-0.646,1.07,2.207,9.672
62,0.611,-0.835,1.144,2.221,9.646,-0.835,1.144,2.221,9.646
63,0.621,-0.996,1.209,2.222,9.623,-0.996,1.209,2.222,9.623
64,0.631,-1.126,1.268,2.213,9.603,-1.126,1.268,2.213,9.603
65,0.641,-1.227,1.327,2.197,9.586,-1.227,1.327,2.197,9.586
66,0.651,-1.301,1.384,2.178,9.573,-1.301,1.384,2.178,9.573
67,0.661,-1.346,1.436,2.159,9.563,-1.346,1.436,2.159,9.563
68,0.671,-1.365,1.475,2.142,9.558,-1.365,1.475,2.142,9.558
69,0.681,-1.361,1.499,2.131,9.558,-1.361,1.499,2.131,9.558
70,0.691,-1.344,1.509,2.125,9.56,-1.344,1.509,2.125,9.56
71,0.701,-1.32,1.509,2.122,9.564,-1.32,1.509,2.122,9.564
72,0.711,-1.294,1.504,2.118,9.569,-1.294,1.504,2.118,9.569
73,0.721,-1.266,1.495,2.111,9.576,-1.266,1.495,2.111,9.576
74,0.731,-1.237,1.484,2.099,9.584,-1.237,1.484,2.099,9.584
75,0.741,-1.202,1.47,2.085,9.594,-1.202,1.47,2.085,9.594
76,0.751,-1.159,1.447,2.068,9.606,-1.159,1.447,2.068,9.606
77,0.761,-1.102,1.415,2.05,9.621,-1.102,1.415,2.05,9.621
78,0.771,-1.056,1.375,2.06,9.63,-1.056,1.375,2.06,9.63
79,0.781,-1.039,1.323,2.129,9.624,-1.039,1.323,2.129,9.624
80,0.791,-1.051,1.273,2.212,9.611,-1.051,1.273,2.212,9.611
81,0.801,-1.066,1.258,2.26,9.6,-1.066,1.258,2.26,9.6
82,0.811,-1.065,1.252,2.259,9.601,-1.065,1.252,2.259,9.601
83,0.821,-1.039,1.244,2.227,9.613,-1.039,1.244,2.227,9.613
84,0.831,-0.998,1.199,2.184,9.632,-0.998,1.199,2.184,9.632
85,0.841,-0.95,1.101,2.143,9.658,-0.95,1.101,2.143,9.658
86,0.851,-0.887,0.961,2.09,9.691,-0.887,0.961,2.09,9.691
87,0.861,-0.786,0.818,2.022,9.727,-0.786,0.818,2.022,9.727
88,0.871,-0.636,0.693,1.951,9.762,-0.636,0.693,1.951,9.762
89,0.881,-0.447,0.584,1.899,9.79,-0.447,0.584,1.899,9.79
90,0.891,-0.246,0.515,1.873,9.806,-0.246,0.515,1.873,9.806
91,0.901,-0.045,0.506,1.871,9.81,-0.045,0.506,1.871,9.81
92,0.911,0.144,0.546,1.883,9.804,0.144,0.546,1.883,9.804
93,0.921,0.322,0.602,1.885,9.796,0.322,0.602,1.885,9.796
94,0.931,0.496,0.644,1.855,9.792,0.496,0.644,1.855,9.792
95,0.941,0.683,0.651,1.786,9.793,0.683,0.651,1.786,9.793
96,0.951,0.886,0.623,1.7,9.794,0.886,0.623,1.7,9.794
97,0.961,1.095,0.573,1.625,9.789,1.095,0.573,1.625,9.789
98,0.971,1.305,0.502,1.569,9.776,1.305,0.502,1.569,9.776
99,0.981,1.514,0.413,1.518,9.758,1.514,0.413,1.518,9.758
100,0.991,1.741,0.308,1.465,9.732,1.741,0.308,1.465,9.732
101,1.001,1.968,0.206,1.409,9.7,1.968,0.206,1.409,9.7
102,1.011,2.198,0.118,1.351,9.66,2.198,0.118,1.351,9.66
103,1.021,2.423,0.05,1.298,9.614,2.423,0.05,1.298,9.614
104,1.031,2.637,0.002,1.258,9.563,2.637,0.002,1.258,9.563
105,1.041,2.83,-0.025,1.228,9.512,2.83,-0.025,1.228,9.512
106,1.051,3.001,-0.036,1.205,9.462,3.001,-0.036,1.205,9.462
107,1.061,3.145,-0.032,1.198,9.416,3.145,-0.032,1.198,9.416
108,1.071,3.261,-0.025,1.206,9.376,3.261,-0.025,1.206,9.376
109,1.081,3.349,-0.021,1.224,9.342,3.349,-0.021,1.224,9.342
110,1.091,3.417,-0.03,1.244,9.314,3.417,-0.03,1.244,9.314
111,1.101,3.479,-0.05,1.248,9.291,3.479,-0.05,1.248,9.291
112,1.111,3.538,-0.071,1.242,9.269,3.538,-0.071,1.242,9.269
113,1.121,3.601,-0.096,1.23,9.246,3.601,-0.096,1.23,9.246
114,1.131,3.669,-0.128,1.212,9.222,3.669,-0.128,1.212,9.222
115,1.141,3.745,-0.164,1.191,9.193,3.745,-0.164,1.191,9.193
116,1.151,3.822,-0.2,1.171,9.163,3.822,-0.2,1.171,9.163
117,1.161,3.898,-0.224,1.166,9.131,3.898,-0.224,1.166,9.131
118,1.171,3.964,-0.243,1.164,9.103,3.964,-0.243,1.164,9.103
119,1.181,4.024,-0.261,1.161,9.076,4.024,-0.261,1.161,9.076
120,1.191,4.076,-0.28,1.154,9.053,4.076,-0.28,1.154,9.053
121,1.201,4.126,-0.3,1.142,9.031,4.126,-0.3,1.142,9.031
122,1.211,4.18,-0.321,1.124,9.008,4.18,-0.321,1.124,9.008
123,1.221,4.237,-0.341,1.103,8.983,4.237,-0.341,1.103,8.983
124,1.231,4.305,-0.359,1.081,8.953,4.305,-0.359,1.081,8.953
125,1.241,4.375,-0.375,1.059,8.921,4.375,-0.375,1.059,8.921
126,1.251,4.443,-0.389,1.041,8.889,4.443,-0.389,1.041,8.889
127,1.261,4.512,-0.402,1.019,8.856,4.512,-0.402,1.019,8.856
128,1.271,4.575,-0.411,1.001,8.825,4.575,-0.411,1.001,8.825
129,1.281,4.63,-0.421,0.991,8.797,4.63,-0.421,0.991,8.797
130,1.291,4.673,-0.426,0.989,8.774,4.673,-0.426,0.989,8.774
131,1.301,4.705,-0.425,0.994,8.757,4.705,-0.425,0.994,8.757
132,1.311,4.724,-0.422,1.002,8.746,4.724,-0.422,1.002,8.746
133,1.321,4.733,-0.419,1.01,8.74,4.733,-0.419,1.01,8.74
134,1.331,4.738,-0.42,1.016,8.736,4.738,-0.42,1.016,8.736
135,1.341,4.747,-0.437,1.001,8.733,4.747,-0.437,1.001,8.733
136,1.351,4.77,-0.47,0.963,8.723,4.77,-0.47,0.963,8.723
137,1.361,4.815,-0.52,0.906,8.701,4.815,-0.52,0.906,8.701
138,1.371,4.879,-0.568,0.845,8.668,4.879,-0.568,0.845,8.668
139,1.381,4.955,-0.605,0.791,8.628,4.955,-0.605,0.791,8.628
140,1.391,5.027,-0.61,0.749,8.59,5.027,-0.61,0.749,8.59
141,1.401,5.091,-0.59,0.713,8.556,5.091,-0.59,0.713,8.556
142,1.411,5.15,-0.571,0.684,8.525,5.15,-0.571,0.684,8.525
143,1.421,5.204,-0.56,0.667,8.494,5.204,-0.56,0.667,8.494
144,1.431,5.253,-0.555,0.659,8.464,5.253,-0.555,0.659,8.464
145,1.441,5.299,-0.559,0.65,8.436,5.299,-0.559,0.65,8.436
146,1.451,5.345,-0.574,0.641,8.407,5.345,-0.574,0.641,8.407
147,1.461,5.391,-0.602,0.641,8.375,5.391,-0.602,0.641,8.375
148,1.471,5.435,-0.632,0.664,8.343,5.435,-0.632,0.664,8.343
149,1.481,5.475,-0.665,0.673,8.314,5.475,-0.665,0.673,8.314
150,1.491,5.518,-0.698,0.673,8.282,5.518,-0.698,0.673,8.282
151,1.501,5.564,-0.732,0.67,8.249,5.564,-0.732,0.67,8.249
152,1.511,5.614,-0.767,0.663,8.212,5.614,-0.767,0.663,8.212
153,1.521,5.666,-0.801,0.653,8.174,5.666,-0.801,0.653,8.174
154,1.531,5.729,-0.81,0.608,8.133,5.729,-0.81,0.608,8.133
155,1.541,5.796,-0.796,0.56,8.09,5.796,-0.796,0.56,8.09
156,1.551,5.859,-0.778,0.53,8.048,5.859,-0.778,0.53,8.048
157,1.561,5.913,-0.771,0.515,8.01,5.913,-0.771,0.515,8.01
158,1.571,5.964,-0.78,0.503,7.972,5.964,-0.78,0.503,7.972
159,1.581,6.018,-0.794,0.485,7.931,6.018,-0.794,0.485,7.931
160,1.591,6.073,-0.816,0.461,7.888,6.073,-0.816,0.461,7.888
161,1.601,6.138,-0.847,0.437,7.836,6.138,-0.847,0.437,7.836
162,1.611,6.213,-0.884,0.416,7.774,6.213,-0.884,0.416,7.774
163,1.621,6.296,-0.923,0.39,7.703,6.296,-0.923,0.39,7.703
164,1.631,6.383,-0.959,0.362,7.629,6.383,-0.959,0.362,7.629
165,1.641,6.469,-0.989,0.333,7.553,6.469,-0.989,0.333,7.553
166,1.651,6.55,-1.015,0.305,7.481,6.55,-1.015,0.305,7.481
167,1.661,6.619,-0.971,0.286,7.426,6.619,-0.971,0.286,7.426
168,1.671,6.686,-0.986,0.249,7.365,6.686,-0.986,0.249,7.365
169,1.681,6.757,-1.013,0.221,7.297,6.757,-1.013,0.221,7.297
170,1.691,6.822,-1.032,0.2,7.235,6.822,-1.032,0.2,7.235
171,1.701,6.883,-1.046,0.185,7.174,6.883,-1.046,0.185,7.174
172,1.711,6.938,-1.059,0.175,7.12,6.938,-1.059,0.175,7.12
173,1.721,6.989,-1.074,0.165,7.068,6.989,-1.074,0.165,7.068
174,1.731,7.039,-1.095,0.152,7.016,7.039,-1.095,0.152,7.016
175,1.741,7.089,-1.12,0.136,6.961,7.089,-1.12,0.136,6.961
176,1.751,7.146,-1.152,0.113,6.898,7.146,-1.152,0.113,6.898
177,1.761,7.208,-1.186,0.083,6.828,7.208,-1.186,0.083,6.828
178,1.771,7.275,-1.219,0.043,6.751,7.275,-1.219,0.043,6.751
179,1.781,7.35,-1.246,-0.009,6.665,7.35,-1.246,-0.009,6.665
180,1.791,7.424,-1.261,-0.073,6.578,7.424,-1.261,-0.073,6.578
181,1.801,7.496,-1.247,-0.143,6.497,7.496,-1.247,-0.143,6.497
182,1.811,7.557,-1.214,-0.191,6.432,7.557,-1.214,-0.191,6.432
183,1.821,7.602,-1.178,-0.223,6.384,7.602,-1.178,-0.223,6.384
184,1.831,7.636,-1.152,-0.257,6.347,7.636,-1.152,-0.257,6.347
185,1.841,7.658,-1.14,-0.293,6.321,7.658,-1.14,-0.293,6.321
186,1.851,7.679,-1.134,-0.328,6.294,7.679,-1.134,-0.328,6.294
187,1.861,7.703,-1.134,-0.351,6.264,7.703,-1.134,-0.351,6.264
188,1.871,7.729,-1.145,-0.361,6.229,7.729,-1.145,-0.361,6.229
189,1.881,7.759,-1.163,-0.372,6.188,7.759,-1.163,-0.372,6.188
190,1.891,7.79,-1.182,-0.382,6.144,7.79,-1.182,-0.382,6.144
191,1.901,7.821,-1.193,-0.386,6.103,7.821,-1.193,-0.386,6.103
192,1.911,7.842,-1.182,-0.378,6.079,7.842,-1.182,-0.378,6.079
193,1.921,7.846,-1.165,-0.366,6.077,7.846,-1.165,-0.366,6.077
194,1.931,7.839,-1.134,-0.379,6.091,7.839,-1.134,-0.379,6.091
195,1.941,7.821,-1.07,-0.38,6.127,7.821,-1.07,-0.38,6.127
196,1.951,7.797,-1.027,-0.366,6.164,7.797,-1.027,-0.366,6.164
197,1.961,7.772,-1.005,-0.367,6.2,7.772,-1.005,-0.367,6.2
198,1.971,7.751,-1.003,-0.376,6.226,7.751,-1.003,-0.376,6.226
199,1.981,7.733,-1.0,-0.379,6.249,7.733,-1.0,-0.379,6.249
200,1.991,7.713,-0.969,-0.385,6.278,7.713,-0.969,-0.385,6.278
201,2.001,7.695,-0.949,-0.417,6.3,7.695,-0.949,-0.417,6.3
202,2.011,7.687,-0.944,-0.478,6.306,7.687,-0.944,-0.478,6.306
203,2.021,7.686,-0.932,-0.529,6.305,7.686,-0.932,-0.529,6.305
204,2.031,7.687,-0.909,-0.574,6.304,7.687,-0.909,-0.574,6.304
205,2.041,7.686,-0.89,-0.609,6.305,7.686,-0.89,-0.609,6.305
206,2.051,7.684,-0.879,-0.61,6.308,7.684,-0.879,-0.61,6.308
207,2.061,7.683,-0.896,-0.6,6.308,7.683,-0.896,-0.6,6.308
208,2.071,7.681,-0.927,-0.555,6.31,7.681,-0.927,-0.555,6.31
209,2.081,7.672,-0.934,-0.518,6.323,7.672,-0.934,-0.518,6.323
210,2.091,7.658,-0.933,-0.502,6.341,7.658,-0.933,-0.502,6.341
211,2.101,7.645,-0.927,-0.498,6.359,7.645,-0.927,-0.498,6.359
212,2.111,7.632,-0.919,-0.496,6.375,7.632,-0.919,-0.496,6.375
213,2.121,7.618,-0.907,-0.491,6.394,7.618,-0.907,-0.491,6.394
214,2.131,7.604,-0.895,-0.489,6.412,7.604,-0.895,-0.489,6.412
215,2.141,7.591,-0.886,-0.485,6.43,7.591,-0.886,-0.485,6.43
216,2.151,7.579,-0.878,-0.479,6.446,7.579,-0.878,-0.479,6.446
217,2.161,7.568,-0.869,-0.474,6.46,7.568,-0.869,-0.474,6.46
218,2.171,7.558,-0.865,-0.47,6.472,7.558,-0.865,-0.47,6.472
219,2.181,7.55,-0.865,-0.471,6.482,7.55,-0.865,-0.471,6.482
220,2.191,7.544,-0.868,-0.476,6.488,7.544,-0.868,-0.476,6.488
221,2.201,7.543,-0.873,-0.483,6.488,7.543,-0.873,-0.483,6.488
222,2.211,7.546,-0.878,-0.49,6.483,7.546,-0.878,-0.49,6.483
223,2.221,7.551,-0.878,-0.492,6.477,7.551,-0.878,-0.492,6.477
224,2.231,7.554,-0.876,-0.492,6.474,7.554,-0.876,-0.492,6.474
225,2.241,7.553,-0.874,-0.493,6.476,7.553,-0.874,-0.493,6.476
226,2.251,7.549,-0.873,-0.493,6.48,7.549,-0.873,-0.493,6.48
227,2.261,7.546,-0.873,-0.492,6.484,7.546,-0.873,-0.492,6.484
228,2.271,7.543,-0.872,-0.491,6.488,7.543,-0.872,-0.491,6.488
229,2.281,7.541,-0.871,-0.488,6.49,7.541,-0.871,-0.488,6.49
230,2.291,7.538,-0.869,-0.486,6.494,7.538,-0.869,-0.486,6.494
231,2.301,7.535,-0.866,-0.483,6.498,7.535,-0.866,-0.483,6.498
232,2.311,7.532,-0.865,-0.481,6.502,7.532,-0.865,-0.481,6.502
233,2.321,7.529,-0.864,-0.479,6.505,7.529,-0.864,-0.479,6.505
234,2.331,7.527,-0.864,-0.48,6.508,7.527,-0.864,-0.48,6.508
235,2.341,7.525,-0.865,-0.479,6.51,7.525,-0.865,-0.479,6.51
236,2.351,7.523,-0.865,-0.479,6.512,7.523,-0.865,-0.479,6.512
237,2.361,7.522,-0.864,-0.478,6.514,7.522,-0.864,-0.478,6.514
238,2.371,7.52,-0.864,-0.477,6.516,7.52,-0.864,-0.477,6.516
239,2.381,7.519,-0.864,-0.477,6.518,7.519,-0.864,-0.477,6.518
240,2.391,7.517,-0.862,-0.476,6.52,7.517,-0.862,-0.476,6.52
241,2.401,7.514,-0.86,-0.474,6.523,7.514,-0.86,-0.474,6.523
242,2.411,7.518,-0.859,-0.474,6.52,7.518,-0.859,-0.474,6.52
243,2.421,7.521,-0.857,-0.475,6.516,7.521,-0.857,-0.475,6.516
244,2.431,7.522,-0.858,-0.475,6.514,7.522,-0.858,-0.475,6.514
245,2.441,7.523,-0.858,-0.475,6.513,7.523,-0.858,-0.475,6.513
246,2.451,7.525,-0.86,-0.475,6.511,7.525,-0.86,-0.475,6.511
247,2.461,7.527,-0.86,-0.473,6.509,7.527,-0.86,-0.473,6.509
248,2.471,7.527,-0.86,-0.471,6.508,7.527,-0.86,-0.471,6.508
249,2.481,7.525,-0.861,-0.47,6.511,7.525,-0.861,-0.47,6.511
250,2.491,7.52,-0.861,-0.47,6.517,7.52,-0.861,-0.47,6.517
251,2.501,7.516,-0.861,-0.47,6.522,7.516,-0.861,-0.47,6.522
252,2.511,7.514,-0.86,-0.47,6.524,7.514,-0.86,-0.47,6.524
253,2.521,7.511,-0.86,-0.469,6.528,7.511,-0.86,-0.469,6.528
254,2.531,7.509,-0.86,-0.469,6.53,7.509,-0.86,-0.469,6.53
255,2.541,7.507,-0.857,-0.47,6.533,7.507,-0.857,-0.47,6.533
256,2.551,7.504,-0.856,-0.469,6.536,7.504,-0.856,-0.469,6.536
257,2.561,7.503,-0.856,-0.469,6.537,7.503,-0.856,-0.469,6.537
258,2.571,7.5,-0.855,-0.469,6.541,7.5,-0.855,-0.469,6.541
259,2.581,7.499,-0.855,-0.469,6.542,7.499,-0.855,-0.469,6.542
260,2.591,7.497,-0.854,-0.469,6.545,7.497,-0.854,-0.469,6.545
261,2.601,7.495,-0.854,-0.468,6.546,7.495,-0.854,-0.468,6.546
262,2.611,7.493,-0.853,-0.466,6.549,7.493,-0.853,-0.466,6.549
263,2.621,7.496,-0.851,-0.466,6.546,7.496,-0.851,-0.466,6.546
264,2.631,7.5,-0.852,-0.464,6.542,7.5,-0.852,-0.464,6.542
265,2.641,7.503,-0.852,-0.463,6.538,7.503,-0.852,-0.463,6.538
266,2.651,7.499,-0.851,-0.461,6.544,7.499,-0.851,-0.461,6.544
267,2.661,7.495,-0.851,-0.46,6.548,7.495,-0.851,-0.46,6.548
268,2.671,7.492,-0.85,-0.459,6.552,7.492,-0.85,-0.459,6.552
269,2.681,7.49,-0.85,-0.458,6.554,7.49,-0.85,-0.458,6.554
270,2.691,7.487,-0.85,-0.457,6.558,7.487,-0.85,-0.457,6.558
271,2.701,7.485,-0.85,-0.455,6.56,7.485,-0.85,-0.455,6.56
272,2.711,7.483,-0.85,-0.453,6.562,7.483,-0.85,-0.453,6.562
273,2.721,7.481,-0.851,-0.452,6.564,7.481,-0.851,-0.452,6.564
274,2.731,7.481,-0.85,-0.451,6.565,7.481,-0.85,-0.451,6.565
275,2.741,7.478,-0.849,-0.452,6.568,7.478,-0.849,-0.452,6.568
276,2.751,7.476,-0.85,-0.451,6.57,7.476,-0.85,-0.451,6.57
277,2.761,7.476,-0.849,-0.45,6.57,7.476,-0.849,-0.45,6.57
278,2.771,7.474,-0.848,-0.449,6.573,7.474,-0.848,-0.449,6.573
279,2.781,7.473,-0.847,-0.447,6.574,7.473,-0.847,-0.447,6.574
280,2.791,7.471,-0.847,-0.447,6.577,7.471,-0.847,-0.447,6.577
281,2.801,7.47,-0.847,-0.445,6.578,7.47,-0.847,-0.445,6.578
282,2.811,7.469,-0.847,-0.445,6.579,7.469,-0.847,-0.445,6.579
283,2.821,7.471,-0.846,-0.445,6.577,7.471,-0.846,-0.445,6.577
284,2.831,7.474,-0.846,-0.446,6.573,7.474,-0.846,-0.446,6.573
285,2.841,7.477,-0.847,-0.446,6.57,7.477,-0.847,-0.446,6.57
286,2.851,7.478,-0.848,-0.446,6.568,7.478,-0.848,-0.446,6.568
287,2.861,7.479,-0.847,-0.446,6.568,7.479,-0.847,-0.446,6.568
288,2.871,7.48,-0.846,-0.446,6.566,7.48,-0.846,-0.446,6.566
289,2.881,7.479,-0.845,-0.446,6.568,7.479,-0.845,-0.446,6.568
290,2.891,7.473,-0.845,-0.444,6.574,7.473,-0.845,-0.444,6.574
291,2.901,7.469,-0.846,-0.443,6.579,7.469,-0.846,-0.443,6.579
292,2.911,7.467,-0.844,-0.442,6.582,7.467,-0.844,-0.442,6.582
293,2.921,7.463,-0.843,-0.44,6.587,7.463,-0.843,-0.44,6.587
294,2.931,7.461,-0.843,-0.441,6.588,7.461,-0.843,-0.441,6.588
295,2.941,7.458,-0.842,-0.44,6.592,7.458,-0.842,-0.44,6.592
296,2.951,7.456,-0.843,-0.438,6.595,7.456,-0.843,-0.438,6.595
297,2.961,7.454,-0.842,-0.436,6.597,7.454,-0.842,-0.436,6.597
298,2.971,7.452,-0.842,-0.435,6.599,7.452,-0.842,-0.435,6.599
299,2.981,7.452,-0.842,-0.436,6.599,7.452,-0.842,-0.436,6.599
300,2.991,7.451,-0.841,-0.436,6.601,7.451,-0.841,-0.436,6.601
301,3.001,7.449,-0.841,-0.436,6.603,7.449,-0.841,-0.436,6.603
302,3.011,7.45,-0.84,-0.437,6.602,7.45,-0.84,-0.437,6.602
303,3.021,7.453,-0.839,-0.438,6.599,7.453,-0.839,-0.438,6.599
304,3.031,7.456,-0.839,-0.437,6.595,7.456,-0.839,-0.437,6.595
305,3.041,7.459,-0.837,-0.437,6.592,7.459,-0.837,-0.437,6.592
306,3.051,7.456,-0.834,-0.435,6.596,7.456,-0.834,-0.435,6.596
307,3.061,7.452,-0.834,-0.434,6.6,7.452,-0.834,-0.434,6.6
308,3.071,7.449,-0.838,-0.436,6.604,7.449,-0.838,-0.436,6.604
309,3.081,7.447,-0.842,-0.438,6.605,7.447,-0.842,-0.438,6.605
310,3.091,7.446,-0.841,-0.435,6.607,7.446,-0.841,-0.435,6.607
311,3.101,7.443,-0.836,-0.427,6.611,7.443,-0.836,-0.427,6.611
312,3.111,7.437,-0.831,-0.419,6.619,7.437,-0.831,-0.419,6.619
313,3.121,7.433,-0.829,-0.416,6.624,7.433,-0.829,-0.416,6.624
314,3.131,7.431,-0.829,-0.417,6.626,7.431,-0.829,-0.417,6.626
315,3.141,7.429,-0.832,-0.421,6.628,7.429,-0.832,-0.421,6.628
316,3.151,7.428,-0.833,-0.422,6.629,7.428,-0.833,-0.422,6.629
317,3.161,7.427,-0.833,-0.421,6.63,7.427,-0.833,-0.421,6.63
318,3.171,7.425,-0.832,-0.42,6.632,7.425,-0.832,-0.42,6.632
319,3.181,7.424,-0.83,-0.416,6.634,7.424,-0.83,-0.416,6.634
320,3.191,7.421,-0.831,-0.416,6.637,7.421,-0.831,-0.416,6.637
321,3.201,7.42,-0.831,-0.417,6.638,7.42,-0.831,-0.417,6.638
322,3.211,7.422,-0.831,-0.417,6.636,7.422,-0.831,-0.417,6.636
323,3.221,7.425,-0.83,-0.415,6.633,7.425,-0.83,-0.415,6.633
324,3.231,7.428,-0.831,-0.414,6.629,7.428,-0.831,-0.414,6.629
325,3.241,7.43,-0.829,-0.413,6.627,7.43,-0.829,-0.413,6.627
326,3.251,7.429,-0.829,-0.411,6.628,7.429,-0.829,-0.411,6.628
327,3.261,7.43,-0.827,-0.41,6.628,7.43,-0.827,-0.41,6.628
328,3.271,7.43,-0.826,-0.411,6.627,7.43,-0.826,-0.411,6.627
329,3.281,7.431,-0.826,-0.413,6.626,7.431,-0.826,-0.413,6.626
330,3.291,7.428,-0.829,-0.414,6.63,7.428,-0.829,-0.414,6.63
331,3.301,7.424,-0.832,-0.414,6.634,7.424,-0.832,-0.414,6.634
332,3.311,7.421,-0.832,-0.413,6.637,7.421,-0.832,-0.413,6.637
333,3.321,7.418,-0.831,-0.412,6.641,7.418,-0.831,-0.412,6.641
334,3.331,7.416,-0.831,-0.411,6.643,7.416,-0.831,-0.411,6.643
335,3.341,7.415,-0.829,-0.411,6.645,7.415,-0.829,-0.411,6.645
336,3.351,7.412,-0.829,-0.41,6.647,7.412,-0.829,-0.41,6.647
337,3.361,7.411,-0.83,-0.41,6.648,7.411,-0.83,-0.41,6.648
338,3.371,7.409,-0.831,-0.407,6.651,7.409,-0.831,-0.407,6.651
339,3.381,7.409,-0.83,-0.405,6.651,7.409,-0.83,-0.405,6.651
340,3.391,7.407,-0.83,-0.403,6.654,7.407,-0.83,-0.403,6.654
341,3.401,7.406,-0.829,-0.403,6.655,7.406,-0.829,-0.403,6.655
342,3.411,7.408,-0.827,-0.404,6.652,7.408,-0.827,-0.404,6.652
343,3.421,7.412,-0.826,-0.404,6.648,7.412,-0.826,-0.404,6.648
344,3.431,7.415,-0.825,-0.403,6.646,7.415,-0.825,-0.403,6.646
345,3.441,7.416,-0.826,-0.402,6.644,7.416,-0.826,-0.402,6.644
346,3.451,7.412,-0.827,-0.403,6.649,7.412,-0.827,-0.403,6.649
347,3.461,7.41,-0.826,-0.402,6.65,7.41,-0.826,-0.402,6.65
348,3.471,7.407,-0.824,-0.4,6.655,7.407,-0.824,-0.4,6.655
349,3.481,7.403,-0.823,-0.398,6.659,7.403,-0.823,-0.398,6.659
350,3.491,7.399,-0.822,-0.397,6.663,7.399,-0.822,-0.397,6.663
351,3.501,7.397,-0.823,-0.396,6.666,7.397,-0.823,-0.396,6.666
352,3.511,7.395,-0.824,-0.395,6.669,7.395,-0.824,-0.395,6.669
353,3.521,7.393,-0.825,-0.398,6.67,7.393,-0.825,-0.398,6.67
354,3.531,7.392,-0.825,-0.398,6.671,7.392,-0.825,-0.398,6.671
355,3.541,7.392,-0.824,-0.396,6.672,7.392,-0.824,-0.396,6.672
356,3.551,7.391,-0.824,-0.396,6.673,7.391,-0.824,-0.396,6.673
357,3.561,7.39,-0.823,-0.396,6.673,7.39,-0.823,-0.396,6.673
358,3.571,7.389,-0.823,-0.397,6.674,7.389,-0.823,-0.397,6.674
359,3.581,7.389,-0.823,-0.397,6.675,7.389,-0.823,-0.397,6.675
360,3.591,7.388,-0.824,-0.396,6.676,7.388,-0.824,-0.396,6.676
361,3.601,7.388,-0.825,-0.397,6.676,7.388,-0.825,-0.397,6.676
362,3.611,7.392,-0.825,-0.398,6.671,7.392,-0.825,-0.398,6.671
363,3.621,7.397,-0.825,-0.398,6.666,7.397,-0.825,-0.398,6.666
364,3.631,7.401,-0.826,-0.399,6.661,7.401,-0.826,-0.399,6.661
365,3.641,7.404,-0.826,-0.399,6.657,7.404,-0.826,-0.399,6.657
366,3.651,7.402,-0.823,-0.399,6.66,7.402,-0.823,-0.399,6.66
367,3.661,7.401,-0.822,-0.399,6.662,7.401,-0.822,-0.399,6.662
368,3.671,7.399,-0.822,-0.398,6.663,7.399,-0.822,-0.398,6.663
369,3.681,7.398,-0.822,-0.396,6.665,7.398,-0.822,-0.396,6.665
370,3.691,7.397,-0.822,-0.393,6.666,7.397,-0.822,-0.393,6.666
371,3.701,7.396,-0.823,-0.392,6.667,7.396,-0.823,-0.392,6.667
372,3.711,7.394,-0.824,-0.391,6.67,7.394,-0.824,-0.391,6.67
373,3.721,7.393,-0.823,-0.39,6.671,7.393,-0.823,-0.39,6.671
374,3.731,7.392,-0.823,-0.39,6.672,7.392,-0.823,-0.39,6.672
375,3.741,7.394,-0.823,-0.389,6.67,7.394,-0.823,-0.389,6.67
376,3.751,7.395,-0.821,-0.389,6.668,7.395,-0.821,-0.389,6.668
377,3.761,7.397,-0.82,-0.39,6.666,7.397,-0.82,-0.39,6.666
378,3.771,7.398,-0.818,-0.39,6.666,7.398,-0.818,-0.39,6.666
379,3.781,7.394,-0.818,-0.388,6.67,7.394,-0.818,-0.388,6.67
380,3.791,7.391,-0.819,-0.388,6.673,7.391,-0.819,-0.388,6.673
381,3.801,7.389,-0.818,-0.388,6.676,7.389,-0.818,-0.388,6.676
382,3.811,7.387,-0.82,-0.387,6.678,7.387,-0.82,-0.387,6.678
383,3.821,7.386,-0.819,-0.387,6.679,7.386,-0.819,-0.387,6.679
384,3.831,7.385,-0.818,-0.387,6.681,7.385,-0.818,-0.387,6.681
385,3.841,7.383,-0.816,-0.387,6.683,7.383,-0.816,-0.387,6.683
386,3.851,7.382,-0.815,-0.388,6.684,7.382,-0.815,-0.388,6.684
387,3.861,7.381,-0.815,-0.387,6.685,7.381,-0.815,-0.387,6.685
388,3.871,7.382,-0.815,-0.388,6.684,7.382,-0.815,-0.388,6.684
389,3.881,7.384,-0.812,-0.386,6.682,7.384,-0.812,-0.386,6.682
390,3.891,7.385,-0.812,-0.384,6.681,7.385,-0.812,-0.384,6.681
391,3.901,7.385,-0.812,-0.382,6.681,7.385,-0.812,-0.382,6.681
392,3.911,7.382,-0.812,-0.381,6.684,7.382,-0.812,-0.381,6.684
393,3.921,7.381,-0.812,-0.38,6.686,7.381,-0.812,-0.38,6.686
394,3.931,7.382,-0.812,-0.379,6.685,7.382,-0.812,-0.379,6.685
395,3.941,7.383,-0.813,-0.379,6.684,7.383,-0.813,-0.379,6.684
396,3.951,7.384,-0.813,-0.379,6.683,7.384,-0.813,-0.379,6.683
397,3.961,7.381,-0.813,-0.379,6.685,7.381,-0.813,-0.379,6.685
398,3.971,7.379,-0.812,-0.38,6.689,7.379,-0.812,-0.38,6.689
399,3.981,7.373,-0.812,-0.379,6.694,7.373,-0.812,-0.379,6.694
400,3.991,7.37,-0.813,-0.377,6.698,7.37,-0.813,-0.377,6.698
401,4.001,7.367,-0.814,-0.377,6.701,7.367,-0.814,-0.377,6.701
402,4.011,7.365,-0.814,-0.376,6.704,7.365,-0.814,-0.376,6.704
403,4.021,7.366,-0.815,-0.375,6.702,7.366,-0.815,-0.375,6.702
404,4.031,7.369,-0.815,-0.374,6.699,7.369,-0.815,-0.374,6.699
405,4.041,7.371,-0.813,-0.374,6.697,7.371,-0.813,-0.374,6.697
406,4.051,7.372,-0.813,-0.376,6.696,7.372,-0.813,-0.376,6.696
407,4.061,7.372,-0.814,-0.378,6.696,7.372,-0.814,-0.378,6.696
408,4.071,7.374,-0.814,-0.378,6.694,7.374,-0.814,-0.378,6.694
409,4.081,7.373,-0.813,-0.376,6.695,7.373,-0.813,-0.376,6.695
410,4.091,7.368,-0.811,-0.374,6.701,7.368,-0.811,-0.374,6.701
411,4.101,7.36,-0.806,-0.369,6.71,7.36,-0.806,-0.369,6.71
412,4.111,7.355,-0.795,-0.364,6.718,7.355,-0.795,-0.364,6.718
413,4.121,7.346,-0.786,-0.358,6.728,7.346,-0.786,-0.358,6.728
414,4.131,7.34,-0.782,-0.359,6.736,7.34,-0.782,-0.359,6.736
415,4.141,7.338,-0.79,-0.371,6.736,7.338,-0.79,-0.371,6.736
416,4.151,7.34,-0.804,-0.387,6.731,7.34,-0.804,-0.387,6.731
417,4.161,7.344,-0.812,-0.392,6.726,7.344,-0.812,-0.392,6.726
418,4.171,7.345,-0.811,-0.387,6.725,7.345,-0.811,-0.387,6.725
419,4.181,7.343,-0.8,-0.371,6.73,7.343,-0.8,-0.371,6.73
420,4.191,7.337,-0.787,-0.356,6.738,7.337,-0.787,-0.356,6.738
421,4.201,7.329,-0.782,-0.35,6.748,7.329,-0.782,-0.35,6.748
422,4.211,7.324,-0.785,-0.355,6.753,7.324,-0.785,-0.355,6.753
423,4.221,7.326,-0.792,-0.362,6.749,7.326,-0.792,-0.362,6.749
424,4.231,7.329,-0.795,-0.367,6.746,7.329,-0.795,-0.367,6.746
425,4.241,7.329,-0.789,-0.361,6.746,7.329,-0.789,-0.361,6.746
426,4.251,7.324,-0.782,-0.349,6.754,7.324,-0.782,-0.349,6.754
427,4.261,7.315,-0.778,-0.339,6.764,7.315,-0.778,-0.339,6.764
428,4.271,7.308,-0.778,-0.339,6.772,7.308,-0.778,-0.339,6.772
429,4.281,7.305,-0.788,-0.348,6.774,7.305,-0.788,-0.348,6.774
430,4.291,7.305,-0.797,-0.355,6.772,7.305,-0.797,-0.355,6.772
431,4.301,7.305,-0.8,-0.357,6.771,7.305,-0.8,-0.357,6.771
432,4.311,7.304,-0.797,-0.351,6.773,7.304,-0.797,-0.351,6.773
433,4.321,7.301,-0.788,-0.341,6.778,7.301,-0.788,-0.341,6.778
434,4.331,7.297,-0.784,-0.339,6.783,7.297,-0.784,-0.339,6.783
435,4.341,7.295,-0.784,-0.344,6.784,7.295,-0.784,-0.344,6.784
436,4.351,7.296,-0.789,-0.351,6.783,7.296,-0.789,-0.351,6.783
437,4.361,7.297,-0.793,-0.353,6.782,7.297,-0.793,-0.353,6.782
438,4.371,7.295,-0.79,-0.348,6.783,7.295,-0.79,-0.348,6.783
439,4.381,7.293,-0.787,-0.339,6.787,7.293,-0.787,-0.339,6.787
440,4.391,7.291,-0.782,-0.333,6.79,7.291,-0.782,-0.333,6.79
441,4.401,7.288,-0.783,-0.336,6.792,7.288,-0.783,-0.336,6.792
442,4.411,7.288,-0.786,-0.344,6.792,7.288,-0.786,-0.344,6.792
443,4.421,7.293,-0.789,-0.352,6.786,7.293,-0.789,-0.352,6.786
444,4.431,7.298,-0.788,-0.355,6.781,7.298,-0.788,-0.355,6.781
445,4.441,7.301,-0.785,-0.353,6.777,7.301,-0.785,-0.353,6.777
446,4.451,7.302,-0.782,-0.35,6.777,7.302,-0.782,-0.35,6.777
447,4.461,7.301,-0.782,-0.349,6.778,7.301,-0.782,-0.349,6.778
448,4.471,7.303,-0.789,-0.351,6.776,7.303,-0.789,-0.351,6.776
449,4.481,7.305,-0.804,-0.363,6.77,7.305,-0.804,-0.363,6.77
450,4.491,7.305,-0.822,-0.385,6.767,7.305,-0.822,-0.385,6.767
451,4.501,7.291,-0.781,-0.417,6.786,7.291,-0.781,-0.417,6.786
452,4.511,7.256,-0.739,-0.409,6.828,7.256,-0.739,-0.409,6.828
453,4.521,7.201,-0.729,-0.336,6.891,7.201,-0.729,-0.336,6.891
454,4.531,7.123,-0.706,-0.234,6.978,7.123,-0.706,-0.234,6.978
455,4.541,7.016,-0.66,-0.143,7.093,7.016,-0.66,-0.143,7.093
456,4.551,6.902,-0.59,-0.057,7.211,6.902,-0.59,-0.057,7.211
457,4.561,6.785,-0.518,0.019,7.327,6.785,-0.518,0.019,7.327
458,4.571,6.672,-0.451,0.076,7.434,6.672,-0.451,0.076,7.434
459,4.581,6.57,-0.39,0.106,7.528,6.57,-0.39,0.106,7.528
460,4.591,6.487,-0.315,0.082,7.603,6.487,-0.315,0.082,7.603
461,4.601,6.426,-0.185,-0.034,7.659,6.426,-0.185,-0.034,7.659
462,4.611,6.375,-0.095,-0.138,7.701,6.375,-0.095,-0.138,7.701
463,4.621,6.331,-0.128,-0.091,7.738,6.331,-0.128,-0.091,7.738
464,4.631,6.306,-0.156,-0.103,7.758,6.306,-0.156,-0.103,7.758
465,4.641,6.317,-0.19,-0.13,7.748,6.317,-0.19,-0.13,7.748
466,4.651,6.355,-0.222,-0.18,7.715,6.355,-0.222,-0.18,7.715
467,4.661,6.407,-0.264,-0.247,7.668,6.407,-0.264,-0.247,7.668
468,4.671,6.476,-0.286,-0.334,7.606,6.476,-0.286,-0.334,7.606
469,4.681,6.555,-0.293,-0.428,7.533,6.555,-0.293,-0.428,7.533
470,4.691,6.63,-0.279,-0.512,7.463,6.63,-0.279,-0.512,7.463
471,4.701,6.685,-0.254,-0.58,7.409,6.685,-0.254,-0.58,7.409
472,4.711,6.716,-0.223,-0.633,7.377,6.716,-0.223,-0.633,7.377
473,4.721,6.732,-0.184,-0.663,7.361,6.732,-0.184,-0.663,7.361
474,4.731,6.736,-0.132,-0.668,7.358,6.736,-0.132,-0.668,7.358
475,4.741,6.728,-0.059,-0.639,7.369,6.728,-0.059,-0.639,7.369
476,4.751,6.702,0.033,-0.582,7.398,6.702,0.033,-0.582,7.398
477,4.761,6.654,0.139,-0.505,7.446,6.654,0.139,-0.505,7.446
478,4.771,6.584,0.248,-0.416,7.51,6.584,0.248,-0.416,7.51
479,4.781,6.482,0.343,-0.324,7.599,6.482,0.343,-0.324,7.599
480,4.791,6.371,0.405,-0.233,7.693,6.371,0.405,-0.233,7.693
481,4.801,6.344,0.121,-0.555,7.708,6.344,0.121,-0.555,7.708
482,4.811,6.326,0.041,-0.671,7.714,6.326,0.041,-0.671,7.714
483,4.821,6.302,0.039,-0.632,7.738,6.302,0.039,-0.632,7.738
484,4.831,6.245,0.134,-0.468,7.794,6.245,0.134,-0.468,7.794
485,4.841,6.16,0.212,-0.305,7.868,6.16,0.212,-0.305,7.868
486,4.851,6.049,0.283,-0.198,7.955,6.049,0.283,-0.198,7.955
487,4.861,5.906,0.407,-0.083,8.058,5.906,0.407,-0.083,8.058
488,4.871,5.732,0.58,0.037,8.173,5.732,0.58,0.037,8.173
489,4.881,5.518,0.739,0.221,8.303,5.518,0.739,0.221,8.303
490,4.891,5.265,0.677,0.514,8.458,5.265,0.677,0.514,8.458
491,4.901,5.02,0.888,0.625,8.579,5.02,0.888,0.625,8.579
492,4.911,4.783,1.065,0.73,8.686,4.783,1.065,0.73,8.686
493,4.921,4.556,1.196,0.831,8.781,4.556,1.196,0.831,8.781
494,4.931,4.338,1.282,0.93,8.869,4.338,1.282,0.93,8.869
495,4.941,4.128,1.335,1.026,8.95,4.128,1.335,1.026,8.95
496,4.951,3.929,1.376,1.114,9.023,3.929,1.376,1.114,9.023
497,4.961,3.75,1.584,1.185,9.056,3.75,1.584,1.185,9.056
498,4.971,3.6,1.827,1.204,9.069,3.6,1.827,1.204,9.069
499,4.981,3.462,2.059,1.218,9.07,3.462,2.059,1.218,9.07
500,4.991,3.32,2.226,1.281,9.076,3.32,2.226,1.281,9.076
501,5.001,3.193,2.268,1.321,9.105,3.193,2.268,1.321,9.105
502,5.011,3.072,2.301,1.355,9.133,3.072,2.301,1.355,9.133
503,5.021,2.961,2.312,1.385,9.163,2.961,2.312,1.385,9.163
504,5.031,2.857,2.297,1.412,9.195,2.857,2.297,1.412,9.195
505,5.041,2.759,2.257,1.439,9.231,2.759,2.257,1.439,9.231
506,5.051,2.668,2.199,1.466,9.267,2.668,2.199,1.466,9.267
507,5.061,2.588,2.135,1.49,9.301,2.588,2.135,1.49,9.301
508,5.071,2.523,2.073,1.506,9.33,2.523,2.073,1.506,9.33
509,5.081,2.474,2.011,1.51,9.356,2.474,2.011,1.51,9.356
510,5.091,2.438,1.952,1.502,9.379,2.438,1.952,1.502,9.379
511,5.101,2.417,1.895,1.485,9.399,2.417,1.895,1.485,9.399
512,5.111,2.409,1.836,1.464,9.416,2.409,1.836,1.464,9.416
513,5.121,2.412,1.764,1.438,9.433,2.412,1.764,1.438,9.433
514,5.131,2.424,1.673,1.406,9.452,2.424,1.673,1.406,9.452
515,5.141,2.449,1.558,1.363,9.471,2.449,1.558,1.363,9.471
516,5.151,2.495,1.419,1.304,9.489,2.495,1.419,1.304,9.489
517,5.161,2.573,1.26,1.224,9.502,2.573,1.26,1.224,9.502
518,5.171,2.691,1.097,1.123,9.502,2.691,1.097,1.123,9.502
519,5.181,2.855,0.915,1.004,9.486,2.855,0.915,1.004,9.486
520,5.191,3.068,0.722,0.873,9.449,3.068,0.722,0.873,9.449
521,5.201,3.445,0.241,0.388,9.376,3.445,0.241,0.388,9.376
522,5.211,3.824,0.074,0.235,9.236,3.824,0.074,0.235,9.236
523,5.221,4.207,-0.057,0.084,9.071,4.207,-0.057,0.084,9.071
524,5.231,4.578,-0.146,-0.053,8.889,4.578,-0.146,-0.053,8.889
525,5.241,4.923,-0.209,-0.179,8.699,4.923,-0.209,-0.179,8.699
526,5.251,5.251,-0.253,-0.288,8.501,5.251,-0.253,-0.288,8.501
527,5.261,5.542,-0.286,-0.379,8.31,5.542,-0.286,-0.379,8.31
528,5.271,5.799,-0.317,-0.454,8.127,5.799,-0.317,-0.454,8.127
529,5.281,6.023,-0.349,-0.512,7.957,6.023,-0.349,-0.512,7.957
530,5.291,6.216,-0.385,-0.556,7.803,6.216,-0.385,-0.556,7.803
531,5.301,6.377,-0.418,-0.584,7.668,6.377,-0.418,-0.584,7.668
532,5.311,6.513,-0.444,-0.594,7.551,6.513,-0.444,-0.594,7.551
533,5.321,6.624,-0.463,-0.591,7.453,6.624,-0.463,-0.591,7.453
534,5.331,6.71,-0.474,-0.577,7.376,6.71,-0.474,-0.577,7.376
535,5.341,6.776,-0.476,-0.552,7.317,6.776,-0.476,-0.552,7.317
536,5.351,6.822,-0.475,-0.518,7.277,6.822,-0.475,-0.518,7.277
537,5.361,6.851,-0.475,-0.48,7.252,6.851,-0.475,-0.48,7.252
538,5.371,6.873,-0.487,-0.49,7.23,6.873,-0.487,-0.49,7.23
539,5.381,6.904,-0.566,-0.577,7.188,6.904,-0.566,-0.577,7.188
540,5.391,6.953,-0.659,-0.683,7.123,6.953,-0.659,-0.683,7.123
541,5.401,7.016,-0.734,-0.753,7.047,7.016,-0.734,-0.753,7.047
542,5.411,7.077,-0.743,-0.727,6.987,7.077,-0.743,-0.727,6.987
543,5.421,7.142,-0.8,-0.74,6.913,7.142,-0.8,-0.74,6.913
544,5.431,7.211,-0.841,-0.758,6.834,7.211,-0.841,-0.758,6.834
545,5.441,7.278,-0.86,-0.773,6.758,7.278,-0.86,-0.773,6.758
546,5.451,7.336,-0.864,-0.786,6.694,7.336,-0.864,-0.786,6.694
547,5.461,7.365,-0.77,-0.663,6.687,7.365,-0.77,-0.663,6.687
548,5.471,7.354,-0.682,-0.545,6.719,7.354,-0.682,-0.545,6.719
549,5.481,7.32,-0.612,-0.474,6.767,7.32,-0.612,-0.474,6.767
550,5.491,7.275,-0.543,-0.423,6.826,7.275,-0.543,-0.423,6.826
551,5.501,7.231,-0.536,-0.418,6.873,7.231,-0.536,-0.418,6.873
552,5.511,7.182,-0.521,-0.392,6.926,7.182,-0.521,-0.392,6.926
553,5.521,7.131,-0.519,-0.328,6.982,7.131,-0.519,-0.328,6.982
554,5.531,7.08,-0.524,-0.268,7.036,7.08,-0.524,-0.268,7.036
555,5.541,7.032,-0.529,-0.215,7.086,7.032,-0.529,-0.215,7.086
556,5.551,6.991,-0.538,-0.194,7.126,6.991,-0.538,-0.194,7.126
557,5.561,6.96,-0.561,-0.187,7.155,6.96,-0.561,-0.187,7.155
558,5.571,6.941,-0.591,-0.184,7.171,6.941,-0.591,-0.184,7.171
559,5.581,6.928,-0.611,-0.191,7.182,6.928,-0.611,-0.191,7.182
560,5.591,6.923,-0.63,-0.204,7.184,6.923,-0.63,-0.204,7.184
561,5.601,6.923,-0.652,-0.222,7.182,6.923,-0.652,-0.222,7.182
562,5.611,6.926,-0.68,-0.228,7.176,6.926,-0.68,-0.228,7.176
563,5.621,6.935,-0.709,-0.221,7.166,6.935,-0.709,-0.221,7.166
564,5.631,6.946,-0.736,-0.224,7.152,6.946,-0.736,-0.224,7.152
565,5.641,6.951,-0.754,-0.184,7.146,6.951,-0.754,-0.184,7.146
566,5.651,6.941,-0.738,-0.133,7.159,6.941,-0.738,-0.133,7.159
567,5.661,6.904,-0.677,-0.09,7.201,6.904,-0.677,-0.09,7.201
568,5.671,6.839,-0.581,-0.027,7.271,6.839,-0.581,-0.027,7.271
569,5.681,6.746,-0.482,0.051,7.365,6.746,-0.482,0.051,7.365
570,5.691,6.625,-0.377,0.132,7.479,6.625,-0.377,0.132,7.479
571,5.701,6.481,-0.276,0.226,7.607,6.481,-0.276,0.226,7.607
572,5.711,6.325,-0.188,0.306,7.736,6.325,-0.188,0.306,7.736
573,5.721,6.17,-0.122,0.377,7.859,6.17,-0.122,0.377,7.859
574,5.731,6.034,-0.088,0.404,7.963,6.034,-0.088,0.404,7.963
575,5.741,5.928,-0.111,0.406,8.042,5.928,-0.111,0.406,8.042
576,5.751,5.865,-0.18,0.351,8.089,5.865,-0.18,0.351,8.089
577,5.761,5.848,-0.27,0.263,8.102,5.848,-0.27,0.263,8.102
578,5.771,5.87,-0.351,0.164,8.086,5.87,-0.351,0.164,8.086
579,5.781,5.913,-0.408,0.099,8.053,5.913,-0.408,0.099,8.053
580,5.791,5.966,-0.437,0.059,8.012,5.966,-0.437,0.059,8.012
581,5.801,6.018,-0.452,0.047,7.973,6.018,-0.452,0.047,7.973
582,5.811,6.068,-0.46,0.046,7.934,6.068,-0.46,0.046,7.934
583,5.821,6.116,-0.454,0.05,7.898,6.116,-0.454,0.05,7.898
584,5.831,6.162,-0.465,0.048,7.861,6.162,-0.465,0.048,7.861
585,5.841,6.207,-0.485,0.038,7.825,6.207,-0.485,0.038,7.825
586,5.851,6.246,-0.499,0.029,7.793,6.246,-0.499,0.029,7.793
587,5.861,6.274,-0.502,0.026,7.77,6.274,-0.502,0.026,7.77
588,5.871,6.291,-0.495,0.03,7.756,6.291,-0.495,0.03,7.756
589,5.881,6.297,-0.483,0.043,7.752,6.297,-0.483,0.043,7.752
590,5.891,6.294,-0.465,0.06,7.756,6.294,-0.465,0.06,7.756
591,5.901,6.286,-0.447,0.079,7.763,6.286,-0.447,0.079,7.763
592,5.911,6.27,-0.431,0.095,7.776,6.27,-0.431,0.095,7.776
593,5.921,6.256,-0.419,0.106,7.789,6.256,-0.419,0.106,7.789
594,5.931,6.242,-0.416,0.111,7.8,6.242,-0.416,0.111,7.8
595,5.941,6.233,-0.419,0.111,7.806,6.233,-0.419,0.111,7.806
596,5.951,6.229,-0.425,0.105,7.81,6.229,-0.425,0.105,7.81
597,5.961,6.229,-0.436,0.098,7.809,6.229,-0.436,0.098,7.809
598,5.971,6.234,-0.448,0.09,7.805,6.234,-0.448,0.09,7.805
599,5.981,6.24,-0.459,0.08,7.799,6.24,-0.459,0.08,7.799
600,5.991,6.25,-0.465,0.071,7.791,6.25,-0.465,0.071,7.791
601,6.001,6.257,-0.469,0.067,7.786,6.257,-0.469,0.067,7.786
602,6.011,6.263,-0.468,0.067,7.781,6.263,-0.468,0.067,7.781
603,6.021,6.269,-0.465,0.069,7.776,6.269,-0.465,0.069,7.776
604,6.031,6.273,-0.459,0.074,7.773,6.273,-0.459,0.074,7.773
605,6.041,6.273,-0.452,0.079,7.773,6.273,-0.452,0.079,7.773
606,6.051,6.272,-0.445,0.083,7.774,6.272,-0.445,0.083,7.774
607,6.061,6.268,-0.44,0.085,7.778,6.268,-0.44,0.085,7.778
608,6.071,6.268,-0.438,0.086,7.778,6.268,-0.438,0.086,7.778
609,6.081,6.267,-0.44,0.085,7.778,6.267,-0.44,0.085,7.778
610,6.091,6.268,-0.443,0.083,7.778,6.268,-0.443,0.083,7.778
611,6.101,6.266,-0.448,0.081,7.779,6.266,-0.448,0.081,7.779
612,6.111,6.265,-0.454,0.079,7.779,6.265,-0.454,0.079,7.779
613,6.121,6.264,-0.456,0.077,7.78,6.264,-0.456,0.077,7.78
614,6.131,6.263,-0.457,0.076,7.781,6.263,-0.457,0.076,7.781
615,6.141,6.263,-0.455,0.077,7.781,6.263,-0.455,0.077,7.781
616,6.151,6.261,-0.452,0.079,7.783,6.261,-0.452,0.079,7.783
617,6.161,6.259,-0.447,0.082,7.785,6.259,-0.447,0.082,7.785
618,6.171,6.254,-0.443,0.085,7.789,6.254,-0.443,0.085,7.789
619,6.181,6.251,-0.44,0.085,7.792,6.251,-0.44,0.085,7.792
620,6.191,6.25,-0.44,0.086,7.793,6.25,-0.44,0.086,7.793
621,6.201,6.247,-0.442,0.084,7.795,6.247,-0.442,0.084,7.795
622,6.211,6.248,-0.446,0.084,7.794,6.248,-0.446,0.084,7.794
623,6.221,6.252,-0.45,0.082,7.79,6.252,-0.45,0.082,7.79
624,6.231,6.258,-0.451,0.08,7.785,6.258,-0.451,0.08,7.785
625,6.241,6.262,-0.454,0.08,7.782,6.262,-0.454,0.08,7.782
626,6.251,6.266,-0.454,0.08,7.779,6.266,-0.454,0.08,7.779
627,6.261,6.264,-0.454,0.081,7.781,6.264,-0.454,0.081,7.781
628,6.271,6.263,-0.453,0.082,7.782,6.263,-0.453,0.082,7.782
629,6.281,6.26,-0.452,0.083,7.784,6.26,-0.452,0.083,7.784
630,6.291,6.257,-0.45,0.083,7.786,6.257,-0.45,0.083,7.786
631,6.301,6.254,-0.447,0.082,7.789,6.254,-0.447,0.082,7.789
632,6.311,6.252,-0.447,0.081,7.79,6.252,-0.447,0.081,7.79
633,6.321,6.254,-0.449,0.08,7.789,6.254,-0.449,0.08,7.789
634,6.331,6.253,-0.451,0.081,7.789,6.253,-0.451,0.081,7.789
635,6.341,6.254,-0.45,0.08,7.789,6.254,-0.45,0.08,7.789
636,6.351,6.254,-0.45,0.08,7.789,6.254,-0.45,0.08,7.789
637,6.361,6.255,-0.456,0.078,7.788,6.255,-0.456,0.078,7.788
638,6.371,6.257,-0.463,0.073,7.786,6.257,-0.463,0.073,7.786
639,6.381,6.259,-0.465,0.074,7.784,6.259,-0.465,0.074,7.784
640,6.391,6.257,-0.458,0.081,7.786,6.257,-0.458,0.081,7.786
641,6.401,6.253,-0.445,0.093,7.789,6.253,-0.445,0.093,7.789
642,6.411,6.245,-0.436,0.101,7.796,6.245,-0.436,0.101,7.796
643,6.421,6.24,-0.435,0.1,7.801,6.24,-0.435,0.1,7.801
644,6.431,6.243,-0.441,0.093,7.798,6.243,-0.441,0.093,7.798
645,6.441,6.248,-0.448,0.084,7.794,6.248,-0.448,0.084,7.794
646,6.451,6.252,-0.449,0.084,7.79,6.252,-0.449,0.084,7.79
647,6.461,6.254,-0.447,0.085,7.789,6.254,-0.447,0.085,7.789
648,6.471,6.257,-0.444,0.087,7.787,6.257,-0.444,0.087,7.787
649,6.481,6.258,-0.444,0.086,7.786,6.258,-0.444,0.086,7.786
650,6.491,6.258,-0.448,0.083,7.785,6.258,-0.448,0.083,7.785
651,6.501,6.256,-0.451,0.08,7.787,6.256,-0.451,0.08,7.787
652,6.511,6.254,-0.45,0.082,7.789,6.254,-0.45,0.082,7.789
653,6.521,6.252,-0.447,0.087,7.79,6.252,-0.447,0.087,7.79
654,6.531,6.249,-0.445,0.09,7.793,6.249,-0.445,0.09,7.793
655,6.541,6.244,-0.442,0.093,7.797,6.244,-0.442,0.093,7.797
656,6.551,6.24,-0.438,0.097,7.801,6.24,-0.438,0.097,7.801
657,6.561,6.237,-0.439,0.096,7.803,6.237,-0.439,0.096,7.803
658,6.571,6.237,-0.443,0.092,7.803,6.237,-0.443,0.092,7.803
659,6.581,6.238,-0.447,0.089,7.802,6.238,-0.447,0.089,7.802
660,6.591,6.24,-0.451,0.087,7.8,6.24,-0.451,0.087,7.8
661,6.601,6.24,-0.451,0.088,7.8,6.24,-0.451,0.088,7.8
662,6.611,6.238,-0.449,0.088,7.801,6.238,-0.449,0.088,7.801
663,6.621,6.238,-0.449,0.089,7.802,6.238,-0.449,0.089,7.802
664,6.631,6.241,-0.449,0.089,7.799,6.241,-0.449,0.089,7.799
665,6.641,6.246,-0.448,0.088,7.795,6.246,-0.448,0.088,7.795
666,6.651,6.249,-0.448,0.088,7.793,6.249,-0.448,0.088,7.793
667,6.661,6.251,-0.449,0.089,7.791,6.251,-0.449,0.089,7.791
668,6.671,6.248,-0.449,0.09,7.793,6.248,-0.449,0.09,7.793
669,6.681,6.247,-0.449,0.09,7.795,6.247,-0.449,0.09,7.795
670,6.691,6.245,-0.45,0.09,7.796,6.245,-0.45,0.09,7.796
671,6.701,6.243,-0.451,0.09,7.797,6.243,-0.451,0.09,7.797
672,6.711,6.244,-0.453,0.089,7.797,6.244,-0.453,0.089,7.797
673,6.721,6.244,-0.455,0.088,7.796,6.244,-0.455,0.088,7.796
674,6.731,6.244,-0.453,0.087,7.796,6.244,-0.453,0.087,7.796
675,6.741,6.242,-0.451,0.088,7.798,6.242,-0.451,0.088,7.798
676,6.751,6.241,-0.448,0.088,7.799,6.241,-0.448,0.088,7.799
677,6.761,6.241,-0.446,0.091,7.799,6.241,-0.446,0.091,7.799
678,6.771,6.24,-0.445,0.091,7.8,6.24,-0.445,0.091,7.8
679,6.781,6.238,-0.445,0.091,7.802,6.238,-0.445,0.091,7.802
680,6.791,6.237,-0.447,0.091,7.803,6.237,-0.447,0.091,7.803
681,6.801,6.236,-0.449,0.093,7.803,6.236,-0.449,0.093,7.803
682,6.811,6.237,-0.451,0.093,7.802,6.237,-0.451,0.093,7.802
683,6.821,6.237,-0.453,0.093,7.802,6.237,-0.453,0.093,7.802
684,6.831,6.242,-0.454,0.093,7.798,6.242,-0.454,0.093,7.798
685,6.841,6.246,-0.455,0.094,7.795,6.246,-0.455,0.094,7.795
686,6.851,6.248,-0.454,0.094,7.793,6.248,-0.454,0.094,7.793
687,6.861,6.249,-0.454,0.093,7.792,6.249,-0.454,0.093,7.792
688,6.871,6.25,-0.454,0.093,7.791,6.25,-0.454,0.093,7.791
689,6.881,6.253,-0.454,0.092,7.789,6.253,-0.454,0.092,7.789
690,6.891,6.255,-0.454,0.091,7.788,6.255,-0.454,0.091,7.788
691,6.901,6.251,-0.454,0.092,7.791,6.251,-0.454,0.092,7.791
692,6.911,6.247,-0.452,0.093,7.794,6.247,-0.452,0.093,7.794
693,6.921,6.244,-0.453,0.093,7.797,6.244,-0.453,0.093,7.797
694,6.931,6.244,-0.452,0.092,7.796,6.244,-0.452,0.092,7.796
695,6.941,6.243,-0.451,0.092,7.798,6.243,-0.451,0.092,7.798
696,6.951,6.242,-0.45,0.092,7.798,6.242,-0.45,0.092,7.798
697,6.961,6.24,-0.448,0.093,7.8,6.24,-0.448,0.093,7.8
698,6.971,6.237,-0.447,0.093,7.802,6.237,-0.447,0.093,7.802
699,6.981,6.236,-0.448,0.093,7.803,6.236,-0.448,0.093,7.803
700,6.991,6.236,-0.449,0.093,7.803,6.236,-0.449,0.093,7.803
701,7.001,6.235,-0.451,0.093,7.804,6.235,-0.451,0.093,7.804
702,7.011,6.237,-0.45,0.093,7.802,6.237,-0.45,0.093,7.802
703,7.021,6.239,-0.45,0.093,7.8,6.239,-0.45,0.093,7.8
704,7.031,6.242,-0.451,0.094,7.798,6.242,-0.451,0.094,7.798
705,7.041,6.245,-0.452,0.094,7.796,6.245,-0.452,0.094,7.796
706,7.051,6.246,-0.452,0.094,7.795,6.246,-0.452,0.094,7.795
707,7.061,6.242,-0.452,0.095,7.798,6.242,-0.452,0.095,7.798
708,7.071,6.24,-0.453,0.096,7.8,6.24,-0.453,0.096,7.8
709,7.081,6.238,-0.454,0.097,7.802,6.238,-0.454,0.097,7.802
710,7.091,6.235,-0.453,0.097,7.803,6.235,-0.453,0.097,7.803
711,7.101,6.234,-0.453,0.097,7.805,6.234,-0.453,0.097,7.805
712,7.111,6.232,-0.454,0.097,7.806,6.232,-0.454,0.097,7.806
713,7.121,6.231,-0.452,0.098,7.806,6.231,-0.452,0.098,7.806
714,7.131,6.231,-0.452,0.099,7.807,6.231,-0.452,0.099,7.807
715,7.141,6.23,-0.452,0.098,7.808,6.23,-0.452,0.098,7.808
716,7.151,6.229,-0.45,0.098,7.808,6.229,-0.45,0.098,7.808
717,7.161,6.229,-0.45,0.098,7.809,6.229,-0.45,0.098,7.809
718,7.171,6.229,-0.45,0.097,7.809,6.229,-0.45,0.097,7.809
719,7.181,6.229,-0.45,0.098,7.809,6.229,-0.45,0.098,7.809
720,7.191,6.228,-0.45,0.098,7.81,6.228,-0.45,0.098,7.81
721,7.201,6.226,-0.451,0.098,7.811,6.226,-0.451,0.098,7.811
722,7.211,6.229,-0.45,0.1,7.808,6.229,-0.45,0.1,7.808
723,7.221,6.231,-0.451,0.1,7.807,6.231,-0.451,0.1,7.807
