,ts,altitude_agl,raw_acceleration,filtered_altitude_AGL,filtered_acceleration
0,-0.009,-0.4655679762363434,-0.05765390396118164,-0.09781169891357422,0.004435062408447266
1,0.001,-0.005351006984710693,-0.04878377914428711,-0.0672997236251831,4.76837158203125e-07
2,0.011,-0.18964409828186035,-0.03547954559326172,-0.0672997236251831,4.76837158203125e-07
3,0.021,-0.3418126106262207,-0.062088966369628906,-0.09688699245452881,4.76837158203125e-07
4,0.031,-0.09781169891357422,-0.05765390396118164,-0.06637489795684814,-0.031044483184814453
5,0.041,-0.2804163098335266,0.022174358367919922,-0.09688699245452881,-0.031044483184814453
6,0.051,-0.2813756465911865,0.04878425598144531,-0.09688699245452881,-0.031044483184814453
7,0.061,-0.4939340353012085,0.09313249588012695,-0.18934762477874756,-0.031044483184814453
8,0.071,-0.18842297792434692,0.14191722869873047,-0.21985960006713867,-0.031044483184814453
9,0.081,-0.4655679762363434,0.09756803512573242,-0.2503715753555298,0.022174358367919922
10,0.091,-0.18934762477874756,0.08869791030883789,-0.2503715753555298,0.04878425598144531
11,0.101,-0.09691423177719116,0.044348716735839844,-0.2503715753555298,0.05765390396118164
12,0.111,-0.004763901233673096,0.0,-0.21985960006713867,0.05765390396118164
13,0.121,-0.5874201059341431,0.004435062408447266,-0.2503715753555298,0.05765390396118164
14,0.131,-0.525033175945282,0.013304710388183594,-0.37281090021133423,0.05765390396118164
15,0.141,-0.3726152181625366,0.05321836471557617,-0.3115912675857544,0.05321836471557617
16,0.151,-0.2512012720108032,0.08426332473754883,-0.21985960006713867,0.05321836471557617
17,0.161,-0.2204936146736145,0.15965604782104492,-0.27995890378952026,0.05321836471557617
18,0.171,0.26881831884384155,0.11087274551391602,-0.21893495321273804,0.05321836471557617
19,0.181,0.14628416299819946,0.16852664947509766,-0.21893495321273804,0.05321836471557617
20,0.191,-0.34235137701034546,0.14191675186157227,-0.2494993805885315,0.08426332473754883
21,0.201,-0.4648427963256836,0.45679521560668945,-0.311395525932312,0.11087274551391602
22,0.211,-0.0056473612785339355,1.6231741905212402,-0.22068935632705688,0.14191675186157227
23,0.221,-0.5864955186843872,3.0733861923217773,-0.2817133069038391,0.15965604782104492
24,0.231,-0.2199602723121643,5.273097038269043,-0.2198171615600586,0.16852664947509766
25,0.241,-0.067299485206604,7.991691589355469,-0.21991205215454102,0.45679521560668945
26,0.251,-0.19017714262008667,10.36879825592041,-0.18847543001174927,1.6231741905212402
27,0.261,-0.8607119917869568,12.204846382141113,-0.25042521953582764,3.0733861923217773
28,0.271,-0.708347737789154,14.43116569519043,-0.34200817346572876,5.273097038269043
29,0.281,-0.5541755557060242,16.462350845336914,-0.402931272983551,7.991691589355469
30,0.291,-0.40312719345092773,17.70412254333496,-0.34200817346572876,10.36879825592041
31,0.301,-0.5244631767272949,17.34046173095703,-0.46405619382858276,12.204846382141113
32,0.311,-0.4626564383506775,16.475656509399414,-0.525080144405365,14.43116569519043
33,0.321,-0.46305185556411743,16.41800308227539,-0.5240756869316101,16.409133911132812
34,0.331,-0.6160290837287903,16.41800308227539,-0.615611732006073,16.41800308227539
35,0.341,-0.8902197480201721,15.446758270263672,-0.6461407542228699,16.41800308227539
36,0.351,-0.5256133079528809,13.31357192993164,-0.6461238265037537,16.41800308227539
37,0.361,-0.2503017783164978,10.51515007019043,-0.5868330001831055,16.41800308227539
38,0.371,-0.3124208450317383,7.756640434265137,-0.5555123686790466,16.386959075927734
39,0.381,-0.3720531463623047,5.370664596557617,-0.5258090496063232,15.446758270263672
40,0.391,-0.06695753335952759,3.290696620941162,-0.4035654067993164,13.31357192993164
41,0.401,-0.0054552555084228516,1.689697265625,-0.2815415859222412,10.51515007019043
42,0.411,-0.09752088785171509,0.6874094009399414,-0.2815415859222412,7.756640434265137
43,0.421,-0.1579321026802063,-0.053218841552734375,-0.2204936146736145,5.370664596557617
44,0.431,0.3295048475265503,-1.1220297813415527,-0.1890820860862732,3.290696620941162
45,0.441,-0.5557060837745667,-2.572242259979248,-0.1890820860862732,1.689697265625
46,0.451,-0.03725212812423706,-4.057933807373047,-0.09744518995285034,0.6874094009399414
47,0.461,0.08550167083740234,-5.459362506866455,-0.09744518995285034,-0.053218841552734375
48,0.471,0.1772271990776062,-7.113580703735352,-0.03552401065826416,-1.1220297813415527
49,0.481,-0.06622964143753052,-9.131460189819336,-0.06703627109527588,-2.572242259979248
50,0.491,0.05445528030395508,-10.861071586608887,-0.036524295806884766,-4.057933807373047
51,0.501,0.3594772219657898,-12.18710708618164,0.023771822452545166,-5.459362506866455
52,0.511,0.1453983187675476,-13.193829536437988,0.023771822452545166,-7.113580703735352
53,0.521,0.3909149169921875,-13.499837875366211,0.08476972579956055,-9.131460189819336
54,0.531,-0.03571152687072754,-13.499837875366211,0.11528158187866211,-10.861071586608887
55,0.541,0.6038670539855957,-12.453201293945312,0.1763056516647339,-12.18710708618164
56,0.551,0.605073869228363,-10.639326095581055,0.26978951692581177,-12.18710708618164
57,0.561,0.36000514030456543,-9.410860061645508,0.26978951692581177,-12.18710708618164
58,0.571,0.36095356941223145,-8.523879051208496,0.32896339893341064,-12.18710708618164
59,0.581,0.421991229057312,-8.177957534790039,0.32896339893341064,-12.18710708618164
60,0.591,0.45162248611450195,-8.253350257873535,0.4214209318161011,-10.639326095581055
61,0.601,0.1757170557975769,-8.368658065795898,0.3909543752670288,-9.410860061645508
62,0.611,0.3599730134010315,-8.373092651367188,0.4808540940284729,-8.523879051208496
63,0.621,0.2689482569694519,-8.253350257873535,0.4808540940284729,-8.386397361755371
64,0.631,0.5435897707939148,-7.951776504516602,0.45147573947906494,-8.355352401733398
65,0.641,0.42057549953460693,-7.6723785400390625,0.32904452085494995,-8.297698974609375
66,0.651,0.329873263835907,-7.583680152893066,0.3290746212005615,-8.217870712280273
67,0.661,0.6355278491973877,-7.41071891784668,0.3290746212005615,-8.169087409973145
68,0.671,0.5442267060279846,-7.073666572570801,0.3290746212005615,-7.951776504516602
69,0.681,0.2080877423286438,-6.5459136962890625,0.3597491383552551,-7.6723785400390625
70,0.691,0.6334213614463806,-6.018160343170166,0.3911837935447693,-7.583680152893066
71,0.701,0.1179424524307251,-5.450492858886719,0.3911837935447693,-7.41071891784668
72,0.711,0.45262855291366577,-4.96708869934082,0.48393476009368896,-7.073666572570801
73,0.721,0.29964679479599,-4.7187347412109375,0.42169469594955444,-6.5459136962890625
74,0.731,0.23844492435455322,-4.545773506164551,0.39026010036468506,-6.018160343170166
75,0.741,0.3914005756378174,-4.523598670959473,0.48195672035217285,-5.450492858886719
76,0.751,0.3598846197128296,-4.310723304748535,0.4218289852142334,-4.96708869934082
77,0.761,0.23799645900726318,-3.986975908279419,0.39120280742645264,-4.7187347412109375
78,0.771,0.4222773313522339,-3.61000919342041,0.4216674566268921,-4.545773506164551
79,0.781,0.5734997391700745,-3.2552170753479004,0.48285090923309326,-4.523598670959473
80,0.791,0.3006651997566223,-2.9669487476348877,0.45317161083221436,-4.310723304748535
81,0.801,0.268987774848938,-2.83833646774292,0.42163729667663574,-3.986975908279419
82,0.811,0.3006168603897095,-2.594416856765747,0.4227069616317749,-3.61000919342041
83,0.821,0.5116999745368958,-2.430325746536255,0.4227069616317749,-3.2552170753479004
84,0.831,0.26772820949554443,-2.230754852294922,0.39195799827575684,-2.9669487476348877
85,0.841,0.3605698347091675,-1.9912705421447754,0.39200329780578613,-2.83833646774292
86,0.851,0.27035486698150635,-1.7118721008300781,0.39200329780578613,-2.594416856765747
87,0.861,0.26820892095565796,-1.5965642929077148,0.33000969886779785,-2.430325746536255
88,0.871,0.23879146575927734,-1.5344758033752441,0.26996350288391113,-2.230754852294922
89,0.881,0.5423714518547058,-1.419168472290039,0.3004251718521118,-1.9912705421447754
90,0.891,0.11600196361541748,-1.3216004371643066,0.20767724514007568,-1.7118721008300781
91,0.901,0.2999211549758911,-1.3171648979187012,0.26782190799713135,-1.5965642929077148
92,0.911,0.20721721649169922,-1.3437747955322266,0.26782190799713135,-1.5344758033752441
93,0.921,0.20636260509490967,-1.3215999603271484,0.26782190799713135,-1.419168472290039
94,0.931,0.14826864004135132,-1.241772174835205,0.20677387714385986,-1.3437747955322266
95,0.941,0.17718642950057983,-1.0821161270141602,0.23820632696151733,-1.3304696083068848
96,0.951,0.08708035945892334,-0.9047198295593262,0.20677387714385986,-1.3215999603271484
97,0.961,-0.06609880924224854,-0.6918449401855469,0.20677387714385986,-1.308295726776123
98,0.971,0.4205373525619507,-0.3991408348083496,0.20677387714385986,-1.241772174835205
99,0.981,0.17860627174377441,-0.12861204147338867,0.17738819122314453,-1.0821161270141602
100,0.991,0.17687374353408813,0.05765390396118164,0.20677387714385986,-0.9047198295593262
101,1.001,-0.0363086462020874,0.11974239349365234,0.1772611141204834,-0.6918449401855469
102,1.011,0.4511139988899231,0.14635181427001953,0.20696759223937988,-0.3991408348083496
103,1.021,0.3901868462562561,0.11974239349365234,0.20696759223937988,-0.12861204147338867
104,1.031,0.26795536279678345,0.09313344955444336,0.20696759223937988,0.05765390396118164
105,1.041,0.2368100881576538,0.11974239349365234,0.26795536279678345,0.09313344955444336
106,1.051,0.14549607038497925,0.13304710388183594,0.26795536279678345,0.11974239349365234
107,1.061,0.6647404432296753,0.11087226867675781,0.26795536279678345,0.11974239349365234
108,1.071,0.11582374572753906,0.044348716735839844,0.23827701807022095,0.11974239349365234
109,1.081,0.17714321613311768,-0.053218841552734375,0.23827701807022095,0.11974239349365234
110,1.091,0.20716804265975952,-0.04434919357299805,0.2677636742591858,0.11087226867675781
111,1.101,0.2688818573951721,0.1241769790649414,0.23725372552871704,0.11087226867675781
112,1.111,0.14682495594024658,0.23505020141601562,0.23722362518310547,0.11087226867675781
113,1.121,-0.06693649291992188,0.2527890205383301,0.20767027139663696,0.11974239349365234
114,1.131,0.14569377899169922,0.31931304931640625,0.20767027139663696,0.1241769790649414
115,1.141,0.2084667682647705,0.43462038040161133,0.20767027139663696,0.1241769790649414
116,1.151,0.054559946060180664,0.5809721946716309,0.17720991373062134,0.23505020141601562
117,1.161,0.1159316897392273,0.9668087959289551,0.17620974779129028,0.2527890205383301
118,1.171,-0.09660875797271729,1.303861141204834,0.11607104539871216,0.31931304931640625
119,1.181,-0.06643921136856079,1.6143040657043457,0.055103421211242676,0.43462038040161133
120,1.191,0.2382650375366211,1.8183093070983887,0.055103421211242676,0.5809721946716309
121,1.201,-0.06592810153961182,1.8848323822021484,0.024593472480773926,0.9668087959289551
122,1.211,0.17835819721221924,1.8138742446899414,0.055103421211242676,1.303861141204834
123,1.221,0.2058548927307129,1.66752290725708,0.02372157573699951,1.6143040657043457
124,1.231,-0.18926382064819336,1.4147334098815918,0.02372157573699951,1.6143040657043457
125,1.241,0.0857928991317749,1.1619443893432617,0.024668216705322266,1.6143040657043457
126,1.251,-0.09738767147064209,0.9579381942749023,-0.035424232482910156,1.6143040657043457
127,1.261,-0.1587538719177246,0.7938470840454102,-0.03629899024963379,1.6143040657043457
128,1.271,-0.3414115309715271,0.6741046905517578,-0.03637373447418213,1.4147334098815918
129,1.281,0.025676369667053223,0.7051496505737305,-0.03637373447418213,1.1619443893432617
130,1.291,0.23765552043914795,0.8115873336791992,-0.06780922412872314,0.9579381942749023
131,1.301,-0.31191951036453247,0.8869800567626953,-0.06786394119262695,0.8869800567626953
132,1.311,-0.3127462863922119,0.9357643127441406,-0.06786394119262695,0.8869800567626953
133,1.321,0.26923608779907227,0.9135894775390625,-0.06780922412872314,0.8869800567626953
134,1.331,0.17684882879257202,0.9002842903137207,-0.006843924522399902,0.882544994354248
135,1.341,-0.3108676075935364,0.7317585945129395,-0.06780922412872314,0.8115873336791992
136,1.351,-0.00656890869140625,0.5233182907104492,-0.0059226155281066895,0.8115873336791992
137,1.361,-0.24915868043899536,0.29270315170288086,-0.09839200973510742,0.8115873336791992
138,1.371,-0.006083667278289795,0.1862659454345703,-0.09663999080657959,0.8115873336791992
139,1.381,0.5436956882476807,0.11974239349365234,-0.06612992286682129,0.7317585945129395
140,1.391,0.20805394649505615,-0.27052927017211914,-0.005118012428283691,0.5233182907104492
141,1.401,-0.06675374507904053,-0.452359676361084,0.08657646179199219,0.29270315170288086
142,1.411,-0.12843549251556396,-0.6607999801635742,-0.006012320518493652,0.1862659454345703
143,1.421,-0.25024616718292236,-0.7761077880859375,-0.03561997413635254,0.11974239349365234
144,1.431,-0.12746137380599976,-0.8381962776184082,-0.03754550218582153,-0.27052927017211914
145,1.441,-0.004672050476074219,-0.7539334297180176,-0.03561997413635254,-0.452359676361084
146,1.451,-0.06750702857971191,-0.5765371322631836,-0.03754550218582153,-0.5765371322631836
147,1.461,-0.15871328115463257,-0.20844078063964844,-0.06722390651702881,-0.5765371322631836
148,1.471,0.4518381357192993,0.044348716735839844,-0.06722390651702881,-0.5765371322631836
149,1.481,0.14681434631347656,0.47009944915771484,-0.06722390651702881,-0.5765371322631836
150,1.491,-0.34220999479293823,0.8381967544555664,-0.09768116474151611,-0.5765371322631836
151,1.501,-0.1893189549446106,1.0200271606445312,-0.127288818359375,-0.20844078063964844
152,1.511,-0.25026923418045044,1.1175951957702637,-0.12731188535690308,0.044348716735839844
153,1.521,-0.06679999828338623,1.011157512664795,-0.09767735004425049,0.47009944915771484
154,1.531,-0.3107118606567383,0.7140188217163086,-0.09772449731826782,0.7140188217163086
155,1.541,-0.15886658430099487,0.5942764282226562,-0.12730592489242554,0.7140188217163086
156,1.551,0.08545011281967163,0.5499277114868164,-0.09772449731826782,0.7140188217163086
157,1.561,0.0849618911743164,0.5587973594665527,-0.12923461198806763,0.7140188217163086
158,1.571,-0.3111059069633484,0.6430611610412598,-0.15886658430099487,0.7140188217163086
159,1.581,0.1476668119430542,0.6829748153686523,-0.12735646963119507,0.6829748153686523
160,1.591,-0.556104302406311,0.7672381401062012,-0.15781491994857788,0.6829748153686523
161,1.601,-0.2207372784614563,0.8603711128234863,-0.18932503461837769,0.6829748153686523
162,1.611,-0.4021197557449341,0.9934177398681641,-0.21988648176193237,0.6829748153686523
163,1.621,-0.2815796136856079,1.192988395690918,-0.25034278631210327,0.6829748153686523
164,1.631,-0.15938234329223633,1.3304705619812012,-0.1596035361289978,0.7672381401062012
165,1.641,-0.12758511304855347,1.3127307891845703,-0.22061538696289062,0.8603711128234863
166,1.651,-0.2804122567176819,0.9978528022766113,-0.18908220529556274,0.9934177398681641
167,1.661,-0.005188107490539551,0.41688013076782227,-0.15942996740341187,0.9934177398681641
168,1.671,-0.06591677665710449,0.8248915672302246,-0.22039419412612915,0.9934177398681641
169,1.681,-0.7079874873161316,1.1087250709533691,-0.28140610456466675,0.9978528022766113
170,1.691,-0.28108298778533936,1.1397695541381836,-0.31096845865249634,1.1087250709533691
171,1.701,-0.40425825119018555,1.1885533332824707,-0.28140610456466675,1.1397695541381836
172,1.711,-0.09726458787918091,1.2062931060791016,-0.2794361710548401,1.1397695541381836
173,1.721,-0.2820267677307129,1.1663789749145508,-0.2184719443321228,1.1397695541381836
174,1.731,0.05493420362472534,1.1442041397094727,-0.28162717819213867,1.1353344917297363
175,1.741,-0.16012299060821533,1.082115650177002,-0.22083723545074463,1.1353344917297363
176,1.751,-0.21997147798538208,0.9712433815002441,-0.3114577531814575,1.1353344917297363
177,1.761,0.0563579797744751,0.9135894775390625,-0.25049352645874023,1.1353344917297363
178,1.771,-0.21883416175842285,0.8115873336791992,-0.18947350978851318,1.1353344917297363
179,1.781,-0.22083723545074463,0.7273240089416504,-0.22083723545074463,1.082115650177002
180,1.791,-0.40283429622650146,0.6519303321838379,-0.1282849907875061,0.9712433815002441
181,1.801,-0.18758684396743774,0.452359676361084,-0.18930500745773315,0.9135894775390625
182,1.811,-0.06702625751495361,0.31931304931640625,-0.12826192378997803,0.8115873336791992
183,1.821,0.17757344245910645,0.2527899742126465,-0.1282849907875061,0.7273240089416504
184,1.831,0.023671388626098633,0.18183088302612305,-0.12826192378997803,0.6519303321838379
185,1.841,-0.19067037105560303,0.11087274551391602,-0.09775197505950928,0.452359676361084
186,1.851,-0.03715014457702637,0.11087274551391602,-0.12826192378997803,0.31931304931640625
187,1.861,-0.2820146679878235,0.20400571823120117,-0.1282849907875061,0.2527899742126465
188,1.871,0.14564555883407593,0.40801095962524414,-0.03651630878448486,0.2527899742126465
189,1.881,-0.37102967500686646,0.5587978363037109,-0.037374019622802734,0.2527899742126465
190,1.891,-0.007267594337463379,0.5765366554260254,-0.006012320518493652,0.2527899742126465
191,1.901,-0.06629645824432373,1.915877342224121,-0.03671395778656006,0.2527899742126465
192,1.911,0.3602476716041565,1.2949905395507812,0.05414986610412598,0.40801095962524414
193,1.921,-0.25068002939224243,0.5854072570800781,-0.06722390651702881,0.5587978363037109
194,1.931,-0.40302813053131104,0.3858366012573242,-0.09680640697479248,0.5587978363037109
195,1.941,-0.4955861568450928,0.09756803512573242,-0.21989166736602783,0.5587978363037109
196,1.951,-0.18921715021133423,-0.013304710388183594,-0.1883615255355835,0.5587978363037109
197,1.961,-0.3116111159324646,-0.031044483184814453,-0.21991682052612305,0.5587978363037109
198,1.971,0.024668216705322266,-0.07095813751220703,-0.21991682052612305,0.3858366012573242
199,1.981,-0.15785551071166992,-0.17296123504638672,-0.18838459253311157,0.09756803512573242
200,1.991,0.024075090885162354,-0.25722408294677734,-0.24959415197372437,-0.013304710388183594
201,2.001,-0.2193782925605774,-0.44349002838134766,-0.3115103840827942,-0.031044483184814453
202,2.011,-0.18797415494918823,-0.5233182907104492,-0.2503008246421814,-0.07095813751220703
203,2.021,-0.1283738613128662,-0.5632319450378418,-0.21889454126358032,-0.17296123504638672
204,2.031,-0.4948182702064514,-0.5454931259155273,-0.21889454126358032,-0.25722408294677734
205,2.041,-0.18835943937301636,-0.43462038040161133,-0.2188693881034851,-0.43462038040161133
206,2.051,-0.1903473138809204,0.49670886993408203,-0.21979087591171265,-0.43462038040161133
207,2.061,0.11590147018432617,0.2971382141113281,-0.2188693881034851,-0.43462038040161133
208,2.071,-0.15887165069580078,0.11087274551391602,-0.21989166736602783,-0.43462038040161133
209,2.081,-0.49487775564193726,0.031044483184814453,-0.2809056043624878,-0.43462038040161133
210,2.091,0.26790326833724976,-0.06652355194091797,-0.18943500518798828,-0.06652355194091797
211,2.101,-0.28069186210632324,-0.11974239349365234,-0.18943500518798828,-0.06652355194091797
212,2.111,-0.1592453122138977,-0.09756755828857422,-0.21891671419143677,-0.06652355194091797
213,2.121,-0.3407074809074402,-0.10643815994262695,-0.21967190504074097,-0.06652355194091797
214,2.131,-0.6482957005500793,-0.12861156463623047,-0.2816131114959717,-0.06652355194091797
215,2.141,-0.5239872336387634,-0.12861156463623047,-0.28166842460632324,-0.09756755828857422
216,2.151,0.08422714471817017,-0.1241769790649414,-0.3113468289375305,-0.10643815994262695
217,2.161,-0.09660875797271729,-0.1241769790649414,-0.28166842460632324,-0.11974239349365234
218,2.171,-0.06730639934539795,-0.11974191665649414,-0.2502371668815613,-0.1241769790649414
219,2.181,0.08462655544281006,-0.137481689453125,-0.28166842460632324,-0.1241769790649414
220,2.191,0.1164972186088562,-0.1241769790649414,-0.25032496452331543,-0.1241769790649414
221,2.201,-0.12862473726272583,-0.10643720626831055,-0.21891671419143677,-0.1241769790649414
222,2.211,-0.15894544124603271,-0.11974287033081055,-0.1292891502380371,-0.1241769790649414
223,2.221,-0.494998574256897,-0.11974239349365234,-0.1292891502380371,-0.11974239349365234
224,2.231,-0.4024537205696106,-0.13304615020751953,-0.09793156385421753,-0.1241769790649414
225,2.241,-0.03668445348739624,-0.14191722869873047,-0.15894544124603271,-0.1241769790649414
226,2.251,-0.5261195302009583,-0.137481689453125,-0.18950879573822021,-0.1241769790649414
227,2.261,-0.1279369592666626,-0.13304710388183594,-0.31154465675354004,-0.13304710388183594
228,2.271,0.0840635895729065,-0.13304710388183594,-0.28206396102905273,-0.13304710388183594
229,2.281,0.17633116245269775,-0.11974191665649414,-0.28206396102905273,-0.13304710388183594
230,2.291,-0.3428800106048584,-0.1241769790649414,-0.31154465675354004,-0.13304710388183594
231,2.301,-0.03743338584899902,-0.1241769790649414,-0.28186625242233276,-0.12861156463623047
232,2.311,0.14672446250915527,-0.12861156463623047,-0.12915390729904175,-0.12861156463623047
233,2.321,-0.28168463706970215,-0.10200262069702148,-0.1291298270225525,-0.12861156463623047
234,2.331,-0.31002312898635864,-0.10643768310546875,-0.06794440746307373,-0.12861156463623047
235,2.341,0.08507382869720459,-0.10200309753417969,-0.06794440746307373,-0.1241769790649414
236,2.351,-0.18839865922927856,-0.10200309753417969,-0.1291298270225525,-0.11974239349365234
237,2.361,-0.0065116286277771,-0.11087274551391602,-0.1291298270225525,-0.11087274551391602
238,2.371,-0.5243935585021973,-0.12861156463623047,-0.15880823135375977,-0.11087274551391602
239,2.381,-0.24948221445083618,-0.12861156463623047,-0.15880823135375977,-0.11087274551391602
240,2.391,-0.3738330602645874,-0.11974191665649414,-0.15888577699661255,-0.11087274551391602
241,2.401,-0.12811362743377686,-0.09313297271728516,-0.15888577699661255,-0.10643768310546875
242,2.411,-0.06748843193054199,-0.11087274551391602,-0.22007429599761963,-0.10643768310546875
243,2.421,-0.03781002759933472,-0.1241769790649414,-0.22004830837249756,-0.11530733108520508
244,2.431,0.05394405126571655,-0.12861156463623047,-0.19039589166641235,-0.11974239349365234
245,2.441,-0.19060367345809937,-0.11974191665649414,-0.15905046463012695,-0.1241769790649414
246,2.451,-0.3728119134902954,-0.11974191665649414,-0.2810882329940796,-0.11974191665649414
247,2.461,-0.25072842836380005,-0.11974191665649414,-0.22007429599761963,-0.11974191665649414
248,2.471,0.024257659912109375,-0.10643768310546875,-0.15905046463012695,-0.11974191665649414
249,2.481,-0.12779664993286133,-0.11974239349365234,-0.06751441955566406,-0.11974191665649414
250,2.491,-0.005907416343688965,-0.11530780792236328,-0.06751441955566406,-0.11974191665649414
251,2.501,0.1761409044265747,-0.11530780792236328,-0.03783601522445679,-0.1241769790649414
252,2.511,-0.09707999229431152,-0.1241769790649414,-0.06751441955566406,-0.1241769790649414
253,2.521,-0.3110373616218567,-0.11974191665649414,-0.12853848934173584,-0.11974191665649414
254,2.531,0.08535414934158325,-0.11530780792236328,-0.03586018085479736,-0.11974239349365234
255,2.541,-0.006261706352233887,-0.10643768310546875,0.02337557077407837,-0.11530780792236328
256,2.551,-0.0975562334060669,-0.10643815994262695,-0.006181776523590088,-0.11530780792236328
257,2.561,-0.5875644683837891,-0.10200309753417969,-0.06720584630966187,-0.11530780792236328
258,2.571,-0.34180545806884766,-0.11087274551391602,-0.15874165296554565,-0.11530780792236328
259,2.581,-0.43428266048431396,-0.11974239349365234,-0.15874165296554565,-0.11530780792236328
260,2.591,-0.2819533944129944,-0.11530733108520508,-0.22068625688552856,-0.11530780792236328
261,2.601,-0.06656789779663086,-0.11530733108520508,-0.22068625688552856,-0.11087274551391602
262,2.611,-0.31007665395736694,-0.11974287033081055,-0.22068625688552856,-0.11087274551391602
263,2.621,-0.1901741623878479,-0.1241769790649414,-0.22068625688552856,-0.11530733108520508
264,2.631,-0.2517610788345337,-0.11530733108520508,-0.25138574838638306,-0.11530733108520508
265,2.641,0.2377946972846985,-0.11974191665649414,-0.25138574838638306,-0.11974191665649414
266,2.651,-0.37405937910079956,-0.10643720626831055,-0.25138574838638306,-0.11974191665649414
267,2.661,0.05468952655792236,-0.10200262069702148,-0.1293378472328186,-0.11530733108520508
268,2.671,-0.1602928638458252,-0.11087274551391602,-0.09888559579849243,-0.11530733108520508
269,2.681,-0.6167006492614746,-0.11530780792236328,-0.1285640001296997,-0.11530733108520508
270,2.691,-0.4037192165851593,-0.1241769790649414,-0.22006934881210327,-0.11530733108520508
271,2.701,-0.40275412797927856,-0.11974239349365234,-0.22006934881210327,-0.11530733108520508
272,2.711,0.02409595251083374,-0.11087274551391602,-0.12858504056930542,-0.11530733108520508
273,2.721,-0.5256409645080566,-0.11530733108520508,-0.22006934881210327,-0.11530733108520508
274,2.731,-0.311747670173645,-0.10643815994262695,-0.31084322929382324,-0.11087274551391602
275,2.741,0.024848461151123047,-0.11530733108520508,-0.2496972680091858,-0.11087274551391602
276,2.751,-0.4033045768737793,-0.12861204147338867,-0.3422239422798157,-0.11530733108520508
277,2.761,-0.5871850252151489,-0.11530733108520508,-0.3736332654953003,-0.11530733108520508
278,2.771,-0.31032103300094604,-0.11087274551391602,-0.3736332654953003,-0.11530733108520508
279,2.781,-0.4348996877670288,-0.11087274551391602,-0.3736332654953003,-0.11087274551391602
280,2.791,-0.12711775302886963,-0.11530733108520508,-0.3422239422798157,-0.11087274551391602
281,2.801,-0.31065571308135986,-0.11974191665649414,-0.3422786593437195,-0.11530733108520508
282,2.811,0.024308979511260986,-0.11530733108520508,-0.31072545051574707,-0.11530733108520508
283,2.821,0.14634287357330322,-0.11974191665649414,-0.2198123335838318,-0.11530733108520508
284,2.831,-0.2809315621852875,-0.10643815994262695,-0.3107023239135742,-0.11530733108520508
285,2.841,-0.31065571308135986,-0.11530780792236328,-0.2496863603591919,-0.11087274551391602
286,2.851,0.11577916145324707,-0.11530733108520508,-0.18847477436065674,-0.11087274551391602
287,2.861,-0.0067882537841796875,-0.10643768310546875,-0.18866026401519775,-0.11087274551391602
288,2.871,0.11554735898971558,-0.11530733108520508,-0.00553584098815918,-0.11530733108520508
289,2.881,-0.15966230630874634,-0.11087179183959961,-0.00553584098815918,-0.11530733108520508
290,2.891,-0.2801893949508667,-0.10643815994262695,-0.00553584098815918,-0.11530733108520508
291,2.901,-0.37169796228408813,-0.10643720626831055,-0.036968350410461426,-0.11530733108520508
292,2.911,-0.15883058309555054,-0.10200262069702148,-0.1590667963027954,-0.10643815994262695
293,2.921,0.055043697357177734,-0.10200309753417969,-0.15814733505249023,-0.10643815994262695
294,2.931,0.0248602032661438,-0.11087274551391602,-0.12763428688049316,-0.11087274551391602
295,2.941,0.20757049322128296,-0.10643815994262695,-0.09805095195770264,-0.10643815994262695
296,2.951,-0.3735143542289734,-0.09313297271728516,-0.0989077091217041,-0.10643815994262695
297,2.961,-0.2186165452003479,-0.10200309753417969,-0.12825387716293335,-0.10643815994262695
298,2.971,0.2677688002586365,-0.09756755828857422,-0.03769809007644653,-0.10643815994262695
299,2.981,-0.2806786894798279,-0.09756851196289062,0.023511409759521484,-0.10200309753417969
300,2.991,-0.31266188621520996,-0.09313297271728516,-0.007001519203186035,-0.09756851196289062
301,3.001,-0.1295696496963501,-0.09756803512573242,-0.007001519203186035,-0.09756851196289062
302,3.011,-0.12942063808441162,-0.10200309753417969,-0.12942063808441162,-0.09756851196289062
303,3.021,-0.43435138463974,-0.10643768310546875,-0.19039201736450195,-0.09756851196289062
304,3.031,-0.06736534833908081,-0.11974239349365234,-0.21997535228729248,-0.09756851196289062
305,3.041,0.054024457931518555,-0.15965604782104492,-0.09788841009140015,-0.10643768310546875
306,3.051,-0.09677034616470337,-0.20400524139404297,-0.09788841009140015,-0.10643768310546875
307,3.061,0.024614572525024414,-0.16852569580078125,-0.15885978937149048,-0.11087274551391602
308,3.071,0.17821884155273438,-0.026609420776367188,-0.09788841009140015,-0.11087274551391602
309,3.081,-0.49574995040893555,0.09313297271728516,-0.15885978937149048,-0.11087274551391602
310,3.091,-0.22001993656158447,0.0620880126953125,-0.09788841009140015,-0.10643768310546875
311,3.101,-0.40340566635131836,-0.0620884895324707,-0.1589145064353943,-0.10643768310546875
312,3.111,-0.3421456217765808,-0.18183135986328125,-0.15890425443649292,-0.11974239349365234
313,3.121,-0.3422655463218689,-0.1995701789855957,-0.2200300693511963,-0.15965604782104492
314,3.131,-0.4654267430305481,-0.13304710388183594,-0.34216588735580444,-0.13304710388183594
315,3.141,-0.15912723541259766,-0.0620884895324707,-0.31267619132995605,-0.0620884895324707
316,3.151,0.14658260345458984,-0.062088966369628906,-0.2516500949859619,-0.0620884895324707
317,3.161,-0.06746327877044678,-0.1241769790649414,-0.2821391820907593,-0.06652355194091797
318,3.171,0.05496406555175781,-0.14191627502441406,-0.22013789415359497,-0.1241769790649414
319,3.181,-0.18829411268234253,-0.1507859230041504,-0.22013789415359497,-0.12861156463623047
320,3.191,0.14511823654174805,-0.10200262069702148,-0.22011685371398926,-0.12861156463623047
321,3.201,-0.06717175245285034,-0.0620884895324707,-0.09889954328536987,-0.1241769790649414
322,3.211,0.024267494678497314,-0.0620884895324707,-0.036758482456207275,-0.10200262069702148
323,3.221,-0.25071650743484497,-0.0886983871459961,-0.036758482456207275,-0.0886983871459961
324,3.231,0.17625010013580322,-0.09313297271728516,-0.03573930263519287,-0.09313297271728516
325,3.241,-0.12884968519210815,-0.09756803512573242,-0.06625223159790039,-0.09756803512573242
326,3.251,-0.40275710821151733,-0.0886983871459961,-0.06625223159790039,-0.09313297271728516
327,3.261,-0.1897207498550415,-0.09313297271728516,-0.09676527976989746,-0.0886983871459961
328,3.271,-0.4633599519729614,-0.10643768310546875,-0.12829738855361938,-0.0886983871459961
329,3.281,-0.3729936480522156,-0.11087274551391602,-0.12834900617599487,-0.0886983871459961
330,3.291,-0.3116528391838074,-0.12417745590209961,-0.31072336435317993,-0.09313297271728516
331,3.301,-0.035714149475097656,-0.11974287033081055,-0.31072336435317993,-0.10200309753417969
332,3.311,-0.15876322984695435,-0.0886983871459961,-0.18830430507659912,-0.10200309753417969
333,3.321,-0.34278368949890137,-0.07982826232910156,-0.2817577123641968,-0.10200309753417969
334,3.331,-0.37313729524612427,-0.0753931999206543,-0.2817577123641968,-0.09756851196289062
335,3.341,-0.34107398986816406,-0.0753931999206543,-0.31145918369293213,-0.09756851196289062
336,3.351,-0.7087583541870117,-0.09756755828857422,-0.31145918369293213,-0.09756755828857422
337,3.361,-0.37295424938201904,-0.10643815994262695,-0.31145918369293213,-0.09756755828857422
338,3.371,-0.3110804557800293,-0.10643720626831055,-0.31145918369293213,-0.09756755828857422
339,3.381,-0.3719329237937927,-0.10200262069702148,-0.2809462547302246,-0.09756755828857422
340,3.391,-0.006217598915100098,-0.10643815994262695,-0.2809462547302246,-0.09756755828857422
341,3.401,0.23878878355026245,-0.11530733108520508,-0.2809462547302246,-0.10200262069702148
342,3.411,-0.18849784135818481,-0.10643720626831055,-0.24951380491256714,-0.10200262069702148
343,3.421,-0.40363362431526184,-0.11087274551391602,-0.3109169602394104,-0.10200262069702148
344,3.431,-0.1274186372756958,-0.10643720626831055,-0.3109169602394104,-0.10643720626831055
345,3.441,0.08534270524978638,-0.08426332473754883,-0.18847274780273438,-0.10643720626831055
346,3.451,-0.43392181396484375,-0.07982873916625977,-0.15803831815719604,-0.10643720626831055
347,3.461,0.025227069854736328,-0.08426332473754883,-0.15801525115966797,-0.10200262069702148
348,3.471,-0.3419722318649292,-0.09756755828857422,-0.15801525115966797,-0.10200262069702148
349,3.481,-0.5244746208190918,-0.10200262069702148,-0.18849784135818481,-0.10200262069702148
350,3.491,-0.5544531941413879,-0.10643815994262695,-0.2494906783103943,-0.10200262069702148
351,3.501,0.17703604698181152,-0.10643815994262695,-0.2494676113128662,-0.10200262069702148
352,3.511,-0.03772532939910889,-0.09756755828857422,-0.22080934047698975,-0.09756755828857422
353,3.521,0.1164892315864563,-0.09313297271728516,-0.15784478187561035,-0.09756755828857422
354,3.531,-0.18975216150283813,-0.0886983871459961,-0.12834900617599487,-0.09756755828857422
355,3.541,0.17606627941131592,-0.07095861434936523,-0.0967937707901001,-0.09756755828857422
356,3.551,-0.2207658886909485,-0.0753931999206543,-0.12832587957382202,-0.09756755828857422
357,3.561,-0.005274772644042969,-0.0753931999206543,-0.0967937707901001,-0.09313297271728516
358,3.571,-0.46334779262542725,-0.07982778549194336,-0.09681689739227295,-0.0886983871459961
359,3.581,-0.2201663851737976,-0.08426332473754883,-0.0987655520439148,-0.08426332473754883
360,3.591,-0.28183746337890625,-0.09313297271728516,-0.12834900617599487,-0.08426332473754883
361,3.601,-0.6178181171417236,-0.0886983871459961,-0.1588628888130188,-0.08426332473754883
362,3.611,-0.5243637561798096,-0.09313297271728516,-0.34123629331588745,-0.08426332473754883
363,3.621,-0.27986449003219604,-0.07982826232910156,-0.25034934282302856,-0.07982778549194336
364,3.631,-0.21994853019714355,-0.09313297271728516,-0.31145918369293213,-0.0886983871459961
365,3.641,0.023133039474487305,-0.08426284790039062,-0.25150495767593384,-0.0886983871459961
366,3.651,-0.12844902276992798,-0.08426332473754883,-0.3430470824241638,-0.0886983871459961
367,3.661,-0.219465970993042,-0.09756803512573242,-0.3430470824241638,-0.0886983871459961
368,3.671,-0.5863978862762451,-0.08426332473754883,-0.4031444191932678,-0.0886983871459961
369,3.681,-0.1285306215286255,-0.09313297271728516,-0.4031444191932678,-0.0886983871459961
370,3.691,-0.00563657283782959,-0.10200309753417969,-0.31161463260650635,-0.0886983871459961
371,3.701,0.11484456062316895,-0.10643720626831055,-0.15802639722824097,-0.0886983871459961
372,3.711,-0.24958032369613647,-0.09756755828857422,-0.25047487020492554,-0.09313297271728516
373,3.721,0.05552327632904053,-0.07982778549194336,-0.25047487020492554,-0.09313297271728516
374,3.731,-0.15887492895126343,-0.0886983871459961,-0.21906644105911255,-0.09313297271728516
375,3.741,-0.40390563011169434,-0.07982778549194336,-0.25047487020492554,-0.09313297271728516
376,3.751,0.054167747497558594,-0.08426284790039062,-0.19030743837356567,-0.0886983871459961
377,3.761,-0.09760600328445435,-0.08426284790039062,-0.12933188676834106,-0.0886983871459961
378,3.771,-0.31180816888809204,-0.0753931999206543,-0.19028335809707642,-0.08869743347167969
379,3.781,-0.4649214744567871,-0.07982826232910156,-0.19030743837356567,-0.08426284790039062
380,3.791,0.20746243000030518,-0.07982826232910156,-0.15887492895126343,-0.08426284790039062
381,3.801,0.02559041976928711,-0.0886983871459961,-0.12836092710494995,-0.08426284790039062
382,3.811,-0.37199944257736206,-0.10200309753417969,-0.15887492895126343,-0.08426284790039062
383,3.821,-0.2812806963920593,-0.10643815994262695,-0.15961205959320068,-0.08426284790039062
384,3.831,-0.4030325412750244,-0.10643768310546875,-0.12909793853759766,-0.08869743347167969
385,3.841,-0.15905654430389404,-0.09313297271728516,-0.15887492895126343,-0.09313297271728516
386,3.851,0.14552807807922363,-0.08869743347167969,-0.15887492895126343,-0.09313297271728516
387,3.861,-0.06735730171203613,-0.09313297271728516,-0.15887492895126343,-0.09313297271728516
388,3.871,-0.24922937154769897,-0.08426332473754883,-0.09766542911529541,-0.09313297271728516
389,3.881,-0.005855679512023926,-0.08426284790039062,-0.15887492895126343,-0.09313297271728516
390,3.891,-0.2503294348716736,-0.07982873916625977,-0.18938905000686646,-0.09313297271728516
391,3.901,-0.03704899549484253,-0.08426332473754883,-0.15980571508407593,-0.0886983871459961
392,3.911,-0.2814515233039856,-0.08426332473754883,-0.158968985080719,-0.0886983871459961
393,3.921,0.32953059673309326,-0.07982778549194336,-0.06826359033584595,-0.08426332473754883
394,3.931,0.35944676399230957,-0.06652355194091797,0.08532452583312988,-0.08426332473754883
395,3.941,0.02340841293334961,-0.053218841552734375,-0.006268978118896484,-0.08426332473754883
396,3.951,-0.25042521953582764,-0.07095861434936523,-0.006268978118896484,-0.07982778549194336
397,3.961,-0.0061032772064208984,-0.07095861434936523,-0.006268978118896484,-0.07982778549194336
398,3.971,-0.25112980604171753,-0.07095861434936523,-0.06720495223999023,-0.0753931999206543
399,3.981,-0.09794098138809204,-0.0620884895324707,-0.03663742542266846,-0.07095813751220703
400,3.991,-0.06729692220687866,-0.0753931999206543,-0.037607431411743164,-0.07095813751220703
401,4.001,0.14603060483932495,-0.05765390396118164,-0.037607431411743164,-0.06652355194091797
402,4.011,-0.4034077525138855,-0.044348716735839844,-0.1588156819343567,-0.05765390396118164
403,4.021,-0.19072097539901733,-0.03991413116455078,-0.15883976221084595,-0.05765390396118164
404,4.031,-0.3733673095703125,-0.031044483184814453,-0.1588628888130188,-0.05765390396118164
405,4.041,-0.4326896667480469,-0.02660989761352539,-0.18851715326309204,-0.05765390396118164
406,4.051,0.2077244520187378,0.008869647979736328,-0.18851715326309204,-0.044348716735839844
407,4.061,-0.129630446434021,0.04878425598144531,-0.12753957509994507,-0.03991413116455078
408,4.071,-0.34189170598983765,0.07982778549194336,-0.12756270170211792,-0.03547954559326172
409,4.081,-0.28051096200942993,0.06652355194091797,-0.24972671270370483,-0.022174835205078125
410,4.091,-0.3422549366950989,0.04878377914428711,-0.2802942395210266,0.008869647979736328
411,4.101,-0.40362560749053955,-0.08426284790039062,-0.2802942395210266,0.008869647979736328
412,4.111,0.3607831597328186,-0.2527894973754883,-0.21908468008041382,0.008869647979736328
413,4.121,-0.4341588616371155,-0.4656648635864258,-0.2507098317146301,0.008869647979736328
414,4.131,-0.1895153522491455,-0.4878387451171875,-0.2507098317146301,0.008869647979736328
415,4.141,-0.46453720331192017,-0.2616591453552246,-0.3117397427558899,-0.08426284790039062
416,4.151,-0.37262845039367676,0.05321931838989258,-0.2505301833152771,-0.08426284790039062
417,4.161,0.11633539199829102,0.20400571823120117,-0.2803313136100769,-0.08426284790039062
418,4.171,-0.15809184312820435,0.09313297271728516,-0.2191217541694641,-0.08426284790039062
419,4.181,-0.28198227286338806,-0.15522146224975586,-0.12850850820541382,-0.15522146224975586
420,4.191,0.17666471004486084,-0.314877986907959,-0.12850850820541382,-0.2394847869873047
421,4.201,0.20759320259094238,-0.2882685661315918,-0.12850850820541382,-0.2616591453552246
422,4.211,0.05481451749801636,-0.0620884895324707,-0.03694033622741699,-0.15522146224975586
423,4.221,0.11727440357208252,0.11087226867675781,-0.03694033622741699,-0.0620884895324707
424,4.231,-0.4653359055519104,0.11087274551391602,-0.03696340322494507,0.05321931838989258
425,4.241,-0.3421509861946106,-0.039914608001708984,-0.03694033622741699,-0.031044483184814453
426,4.251,-0.2503942847251892,-0.22174501419067383,-0.15806877613067627,-0.07095861434936523
427,4.261,-0.18947720527648926,-0.2616591453552246,-0.18947720527648926,-0.15522146224975586
428,4.271,0.08507031202316284,-0.1374821662902832,-0.18950128555297852,-0.1374821662902832
429,4.281,-0.09903085231781006,0.03991365432739258,-0.22001636028289795,-0.07095861434936523
430,4.291,-0.00663071870803833,0.11530733108520508,-0.22001636028289795,-0.031044483184814453
431,4.301,-0.5857811570167542,0.017739295959472656,-0.2505311965942383,0.017739295959472656
432,4.311,-0.40337473154067993,-0.14635133743286133,-0.3116803765296936,-0.039914608001708984
433,4.321,-0.4644772410392761,-0.23061466217041016,-0.31164783239364624,-0.1374821662902832
434,4.331,-0.21952950954437256,-0.1773967742919922,-0.2506713271141052,-0.14635133743286133
435,4.341,-0.4035571813583374,-0.031044483184814453,-0.3118598461151123,-0.1374821662902832
436,4.351,0.023448586463928223,0.06652355194091797,-0.3118598461151123,-0.031044483184814453
437,4.361,-0.15808320045471191,0.053218841552734375,-0.3118598461151123,0.017739295959472656
438,4.371,-0.311539888381958,-0.07095813751220703,-0.3118598461151123,-0.031044483184814453
439,4.381,-0.2508137822151184,-0.19513607025146484,-0.3118598461151123,-0.07095813751220703
440,4.391,-0.18916326761245728,-0.19070100784301758,-0.3118598461151123,-0.14635133743286133
441,4.401,-0.18899184465408325,-0.10643720626831055,-0.189530611038208,-0.10643720626831055
442,4.411,-0.1896553635597229,0.013304710388183594,-0.15812218189239502,-0.07095813751220703
443,4.421,0.05413317680358887,0.04434919357299805,-0.15985220670700073,-0.031044483184814453
444,4.431,-0.3722819685935974,-0.01773977279663086,-0.09864068031311035,-0.01773977279663086
445,4.441,0.1463909149169922,-0.13304710388183594,-0.09864068031311035,-0.07095813751220703
446,4.451,-0.4335505962371826,-0.1995711326599121,-0.09864068031311035,-0.10643720626831055
447,4.461,-0.19054776430130005,-0.13304710388183594,-0.09864068031311035,-0.12417745590209961
448,4.471,-0.03782862424850464,-0.03991413116455078,-0.09864068031311035,-0.10643720626831055
449,4.481,-0.18887341022491455,0.035479068756103516,-0.1293361783027649,-0.03991413116455078
450,4.491,-0.34208256006240845,-0.0044345855712890625,-0.1293361783027649,-0.01773977279663086
451,4.501,-0.18954485654830933,-0.04434919357299805,-0.1293361783027649,-0.031044483184814453
452,4.511,-0.312894344329834,-0.29270362854003906,-0.15905499458312988,-0.05765390396118164
453,4.521,-0.03571140766143799,-0.1862654685974121,-0.15901458263397217,-0.12417745590209961
454,4.531,-0.097709059715271,-0.10200262069702148,-0.18859899044036865,-0.10200262069702148
455,4.541,-0.3421962261199951,0.004435062408447266,-0.18859899044036865,-0.05765390396118164
456,4.551,0.20882725715637207,0.05321931838989258,-0.18859899044036865,-0.026609420776367188
457,4.561,-0.40333646535873413,0.1241769790649414,-0.24963116645812988,-0.0044345855712890625
458,4.571,-0.006543219089508057,0.035479068756103516,-0.24963116645812988,-0.0044345855712890625
459,4.581,-0.3736701011657715,0.05765390396118164,-0.2812187075614929,0.004435062408447266
460,4.591,-0.34158051013946533,0.03991413116455078,-0.2812187075614929,0.03104400634765625
461,4.601,-0.15960967540740967,0.11974191665649414,-0.22013217210769653,0.04434919357299805
462,4.611,-0.43388986587524414,0.11087226867675781,-0.2812187075614929,0.04434919357299805
463,4.621,-0.3738517761230469,0.807152271270752,-0.3413587808609009,0.05321931838989258
464,4.631,-0.2197461724281311,1.2905559539794922,-0.3117743730545044,0.09313297271728516
465,4.641,-0.09639006853103638,1.5433454513549805,-0.3728635907173157,0.11974191665649414
466,4.651,-0.5251612663269043,2.190840721130371,-0.3727695941925049,0.137481689453125
467,4.661,-0.1280728578567505,0.9623732566833496,-0.3727695941925049,0.807152271270752
468,4.671,-0.43504321575164795,1.374819278717041,-0.4339611530303955,0.9623732566833496
469,4.681,-0.31066417694091797,1.7429156303405762,-0.28017932176589966,1.2905559539794922
470,4.691,-0.03717154264450073,2.687549591064453,-0.28017932176589966,1.374819278717041
471,4.701,-0.15831208229064941,3.880537986755371,-0.28017932176589966,1.5433454513549805
472,4.711,-0.31107097864151,5.840764999389648,-0.25052410364151,1.7429156303405762
473,4.721,-0.677211582660675,7.5925493240356445,-0.34119725227355957,2.190840721130371
474,4.731,-0.3728789687156677,9.011717796325684,-0.37187784910202026,2.687549591064453
475,4.741,-0.25089138746261597,9.991830825805664,-0.37189894914627075,3.880537986755371
476,4.751,-0.06623339653015137,10.009570121765137,-0.37189894914627075,5.840764999389648
477,4.761,-0.46449458599090576,8.896410942077637,-0.34141409397125244,7.5925493240356445
478,4.771,-0.3719150424003601,6.967227935791016,-0.34141409397125244,7.5925493240356445
479,4.781,-0.31240028142929077,3.5789647102355957,-0.40243202447891235,7.5925493240356445
480,4.791,-0.7096944451332092,0.3281826972961426,-0.49589574337005615,7.5925493240356445
481,4.801,0.20622682571411133,-1.8803980350494385,-0.4339451789855957,7.5925493240356445
482,4.811,-0.1898413896560669,-2.842771530151367,-0.28139233589172363,6.967227935791016
483,4.821,-0.16011285781860352,-2.3992812633514404,-0.24987918138504028,3.5789647102355957
484,4.831,-0.09832644462585449,-1.0466365814208984,-0.18884509801864624,0.3281826972961426
485,4.841,-0.251791775226593,0.8204565048217773,-0.251791775226593,0.3015732765197754
486,4.851,-0.12757813930511475,2.319453239440918,-0.1898132562637329,0.3015732765197754
487,4.861,-0.373041570186615,2.257364273071289,-0.22132641077041626,0.3015732765197754
488,4.871,-0.1279534101486206,1.3836889266967773,-0.22127491235733032,0.3015732765197754
489,4.881,-0.22117072343826294,-0.031044483184814453,-0.22127491235733032,-0.031044483184814453
490,4.891,0.175872802734375,-1.9025726318359375,-0.22127491235733032,-0.031044483184814453
491,4.901,-0.18963253498077393,-3.7785353660583496,-0.16013485193252563,-0.031044483184814453
492,4.911,-0.37374305725097656,-5.029177665710449,-0.18971925973892212,-0.031044483184814453
493,4.921,0.08438658714294434,-5.667802810668945,-0.18971925973892212,-0.031044483184814453
494,4.931,-0.34287387132644653,-5.202138423919678,-0.18959635496139526,-1.9025726318359375
495,4.941,0.23779171705245972,-4.080108642578125,-0.21919876337051392,-3.7785353660583496
496,4.951,0.17608189582824707,-3.2552170753479004,-0.1284008026123047,-3.7785353660583496
497,4.961,0.054915428161621094,-2.2706689834594727,-0.0987476110458374,-3.7785353660583496
498,4.971,-0.06621724367141724,-2.248494863510132,-0.09775155782699585,-3.7785353660583496
499,4.981,0.02382528781890869,-2.6964194774627686,-0.06816715002059937,-3.7785353660583496
500,4.991,0.207411527633667,-3.268522024154663,0.025237083435058594,-3.295131206512451
501,5.001,0.29952841997146606,-3.98697566986084,0.11681818962097168,-3.295131206512451
502,5.011,-0.09831076860427856,-4.78082275390625,0.054848670959472656,-3.295131206512451
503,5.021,-0.3107762932777405,-5.898417949676514,0.054848670959472656,-3.295131206512451
504,5.031,-0.15930521488189697,-6.758788585662842,0.1167910099029541,-3.295131206512451
505,5.041,-0.31041818857192993,-7.308716297149658,-0.03575575351715088,-3.98697566986084
506,5.051,-0.09798961877822876,-7.486112594604492,-0.03697168827056885,-4.78082275390625
507,5.061,0.20658999681472778,-7.521591663360596,0.024089515209197998,-5.898417949676514
508,5.071,0.05453062057495117,-7.956212043762207,-0.007345020771026611,-6.758788585662842
509,5.081,0.02566051483154297,-8.550488471984863,-0.03788715600967407,-7.308716297149658
510,5.091,0.3592647910118103,-9.175809860229492,-0.06838113069534302,-7.486112594604492
511,5.101,0.14539647102355957,-9.66364860534668,0.02332437038421631,-7.521591663360596
512,5.111,-0.036304593086242676,-10.51515007019043,0.023348450660705566,-7.956212043762207
513,5.121,0.11538678407669067,-11.579524993896484,0.08631622791290283,-8.550488471984863
514,5.131,-0.09918862581253052,-13.03860855102539,0.08434230089187622,-9.175809860229492
515,5.141,-0.03683269023895264,-14.306989669799805,0.08434230089187622,-9.66364860534668
516,5.151,-0.19213050603866577,-14.568649291992188,0.08434230089187622,-10.51515007019043
517,5.161,0.08568000793457031,-13.539751052856445,-0.037757277488708496,-11.579524993896484
518,5.171,0.17664414644241333,-11.703702926635742,-0.006349921226501465,-11.703702926635742
519,5.181,0.1767733097076416,-9.237897872924805,-0.006349921226501465,-11.703702926635742
520,5.191,0.5420672297477722,-5.144484519958496,0.02323448657989502,-11.703702926635742
521,5.201,-0.09862780570983887,-0.9091544151306152,0.02323448657989502,-11.703702926635742
522,5.211,0.20731580257415771,3.490266799926758,0.05466794967651367,-11.703702926635742
523,5.221,-0.03616154193878174,7.002708435058594,0.14622509479522705,-9.237897872924805
524,5.231,-0.12836557626724243,9.082676887512207,0.05379986763000488,-5.144484519958496
525,5.241,-0.5256307721138,9.685823440551758,0.023280858993530273,-0.9091544151306152
526,5.251,-0.6183774471282959,10.005135536193848,-0.037763237953186035,3.490266799926758
527,5.261,-0.15821748971939087,9.965222358703613,-0.03680551052093506,7.002708435058594
528,5.271,-0.3125879764556885,9.801130294799805,-0.1285591721534729,9.082676887512207
529,5.281,-0.49518728256225586,9.255638122558594,-0.2811737060546875,9.255638122558594
530,5.291,-0.31275755167007446,8.914151191711426,-0.2811737060546875,9.255638122558594
531,5.301,-0.2502758502960205,8.789974212646484,-0.3127068877220154,9.255638122558594
532,5.311,-0.4938926696777344,8.386397361755371,-0.37286484241485596,9.255638122558594
533,5.321,-0.22103279829025269,7.876384735107422,-0.3432803153991699,9.255638122558594
534,5.331,0.02481323480606079,7.118015289306641,-0.2811967730522156,8.914151191711426
535,5.341,-0.22103464603424072,5.885113716125488,-0.2507322430610657,8.789974212646484
536,5.351,0.17472755908966064,4.164371967315674,-0.2507101893424988,8.386397361755371
537,5.361,-0.31159383058547974,2.275104522705078,-0.18971437215805054,7.876384735107422
538,5.371,-0.03694266080856323,0.29270362854003906,-0.12949377298355103,7.118015289306641
539,5.381,0.053963422775268555,-1.2107276916503906,-0.12944132089614868,5.885113716125488
540,5.391,-0.2501216530799866,-1.9912703037261963,-0.09899884462356567,4.164371967315674
541,5.401,-0.40398094058036804,-1.5477800369262695,-0.09897476434707642,2.275104522705078
542,5.411,-0.15866070985794067,-0.33261775970458984,-0.09897476434707642,0.29270362854003906
543,5.421,-0.3129752278327942,1.1397695541381836,-0.12951785326004028,0.29270362854003906
544,5.431,-0.28105777502059937,2.0400543212890625,-0.15902400016784668,0.29270362854003906
545,5.441,-0.2814631462097168,1.9025731086730957,-0.2200620174407959,0.29270362854003906
546,5.451,-0.4034060835838318,1.1885533332824707,-0.3128037452697754,0.29270362854003906
547,5.461,0.05548357963562012,0.47009944915771484,-0.3128037452697754,0.47009944915771484
548,5.471,-0.09921073913574219,-0.008869647979736328,-0.3128037452697754,0.47009944915771484
549,5.481,0.08373218774795532,-0.19513559341430664,-0.2517858147621155,0.47009944915771484
550,5.491,-0.18888986110687256,-0.15522146224975586,-0.2517858147621155,0.47009944915771484
551,5.501,-0.18998444080352783,2.8738155364990234,-0.19074779748916626,1.1397695541381836
552,5.511,-0.2809446454048157,1.2506422996520996,-0.2517858147621155,1.1619443893432617
553,5.521,-0.03819519281387329,0.6652345657348633,-0.1602286696434021,0.6652345657348633
554,5.531,-0.3123524785041809,0.39470624923706055,-0.1602025032043457,0.47009944915771484
555,5.541,-0.1282324194908142,0.25722455978393555,-0.12968337535858154,0.39470624923706055
556,5.551,-0.3741062879562378,0.1640911102294922,-0.15850389003753662,0.25722455978393555
557,5.561,-0.5872225761413574,0.1507863998413086,-0.19003605842590332,0.25722455978393555
558,5.571,-0.37282371520996094,-0.05765390396118164,-0.31199532747268677,0.25722455978393555
559,5.581,-0.006612181663513184,-0.3281826972961426,-0.2509552836418152,0.25722455978393555
560,5.591,0.42010730504989624,-0.47009944915771484,-0.1897457242012024,0.1640911102294922
561,5.601,-0.036276400089263916,-0.4789695739746094,-0.06770992279052734,0.1507863998413086
562,5.611,-0.19060653448104858,-0.4479250907897949,-0.06768375635147095,-0.05765390396118164
563,5.621,0.0861058235168457,-0.5543627738952637,-0.06770992279052734,-0.3281826972961426
564,5.631,-0.6476715803146362,-0.6563653945922852,-0.06770992279052734,-0.4479250907897949
565,5.641,-0.4338839054107666,1.8848323822021484,-0.18979012966156006,-0.4479250907897949
566,5.651,-0.1595110297203064,0.944633960723877,-0.09823000431060791,-0.4479250907897949
567,5.661,-0.4329695701599121,0.4656648635864258,-0.09823000431060791,-0.4479250907897949
568,5.671,-0.4651564061641693,0.27939891815185547,-0.18886154890060425,-0.4479250907897949
569,5.681,-0.1286117434501648,0.23504972457885742,-0.18886154890060425,0.23504972457885742
570,5.691,-0.1288214921951294,0.14191722869873047,-0.21932917833328247,0.23504972457885742
571,5.701,-0.3426828980445862,0.12861204147338867,-0.25086140632629395,0.23504972457885742
572,5.711,-0.28121185302734375,0.10643768310546875,-0.28138136863708496,0.23504972457885742
573,5.721,-0.19006246328353882,0.04878377914428711,-0.25086140632629395,0.23504972457885742
574,5.731,-0.2499985694885254,0.07095861434936523,-0.25007110834121704,0.14635181427001953
575,5.741,-0.22146958112716675,0.10200214385986328,-0.25007110834121704,0.12417745590209961
576,5.751,-0.18863964080810547,0.11530733108520508,-0.25007110834121704,0.11974191665649414
577,5.761,-0.15901398658752441,0.05765342712402344,-0.18982136249542236,0.10643768310546875
578,5.771,-0.3728640079498291,0.008869647979736328,-0.25086140632629395,0.09756755828857422
579,5.781,-0.006362199783325195,0.062088966369628906,-0.1582891345024109,0.07982826232910156
580,5.791,-0.06740224361419678,0.05321931838989258,-0.1286117434501648,0.06652355194091797
581,5.801,-0.03641873598098755,0.05765390396118164,-0.12776905298233032,0.05765390396118164
582,5.811,0.024254918098449707,0.11530733108520508,-0.09707963466644287,0.06652355194091797
583,5.821,0.023392796516418457,0.06652355194091797,-0.06751835346221924,0.06652355194091797
584,5.831,-0.28229594230651855,0.0620884895324707,-0.09707963466644287,0.0620884895324707
585,5.841,-0.1592639684677124,0.03104400634765625,-0.06749427318572998,0.05321931838989258
586,5.851,0.08489644527435303,0.022174358367919922,-0.128703773021698,0.05321931838989258
587,5.861,-0.12729495763778687,0.026609420776367188,-0.03781688213348389,0.05321931838989258
588,5.871,-0.4335865378379822,0.03991413116455078,-0.06838929653167725,0.05321931838989258
589,5.881,-0.2506919503211975,0.03991413116455078,-0.1600664258003235,0.03991413116455078
590,5.891,-0.3727564215660095,0.04878377914428711,-0.15910887718200684,0.03991413116455078
591,5.901,-0.19054007530212402,0.044348716735839844,-0.1895744800567627,0.03991413116455078
592,5.911,-0.0668216347694397,0.03991365432739258,-0.22110658884048462,0.035479068756103516
593,5.921,-0.5884193181991577,0.03991365432739258,-0.22116190195083618,0.035479068756103516
594,5.931,-0.1295889914035797,0.05321836471557617,-0.22110658884048462,0.044348716735839844
595,5.941,-0.12883055210113525,0.06652355194091797,-0.22110658884048462,0.04878377914428711
596,5.951,-0.09861314296722412,0.05321836471557617,-0.2507839798927307,0.04878377914428711
597,5.961,-0.49518418312072754,0.05321836471557617,-0.2213294506072998,0.04878377914428711
598,5.971,0.05425155162811279,0.03991413116455078,-0.09835386276245117,0.04878377914428711
599,5.981,-0.46449583768844604,0.03104400634765625,-0.09835386276245117,0.044348716735839844
600,5.991,-0.007637619972229004,0.035479068756103516,-0.12976622581481934,0.044348716735839844
601,6.001,-0.24950212240219116,0.05765390396118164,-0.15935158729553223,0.05321836471557617
602,6.011,0.17739111185073853,0.06652355194091797,-0.12883055210113525,0.05321836471557617
603,6.021,-0.06642013788223267,0.06652355194091797,-0.2203715443611145,0.05321836471557617
604,6.031,-0.18992012739181519,0.06652355194091797,-0.25180602073669434,0.05321836471557617
605,6.041,-0.19003719091415405,0.0620880126953125,-0.25180602073669434,0.05321836471557617
606,6.051,0.11521726846694946,0.06652355194091797,-0.2203715443611145,0.062088966369628906
607,6.061,-0.31116777658462524,0.07095861434936523,-0.250892698764801,0.062088966369628906
608,6.071,-0.37396925687789917,0.06652355194091797,-0.22130727767944336,0.062088966369628906
609,6.081,-0.34260720014572144,0.06652355194091797,-0.22039377689361572,0.06652355194091797
610,6.091,-0.31210440397262573,0.0620884895324707,-0.2814359664916992,0.06652355194091797
611,6.101,-0.40305572748184204,0.04878425598144531,-0.28158241510391235,0.06652355194091797
612,6.111,-0.3428382873535156,0.04878425598144531,-0.28158241510391235,0.062088966369628906
613,6.121,0.024367690086364746,0.05765390396118164,-0.25014787912368774,0.0620884895324707
614,6.131,-0.0073735713958740234,0.05765390396118164,-0.2518810033798218,0.0620884895324707
615,6.141,-0.09725511074066162,0.06652355194091797,-0.28240299224853516,0.0620884895324707
616,6.151,-0.09792947769165039,0.04878377914428711,-0.28240299224853516,0.0620884895324707
617,6.161,-0.005664706230163574,0.05321836471557617,-0.12772881984710693,0.0620884895324707
618,6.171,-0.6768466830253601,0.053218841552734375,-0.15908479690551758,0.05765390396118164
619,6.181,-0.19090932607650757,0.062088966369628906,-0.12767434120178223,0.05765390396118164
620,6.191,-0.372659832239151,0.06652355194091797,-0.09809517860412598,0.062088966369628906
621,6.201,-0.40465641021728516,0.07095813751220703,-0.15908479690551758,0.062088966369628906
622,6.211,-0.190812349319458,0.06652355194091797,-0.15913915634155273,0.062088966369628906
623,6.221,0.1453297734260559,0.05765390396118164,-0.15913915634155273,0.062088966369628906
624,6.231,-0.0989154577255249,0.05765342712402344,-0.15913915634155273,0.05765342712402344
625,6.241,-0.28148555755615234,0.05765342712402344,-0.28237879276275635,0.0620880126953125
626,6.251,-0.1589493751525879,0.053218841552734375,-0.28237879276275635,0.05765342712402344
627,6.261,-0.46509602665901184,0.05321836471557617,-0.28237879276275635,0.05765342712402344
628,6.271,-0.40266668796539307,0.05765390396118164,-0.31205612421035767,0.062088966369628906
629,6.281,-0.2516669034957886,0.04878425598144531,-0.28237879276275635,0.062088966369628906
630,6.291,-0.06840476393699646,0.05765390396118164,-0.25185656547546387,0.05765390396118164
631,6.301,-0.2818204164505005,0.05321931838989258,-0.31205612421035767,0.05765390396118164
632,6.311,-0.37247055768966675,0.04878377914428711,-0.34257811307907104,0.05321836471557617
633,6.321,-0.5261645317077637,0.044348716735839844,-0.37214457988739014,0.05321836471557617
634,6.331,-0.4037676453590393,0.035479068756103516,-0.40378767251968384,0.04878377914428711
635,6.341,-0.40343689918518066,-0.04878425598144531,-0.4037676453590393,0.04878377914428711
636,6.351,-0.4336082935333252,-0.11087274551391602,-0.4037676453590393,0.044348716735839844
637,6.361,-0.22010058164596558,0.008870124816894531,-0.4037676453590393,0.044348716735839844
638,6.371,-0.40378981828689575,0.24391984939575195,-0.40382009744644165,0.044348716735839844
639,6.381,-0.6471296548843384,0.35922670364379883,-0.43428969383239746,0.044348716735839844
640,6.391,-0.037290871143341064,0.22174501419067383,-0.43428969383239746,0.044348716735839844
641,6.401,-0.25190508365631104,-0.022174358367919922,-0.43428969383239746,0.035479068756103516
642,6.411,-0.09775418043136597,-0.15522146224975586,-0.31290292739868164,0.008870124816894531
643,6.421,-0.22053831815719604,-0.09756755828857422,-0.28146737813949585,-0.022174358367919922
644,6.431,-0.8918144702911377,0.062088966369628906,-0.28146737813949585,0.008870124816894531
645,6.441,0.11530512571334839,0.14635133743286133,-0.25094538927078247,0.062088966369628906
646,6.451,0.1152295470237732,0.08869791030883789,-0.22138309478759766,0.08869791030883789
647,6.461,-0.34268325567245483,-0.004435062408447266,-0.22138309478759766,0.062088966369628906
648,6.471,0.08554774522781372,-0.04434919357299805,-0.25190508365631104,-0.004435062408447266
649,6.481,-0.007635772228240967,0.035479068756103516,-0.18891316652297974,-0.004435062408447266
650,6.491,-0.2519112825393677,0.10200262069702148,-0.12792152166366577,0.035479068756103516
651,6.501,-0.006578564643859863,0.10200262069702148,-0.15935713052749634,0.062088966369628906
652,6.511,0.23727494478225708,0.06652355194091797,-0.15935713052749634,0.0753931999206543
653,6.521,-0.22042739391326904,0.04878377914428711,-0.12878268957138062,0.06652355194091797
654,6.531,-0.2500382661819458,0.0620884895324707,-0.15935713052749634,0.05765390396118164
655,6.541,-0.37290358543395996,0.07095861434936523,-0.1297038197517395,0.05765390396118164
656,6.551,-0.12984323501586914,0.062088966369628906,-0.12967973947525024,0.062088966369628906
657,6.561,-0.06847023963928223,0.044348716735839844,-0.12967973947525024,0.062088966369628906
658,6.571,-0.34274983406066895,0.04434919357299805,-0.15933293104171753,0.062088966369628906
659,6.581,-0.21967852115631104,0.05321931838989258,-0.09831100702285767,0.05765390396118164
660,6.591,-0.005877673625946045,0.05765342712402344,-0.15935713052749634,0.05765390396118164
661,6.601,-0.2509264349937439,0.0753931999206543,-0.15935713052749634,0.05765390396118164
662,6.611,0.023336172103881836,0.07095813751220703,-0.15935713052749634,0.062088966369628906
663,6.621,-0.24996548891067505,0.08426332473754883,-0.15935713052749634,0.062088966369628906
664,6.631,-0.40386873483657837,0.0753936767578125,-0.15935713052749634,0.062088966369628906
665,6.641,0.08399343490600586,0.06652355194091797,-0.15935713052749634,0.06652355194091797
666,6.651,-0.2214125394821167,0.04878377914428711,-0.15935713052749634,0.06652355194091797
667,6.661,-0.3108522295951843,0.04434919357299805,-0.15940958261489868,0.06652355194091797
668,6.671,-0.12984323501586914,0.05765342712402344,-0.15935713052749634,0.06652355194091797
669,6.681,-0.43404078483581543,0.05765390396118164,-0.18899595737457275,0.07095813751220703
670,6.691,-0.06772118806838989,0.05765390396118164,-0.1889435052871704,0.06652355194091797
671,6.701,-0.15935713052749634,0.062088966369628906,-0.15935713052749634,0.05765390396118164
672,6.711,-0.2810257077217102,0.06652355194091797,-0.15935713052749634,0.05765390396118164
673,6.721,-0.43491077423095703,0.0620884895324707,-0.12967973947525024,0.05765390396118164
674,6.731,-0.03829830884933472,0.04878377914428711,-0.15935713052749634,0.05765390396118164
675,6.741,-0.3427334427833557,0.03991413116455078,-0.15935713052749634,0.05765390396118164
676,6.751,-0.22160005569458008,0.05321931838989258,-0.15935713052749634,0.05765390396118164
677,6.761,-0.25146493315696716,0.053218841552734375,-0.15935713052749634,0.05765390396118164
678,6.771,-0.312069296836853,0.07095861434936523,-0.1908893585205078,0.05765390396118164
679,6.781,-0.06898462772369385,0.07982873916625977,-0.1908893585205078,0.0620884895324707
680,6.791,-0.0360255241394043,0.06652355194091797,-0.15945374965667725,0.0620884895324707
681,6.801,-0.0668753981590271,0.062088966369628906,-0.09845805168151855,0.0620884895324707
682,6.811,-0.18992143869400024,0.04878377914428711,-0.09845805168151855,0.05765390396118164
683,6.821,-0.03731328248977661,0.05321931838989258,-0.09845805168151855,0.05321931838989258
684,6.831,0.2689478397369385,0.05765342712402344,-0.0668753981590271,0.05765390396118164
685,6.841,-0.15989571809768677,0.06652355194091797,-0.0668753981590271,0.062088966369628906
686,6.851,-0.3742477297782898,0.04878377914428711,-0.0668753981590271,0.062088966369628906
687,6.861,-0.46382153034210205,0.05765390396118164,-0.0668753981590271,0.05765390396118164
688,6.871,-0.2204034924507141,0.05765390396118164,-0.15844470262527466,0.05765390396118164
689,6.881,-0.3122084140777588,0.05321931838989258,-0.18988031148910522,0.05321931838989258
690,6.891,-0.1589818000793457,0.07095861434936523,-0.18988031148910522,0.05321931838989258
691,6.901,-0.49551528692245483,0.0753931999206543,-0.251089870929718,0.05765390396118164
692,6.911,-0.4951009154319763,0.0753931999206543,-0.2806762456893921,0.062088966369628906
693,6.921,-0.06858521699905396,0.062088966369628906,-0.3731337785720825,0.062088966369628906
694,6.931,-0.0678635835647583,0.053218841552734375,-0.3434564471244812,0.062088966369628906
695,6.941,-0.16041779518127441,0.053218841552734375,-0.31293320655822754,0.062088966369628906
696,6.951,-0.3427417278289795,0.05321836471557617,-0.22047573328018188,0.062088966369628906
697,6.961,-0.2508780360221863,0.05765390396118164,-0.28246164321899414,0.062088966369628906
698,6.971,-0.006375372409820557,0.0620880126953125,-0.25092941522598267,0.062088966369628906
699,6.981,-0.4939555525779724,0.05765342712402344,-0.25092941522598267,0.05765342712402344
700,6.991,-0.28248292207717896,0.0753936767578125,-0.158471941947937,0.05765342712402344
701,7.001,-0.035865187644958496,0.07982826232910156,-0.158471941947937,0.05765342712402344
702,7.011,0.05423271656036377,0.0753931999206543,-0.12888556718826294,0.05765342712402344
703,7.021,-0.24980229139328003,0.06652355194091797,-0.158471941947937,0.062088966369628906
704,7.031,-0.06790786981582642,0.04878425598144531,-0.158471941947937,0.062088966369628906
705,7.041,-0.12989366054534912,0.04434919357299805,-0.158471941947937,0.062088966369628906
706,7.051,-0.4347479045391083,0.05321931838989258,-0.158471941947937,0.062088966369628906
707,7.061,0.08519691228866577,0.06652355194091797,-0.158471941947937,0.06652355194091797
708,7.071,0.1771882176399231,0.0620880126953125,-0.09836143255233765,0.06652355194091797
709,7.081,-0.34303826093673706,0.07095861434936523,-0.09836143255233765,0.06652355194091797
710,7.091,-0.40364664793014526,0.0620884895324707,-0.12989366054534912,0.06652355194091797
711,7.101,-0.006208300590515137,0.05321836471557617,-0.1594800353050232,0.05765390396118164
712,7.111,-0.006563067436218262,0.044348716735839844,-0.12989366054534912,0.05765390396118164
713,7.121,-0.15794020891189575,0.044348716735839844,-0.12888556718826294,0.05765390396118164
714,7.131,-0.3423917293548584,0.05321836471557617,-0.15931856632232666,0.05321836471557617
715,7.141,-0.40423935651779175,0.05321931838989258,-0.12952256202697754,0.05321836471557617
716,7.151,-0.3130382299423218,0.05321836471557617,-0.25178033113479614,0.05321836471557617
717,7.161,-0.31207722425460815,0.05765390396118164,-0.2823042869567871,0.05321836471557617
718,7.171,-0.22048085927963257,0.06652355194091797,-0.3118915557861328,0.05321836471557617
719,7.181,-0.22052937746047974,0.05765390396118164,-0.25178033113479614,0.05321836471557617
720,7.191,-0.006747722625732422,0.0620884895324707,-0.2203437089920044,0.05765390396118164
721,7.201,-0.3430383801460266,0.04878377914428711,-0.28155332803726196,0.05765390396118164
722,7.211,-0.2808436155319214,0.04878425598144531,-0.28155332803726196,0.05765390396118164
723,7.221,-0.03738600015640259,0.044348716735839844,-0.25199007987976074,0.05765390396118164
