,ts,q0_estimated,q1_estimated,q2_estimated,q3_estimated
0,18799661,8978,-3490,-2277,1421
1,18799671,8970,-3504,-2285,1423
2,18799681,8969,-3505,-2285,1423
3,18799691,8969,-3506,-2286,1423
4,18799701,8968,-3507,-2287,1424
5,18799711,8967,-3508,-2288,1424
6,18799721,8967,-3509,-2289,1424
7,18799731,8966,-3510,-2290,1425
8,18799741,8965,-3511,-2290,1425
9,18799751,8965,-3513,-2291,1425
10,18799761,8964,-3514,-2292,1426
11,18799771,8963,-3515,-2293,1426
12,18799781,8963,-3516,-2294,1427
13,18799791,8962,-3517,-2294,1427
14,18799801,8961,-3518,-2295,1427
15,18799811,8961,-3519,-2296,1428
16,18799821,8960,-3520,-2297,1428
17,18799831,8959,-3521,-2298,1428
18,18799841,8958,-3522,-2298,1429
19,18799851,8958,-3523,-2299,1429
20,18799861,8957,-3524,-2300,1430
21,18799871,8956,-3525,-2301,1430
22,18799881,8956,-3526,-2302,1430
23,18799891,8955,-3527,-2303,1431
24,18799901,8954,-3528,-2304,1431
25,18799911,8954,-3530,-2305,1431
26,18799921,8953,-3531,-2305,1432
27,18799931,8952,-3532,-2306,1432
28,18799941,8951,-3533,-2307,1433
29,18799951,8951,-3534,-2308,1433
30,18799961,8950,-3535,-2309,1433
31,18799971,8949,-3536,-2309,1434
32,18799981,8949,-3537,-2310,1434
33,18799991,8948,-3538,-2311,1434
34,18800001,8947,-3539,-2312,1435
35,18800011,8947,-3540,-2313,1435
36,18800021,8946,-3541,-2314,1436
37,18800031,8945,-3542,-2314,1436
38,18800041,8945,-3543,-2315,1437
39,18800051,8944,-3544,-2316,1437
40,18800061,8943,-3546,-2317,1437
41,18800071,8942,-3547,-2318,1438
42,18800081,8942,-3548,-2318,1438
43,18800091,8941,-3549,-2319,1438
44,18800101,8940,-3550,-2320,1439
45,18800111,8940,-3551,-2321,1439
46,18800121,8939,-3552,-2322,1440
47,18800131,8938,-3553,-2322,1440
48,18800141,8938,-3554,-2323,1440
49,18800151,8937,-3555,-2324,1441
50,18800161,8936,-3556,-2325,1441
51,18800171,8936,-3557,-2326,1441
52,18800181,8935,-3558,-2326,1442
53,18800191,8934,-3560,-2327,1442
54,18800201,8933,-3561,-2329,1443
55,18800211,8933,-3561,-2330,1444
56,18800221,8932,-3561,-2332,1445
57,18800231,8931,-3562,-2333,1446
58,18800241,8930,-3563,-2335,1447
59,18800251,8929,-3564,-2336,1447
60,18800261,8929,-3565,-2337,1448
61,18800271,8928,-3566,-2338,1448
62,18800281,8927,-3567,-2339,1449
63,18800291,8926,-3569,-2341,1450
64,18800301,8924,-3570,-2343,1451
65,18800311,8923,-3570,-2347,1452
66,18800321,8921,-3571,-2351,1454
67,18800331,8920,-3571,-2355,1456
68,18800341,8918,-3572,-2359,1458
69,18800351,8916,-3573,-2363,1460
70,18800361,8915,-3573,-2368,1462
71,18800371,8913,-3574,-2372,1464
72,18800381,8911,-3574,-2377,1466
73,18800391,8910,-3575,-2380,1468
74,18800401,8908,-3576,-2384,1470
75,18800411,8907,-3576,-2388,1471
76,18800421,10000,-1,-3,0
77,18800431,9999,-2,-7,0
78,18800441,9999,-3,-11,1
79,18800451,9999,-5,-14,2
80,18800461,9999,-6,-17,2
81,18800471,9999,-8,-20,2
82,18800481,9999,-9,-23,3
83,18800491,9999,-10,-25,3
84,18800501,9999,-11,-26,4
85,18800511,9999,-13,-27,4
86,18800521,9999,-14,-28,5
87,18800531,9999,-15,-29,5
88,18800541,9999,-17,-30,5
89,18800551,9999,-18,-30,6
90,18800561,9999,-19,-30,6
91,18800571,9999,-21,-30,6
92,18800581,9999,-22,-30,6
93,18800591,9999,-24,-31,6
94,18800601,9999,-25,-32,6
95,18800611,9999,-26,-34,6
96,18800621,9999,-28,-36,6
97,18800631,9999,-29,-37,6
98,18800641,9999,-30,-39,6
99,18800651,9999,-31,-40,6
100,18800661,9999,-33,-42,6
101,18800671,9999,-34,-44,6
102,18800681,9999,-35,-46,6
103,18800691,9999,-36,-48,6
104,18800701,9999,-37,-49,5
105,18800711,9999,-39,-49,5
106,18800721,9999,-40,-50,5
107,18800731,9999,-41,-51,6
108,18800741,9999,-42,-52,7
109,18800751,9999,-43,-53,8
110,18800761,9999,-44,-53,9
111,18800771,9999,-45,-53,11
112,18800781,9999,-46,-53,12
113,18800791,9999,-48,-52,12
114,18800801,9999,-49,-51,13
115,18800811,9999,-50,-50,13
116,18800821,9999,-51,-49,13
117,18800831,9999,-53,-48,14
118,18800841,9999,-54,-49,15
119,18800851,9999,-55,-50,16
120,18800861,9999,-56,-50,16
121,18800871,9999,-56,-49,16
122,18800881,9999,-58,-48,16
123,18800891,9999,-59,-48,16
124,18800901,9999,-60,-49,16
125,18800911,9999,-61,-50,17
126,18800921,9999,-63,-52,17
127,18800931,9999,-65,-53,17
128,18800941,9999,-66,-55,17
129,18800951,9999,-67,-56,15
130,18800961,9999,-68,-59,14
131,18800971,9999,-70,-62,13
132,18800981,9999,-71,-64,13
133,18800991,9999,-72,-66,12
134,18801001,9999,-74,-67,11
135,18801011,9999,-75,-69,10
136,18801021,9999,-77,-71,9
137,18801031,9999,-78,-74,8
138,18801041,9999,-80,-75,7
139,18801051,9999,-82,-77,6
140,18801061,9999,-83,-79,6
141,18801071,9999,-84,-80,6
142,18801081,9999,-85,-80,6
143,18801091,9999,-86,-79,6
144,18801101,9999,-86,-77,6
145,18801111,9999,-86,-75,6
146,18801121,9999,-85,-74,7
147,18801131,9999,-85,-73,7
148,18801141,9999,-84,-72,8
149,18801151,9999,-84,-71,8
150,18801161,9999,-84,-72,9
151,18801171,9999,-84,-73,8
152,18801181,9999,-84,-76,8
153,18801191,9999,-84,-79,8
154,18801201,9999,-85,-82,8
155,18801211,9999,-85,-86,7
156,18801221,9999,-85,-89,7
157,18801231,9999,-86,-93,7
158,18801241,9999,-87,-98,6
159,18801251,9999,-88,-104,6
160,18801261,9998,-89,-110,6
161,18801271,9998,-92,-116,7
162,18801281,9998,-94,-123,7
163,18801291,9998,-97,-133,8
164,18801301,9998,-98,-142,9
165,18801311,9998,-100,-149,10
166,18801321,9998,-102,-154,11
167,18801331,9998,-105,-158,12
168,18801341,9998,-107,-164,13
169,18801351,9997,-108,-172,12
170,18801361,9997,-109,-178,13
171,18801371,9997,-110,-183,13
172,18801381,9997,-113,-187,12
173,18801391,9997,-115,-188,10
174,18801401,9997,-116,-189,8
175,18801411,9997,-117,-188,6
176,18801421,9997,-119,-184,3
177,18801431,9997,-121,-179,0
178,18801441,9997,-123,-173,-3
179,18801451,9997,-125,-167,-7
180,18801461,9997,-128,-160,-10
181,18801471,9997,-131,-153,-14
182,18801481,9997,-135,-147,-18
183,18801491,9998,-138,-140,-22
184,18801501,9998,-142,-133,-26
185,18801511,9998,-147,-127,-30
186,18801521,9998,-152,-120,-35
187,18801531,9998,-157,-113,-39
188,18801541,9998,-162,-107,-44
189,18801551,9997,-168,-100,-48
190,18801561,9997,-174,-94,-53
191,18801571,9997,-180,-87,-58
192,18801581,9997,-187,-81,-62
193,18801591,9997,-194,-75,-67
194,18801601,9997,-202,-69,-72
195,18801611,9997,-209,-63,-77
196,18801621,9997,-217,-57,-82
197,18801631,9996,-226,-51,-87
198,18801641,9996,-234,-45,-92
199,18801651,9996,-243,-40,-98
200,18801661,9996,-252,-34,-103
201,18801671,9995,-262,-29,-108
202,18801681,9995,-272,-23,-113
203,18801691,9995,-282,-18,-118
204,18801701,9994,-292,-12,-124
205,18801711,9994,-303,-7,-129
206,18801721,9994,-314,-2,-134
207,18801731,9993,-325,2,-140
208,18801741,9993,-337,7,-145
209,18801751,9992,-349,12,-150
210,18801761,9992,-361,17,-156
211,18801771,9991,-374,21,-161
212,18801781,9991,-387,26,-167
213,18801791,9990,-400,31,-172
214,18801801,9989,-413,35,-178
215,18801811,9989,-427,39,-183
216,18801821,9988,-441,44,-189
217,18801831,9987,-456,48,-195
218,18801841,9986,-470,52,-200
219,18801851,9985,-485,56,-206
220,18801861,9984,-501,60,-212
221,18801871,9984,-517,64,-218
222,18801881,9983,-533,67,-224
223,18801891,9981,-549,71,-230
224,18801901,9980,-566,75,-236
225,18801911,9979,-583,78,-241
226,18801921,9978,-600,81,-247
227,18801931,9977,-617,84,-253
228,18801941,9976,-635,87,-259
229,18801951,9974,-653,90,-265
230,18801961,9973,-671,93,-271
231,18801971,9971,-690,95,-277
232,18801981,9970,-708,98,-283
233,18801991,9968,-728,101,-289
234,18802001,9967,-747,103,-295
235,18802011,9965,-766,105,-301
236,18802021,9963,-786,107,-307
237,18802031,9961,-806,109,-312
238,18802041,9960,-826,111,-318
239,18802051,9958,-847,112,-324
240,18802061,9956,-867,114,-329
241,18802071,9954,-888,115,-335
242,18802081,9952,-909,117,-341
243,18802091,9949,-930,118,-346
244,18802101,9947,-952,120,-352
245,18802111,9945,-973,122,-357
246,18802121,9942,-994,124,-363
247,18802131,9940,-1016,126,-368
248,18802141,9938,-1038,129,-374
249,18802151,9935,-1059,131,-379
250,18802161,9932,-1081,134,-384
251,18802171,9930,-1103,138,-389
252,18802181,9927,-1125,142,-395
253,18802191,9924,-1147,145,-400
254,18802201,9922,-1169,150,-405
255,18802211,9919,-1191,154,-410
256,18802221,9916,-1213,158,-415
257,18802231,9913,-1234,163,-420
258,18802241,9910,-1256,167,-425
259,18802251,9907,-1278,172,-429
260,18802261,9903,-1300,177,-434
261,18802271,9900,-1321,183,-439
262,18802281,9897,-1342,189,-444
263,18802291,9894,-1364,196,-448
264,18802301,9891,-1385,205,-453
265,18802311,9887,-1406,214,-458
266,18802321,9884,-1427,225,-462
267,18802331,9880,-1447,237,-467
268,18802341,9877,-1468,250,-471
269,18802351,9873,-1488,264,-475
270,18802361,9869,-1508,280,-480
271,18802371,9866,-1527,295,-484
272,18802381,9862,-1547,312,-487
273,18802391,9858,-1566,328,-491
274,18802401,9855,-1585,345,-495
275,18802411,9851,-1604,362,-498
276,18802421,9847,-1622,380,-501
277,18802431,9843,-1640,399,-504
278,18802441,9839,-1657,417,-507
279,18802451,9835,-1675,435,-509
280,18802461,9831,-1692,454,-512
281,18802471,9828,-1709,473,-514
282,18802481,9824,-1725,492,-516
283,18802491,9820,-1741,511,-518
284,18802501,9816,-1757,531,-520
285,18802511,9812,-1772,550,-522
286,18802521,9808,-1788,569,-523
287,18802531,9804,-1802,588,-524
288,18802541,9800,-1817,607,-526
289,18802551,9796,-1831,626,-527
290,18802561,9792,-1845,646,-528
291,18802571,9788,-1858,666,-528
292,18802581,9784,-1871,686,-529
293,18802591,9781,-1883,707,-529
294,18802601,9777,-1895,727,-530
295,18802611,9773,-1907,748,-529
296,18802621,9769,-1918,769,-529
297,18802631,9766,-1928,789,-529
298,18802641,9762,-1939,810,-528
299,18802651,9758,-1948,831,-527
300,18802661,9755,-1958,851,-525
301,18802671,9751,-1967,872,-524
302,18802681,9748,-1975,893,-522
303,18802691,9744,-1984,913,-520
304,18802701,9741,-1991,934,-518
305,18802711,9737,-1999,955,-516
306,18802721,9734,-2005,975,-513
307,18802731,9731,-2012,996,-510
308,18802741,9727,-2018,1016,-507
309,18802751,9724,-2024,1037,-504
310,18802761,9721,-2029,1057,-501
311,18802771,9718,-2034,1077,-498
312,18802781,9715,-2039,1097,-494
313,18802791,9712,-2043,1116,-491
314,18802801,9709,-2047,1134,-487
315,18802811,9707,-2050,1152,-483
316,18802821,9704,-2053,1170,-479
317,18802831,9702,-2056,1187,-475
318,18802841,9699,-2059,1204,-471
319,18802851,9697,-2061,1220,-467
320,18802861,9695,-2062,1236,-463
321,18802871,9693,-2064,1251,-458
322,18802881,9691,-2065,1266,-454
323,18802891,9689,-2065,1281,-450
324,18802901,9687,-2066,1295,-445
325,18802911,9686,-2066,1309,-441
326,18802921,9684,-2065,1324,-437
327,18802931,9682,-2065,1338,-433
328,18802941,9681,-2064,1351,-429
329,18802951,9679,-2063,1365,-425
330,18802961,9678,-2062,1379,-421
331,18802971,9676,-2060,1392,-417
332,18802981,9675,-2059,1405,-413
333,18802991,9674,-2057,1417,-410
334,18803001,9672,-2055,1429,-406
335,18803011,9671,-2052,1441,-402
336,18803021,9670,-2050,1453,-399
337,18803031,9669,-2048,1464,-396
338,18803041,9668,-2045,1474,-393
339,18803051,9667,-2042,1485,-390
340,18803061,9667,-2039,1495,-387
341,18803071,9666,-2036,1505,-384
342,18803081,9665,-2033,1514,-381
343,18803091,9665,-2029,1523,-379
344,18803101,9664,-2026,1532,-377
345,18803111,9663,-2023,1540,-375
346,18803121,9663,-2019,1548,-373
347,18803131,9663,-2016,1556,-371
348,18803141,9662,-2012,1563,-370
349,18803151,9662,-2008,1570,-369
350,18803161,9662,-2005,1576,-368
351,18803171,9661,-2001,1582,-367
352,18803181,9661,-1998,1588,-367
353,18803191,9661,-1994,1594,-367
354,18803201,9661,-1990,1599,-367
355,18803211,9661,-1987,1603,-367
356,18803221,9661,-1983,1608,-368
357,18803231,9661,-1979,1612,-369
358,18803241,9661,-1975,1616,-370
359,18803251,9661,-1972,1620,-372
360,18803261,9661,-1968,1624,-373
361,18803271,9661,-1964,1627,-376
362,18803281,9661,-1960,1630,-378
363,18803291,9662,-1957,1633,-380
364,18803301,9662,-1953,1636,-383
365,18803311,9662,-1949,1639,-386
366,18803321,9662,-1946,1641,-389
367,18803331,9662,-1942,1644,-393
368,18803341,9662,-1939,1647,-396
369,18803351,9662,-1936,1649,-400
370,18803361,9662,-1933,1651,-404
371,18803371,9662,-1930,1653,-409
372,18803381,9662,-1927,1655,-413
373,18803391,9663,-1925,1656,-418
374,18803401,9663,-1922,1657,-423
375,18803411,9663,-1920,1658,-428
376,18803421,9663,-1918,1659,-433
377,18803431,9663,-1917,1660,-438
378,18803441,9663,-1915,1661,-444
379,18803451,9662,-1913,1661,-450
380,18803461,9662,-1912,1661,-455
381,18803471,9662,-1911,1661,-461
382,18803481,9662,-1910,1661,-467
383,18803491,9662,-1909,1661,-474
384,18803501,9662,-1909,1661,-480
385,18803511,9662,-1909,1660,-487
386,18803521,9662,-1909,1660,-494
387,18803531,9661,-1909,1659,-501
388,18803541,9661,-1910,1658,-508
389,18803551,9660,-1910,1657,-516
390,18803561,9660,-1911,1657,-523
391,18803571,9659,-1913,1656,-531
392,18803581,9659,-1914,1656,-539
393,18803591,9658,-1916,1655,-547
394,18803601,9657,-1918,1654,-554
395,18803611,9656,-1921,1654,-562
396,18803621,9655,-1924,1653,-571
397,18803631,9655,-1927,1652,-579
398,18803641,9654,-1930,1651,-587
399,18803651,9653,-1934,1650,-595
400,18803661,9651,-1938,1648,-602
401,18803671,9650,-1942,1647,-610
402,18803681,9649,-1946,1646,-618
403,18803691,9648,-1951,1644,-625
404,18803701,9647,-1955,1643,-632
405,18803711,9646,-1960,1641,-639
406,18803721,9644,-1966,1640,-646
407,18803731,9643,-1971,1638,-653
408,18803741,9642,-1977,1637,-659
409,18803751,9641,-1983,1635,-665
410,18803761,9639,-1989,1633,-670
411,18803771,9638,-1996,1631,-676
412,18803781,9636,-2002,1629,-681
413,18803791,9635,-2009,1627,-685
414,18803801,9634,-2016,1625,-689
415,18803811,9632,-2024,1622,-693
416,18803821,9631,-2031,1619,-697
417,18803831,9630,-2038,1616,-700
418,18803841,9628,-2046,1613,-703
419,18803851,9627,-2054,1609,-706
420,18803861,9626,-2061,1606,-709
421,18803871,9624,-2069,1603,-711
422,18803881,9623,-2077,1599,-713
423,18803891,9622,-2085,1596,-715
424,18803901,9621,-2094,1592,-716
425,18803911,9619,-2102,1589,-717
426,18803921,9618,-2110,1586,-717
427,18803931,9617,-2118,1582,-717
428,18803941,9615,-2127,1579,-717
429,18803951,9614,-2135,1575,-717
430,18803961,9613,-2144,1572,-716
431,18803971,9612,-2152,1568,-715
432,18803981,9610,-2161,1565,-713
433,18803991,9609,-2170,1562,-712
434,18804001,9608,-2178,1558,-710
435,18804011,9606,-2187,1555,-708
436,18804021,9605,-2196,1552,-705
437,18804031,9604,-2204,1549,-703
438,18804041,9603,-2213,1546,-700
439,18804051,9601,-2221,1543,-696
440,18804061,9600,-2230,1541,-693
441,18804071,9599,-2238,1538,-689
442,18804081,9598,-2246,1536,-686
443,18804091,9596,-2254,1533,-681
444,18804101,9595,-2262,1531,-677
445,18804111,9594,-2270,1529,-672
446,18804121,9593,-2278,1526,-667
447,18804131,9592,-2285,1524,-662
448,18804141,9591,-2292,1522,-657
449,18804151,9590,-2299,1520,-652
450,18804161,9589,-2306,1517,-646
451,18804171,9588,-2312,1516,-640
452,18804181,9587,-2318,1514,-634
453,18804191,9587,-2324,1512,-628
454,18804201,9586,-2329,1511,-621
455,18804211,9586,-2334,1509,-614
456,18804221,9585,-2338,1508,-608
457,18804231,9585,-2343,1507,-601
458,18804241,9584,-2347,1506,-594
459,18804251,9584,-2350,1505,-587
460,18804261,9584,-2354,1505,-580
461,18804271,9583,-2357,1504,-573
462,18804281,9583,-2360,1504,-566
463,18804291,9583,-2363,1504,-559
464,18804301,9583,-2365,1503,-553
465,18804311,9583,-2367,1503,-547
466,18804321,9583,-2368,1503,-540
467,18804331,9583,-2370,1503,-534
468,18804341,9583,-2371,1503,-529
469,18804351,9583,-2371,1503,-523
470,18804361,9583,-2372,1503,-518
471,18804371,9583,-2372,1503,-513
472,18804381,9583,-2373,1503,-508
473,18804391,9584,-2372,1502,-503
474,18804401,9584,-2372,1502,-499
475,18804411,9584,-2372,1502,-495
476,18804421,9585,-2371,1502,-491
477,18804431,9585,-2371,1502,-488
478,18804441,9585,-2370,1502,-485
479,18804451,9586,-2369,1502,-483
480,18804461,9586,-2368,1502,-480
481,18804471,9586,-2367,1501,-479
482,18804481,9587,-2366,1500,-477
483,18804491,9587,-2365,1500,-476
484,18804501,9588,-2364,1499,-476
485,18804511,9588,-2362,1498,-476
486,18804521,9589,-2361,1497,-476
487,18804531,9589,-2359,1496,-476
488,18804541,9590,-2357,1494,-477
489,18804551,9591,-2355,1493,-478
490,18804561,9591,-2354,1491,-479
491,18804571,9592,-2352,1489,-481
492,18804581,9593,-2350,1487,-484
493,18804591,9593,-2349,1484,-486
494,18804601,9594,-2348,1482,-490
495,18804611,9594,-2347,1480,-493
496,18804621,9594,-2345,1478,-497
497,18804631,9595,-2345,1475,-502
498,18804641,9595,-2344,1473,-507
499,18804651,9595,-2343,1470,-512
500,18804661,9596,-2343,1468,-517
501,18804671,9596,-2343,1465,-523
502,18804681,9596,-2342,1463,-529
503,18804691,9596,-2343,1460,-535
504,18804701,9596,-2343,1458,-541
505,18804711,9596,-2343,1455,-548
506,18804721,9596,-2344,1452,-554
507,18804731,9595,-2345,1450,-561
508,18804741,9595,-2346,1447,-568
509,18804751,9595,-2347,1444,-575
510,18804761,9595,-2348,1441,-582
511,18804771,9594,-2350,1438,-589
512,18804781,9594,-2352,1435,-595
513,18804791,9593,-2354,1431,-602
514,18804801,9593,-2356,1428,-609
515,18804811,9592,-2359,1425,-616
516,18804821,9592,-2361,1422,-622
517,18804831,9591,-2364,1418,-628
518,18804841,9590,-2367,1415,-635
519,18804851,9590,-2371,1411,-641
520,18804861,9589,-2374,1408,-647
521,18804871,9588,-2378,1404,-653
522,18804881,9587,-2383,1400,-659
523,18804891,9586,-2388,1396,-664
524,18804901,9585,-2393,1393,-670
525,18804911,9584,-2398,1389,-676
526,18804921,9582,-2404,1385,-682
527,18804931,9581,-2410,1382,-687
528,18804941,9580,-2416,1378,-693
529,18804951,9578,-2422,1375,-698
530,18804961,9577,-2429,1371,-703
531,18804971,9575,-2435,1368,-708
532,18804981,9574,-2442,1363,-713
533,18804991,9572,-2448,1359,-718
534,18805001,9571,-2455,1355,-722
535,18805011,9569,-2462,1351,-726
536,18805021,9568,-2469,1347,-729
537,18805031,9567,-2475,1343,-732
538,18805041,9565,-2482,1338,-735
539,18805051,9564,-2488,1334,-737
540,18805061,9563,-2495,1329,-739
541,18805071,9562,-2501,1324,-741
542,18805081,9561,-2506,1319,-742
543,18805091,9560,-2512,1314,-743
544,18805101,9559,-2517,1310,-744
545,18805111,9559,-2522,1305,-744
546,18805121,9558,-2527,1301,-744
547,18805131,9557,-2532,1296,-744
548,18805141,9557,-2536,1291,-743
549,18805151,9557,-2540,1287,-742
550,18805161,9556,-2543,1282,-741
551,18805171,9556,-2547,1277,-740
552,18805181,9556,-2550,1272,-738
553,18805191,9556,-2552,1267,-736
554,18805201,9556,-2555,1262,-734
555,18805211,9557,-2557,1257,-732
556,18805221,9557,-2559,1252,-730
557,18805231,9557,-2561,1247,-728
558,18805241,9558,-2562,1242,-725
559,18805251,9558,-2563,1237,-722
560,18805261,9559,-2565,1231,-719
561,18805271,9560,-2566,1226,-717
562,18805281,9560,-2567,1221,-714
563,18805291,9561,-2567,1215,-710
564,18805301,9562,-2568,1210,-707
565,18805311,9563,-2568,1204,-704
566,18805321,9563,-2569,1199,-701
567,18805331,9564,-2569,1194,-697
568,18805341,9565,-2569,1188,-693
569,18805351,9566,-2569,1183,-690
570,18805361,9567,-2569,1178,-686
571,18805371,9568,-2569,1172,-682
572,18805381,9569,-2569,1167,-678
573,18805391,9570,-2569,1161,-674
574,18805401,9571,-2569,1155,-670
575,18805411,9572,-2569,1150,-666
576,18805421,9573,-2569,1144,-662
577,18805431,9574,-2569,1138,-657
578,18805441,9575,-2569,1133,-653
579,18805451,9576,-2570,1128,-649
580,18805461,9576,-2570,1123,-644
581,18805471,9577,-2570,1117,-640
582,18805481,9578,-2570,1112,-635
583,18805491,9579,-2571,1107,-631
584,18805501,9579,-2572,1102,-627
585,18805511,9580,-2573,1097,-622
586,18805521,9580,-2574,1093,-618
587,18805531,9581,-2575,1088,-614
588,18805541,9581,-2577,1083,-610
589,18805551,9582,-2579,1079,-607
590,18805561,9582,-2580,1074,-603
591,18805571,9582,-2583,1069,-599
592,18805581,9582,-2585,1064,-596
593,18805591,9582,-2587,1060,-593
594,18805601,9582,-2590,1055,-589
595,18805611,9582,-2593,1050,-586
596,18805621,9582,-2596,1045,-584
597,18805631,9582,-2599,1041,-581
598,18805641,9582,-2602,1036,-578
599,18805651,9581,-2605,1031,-576
600,18805661,9581,-2609,1026,-573
601,18805671,9581,-2613,1021,-571
602,18805681,9580,-2616,1016,-569
603,18805691,9580,-2620,1011,-567
604,18805701,9580,-2624,1006,-564
605,18805711,9579,-2628,1001,-562
606,18805721,9579,-2633,995,-560
607,18805731,9578,-2637,990,-558
608,18805741,9577,-2642,985,-556
609,18805751,9577,-2646,980,-555
610,18805761,9576,-2651,975,-553
611,18805771,9575,-2656,969,-552
612,18805781,9575,-2661,964,-551
613,18805791,9574,-2666,959,-550
614,18805801,9573,-2671,954,-549
615,18805811,9572,-2676,948,-548
616,18805821,9571,-2681,943,-548
617,18805831,9570,-2686,938,-547
618,18805841,9569,-2691,932,-547
619,18805851,9569,-2696,927,-547
620,18805861,9568,-2702,921,-547
621,18805871,9567,-2707,916,-548
622,18805881,9566,-2712,910,-548
623,18805891,9565,-2717,905,-549
624,18805901,9564,-2722,900,-549
625,18805911,9563,-2727,894,-550
626,18805921,9562,-2731,889,-551
627,18805931,9561,-2736,883,-552
628,18805941,9560,-2741,878,-554
629,18805951,9559,-2746,873,-555
630,18805961,9558,-2750,867,-557
631,18805971,9557,-2755,862,-558
632,18805981,9556,-2760,856,-560
633,18805991,9555,-2764,851,-561
634,18806001,9555,-2769,845,-563
635,18806011,9554,-2773,840,-564
636,18806021,9553,-2778,835,-566
637,18806031,9552,-2782,829,-567
638,18806041,9551,-2786,824,-569
639,18806051,9550,-2790,818,-570
640,18806061,9549,-2794,813,-572
641,18806071,9549,-2798,807,-573
642,18806081,9548,-2802,802,-575
643,18806091,9547,-2806,796,-576
644,18806101,9546,-2810,791,-577
645,18806111,9546,-2814,785,-579
646,18806121,9545,-2818,779,-580
647,18806131,9544,-2821,773,-581
648,18806141,9543,-2825,768,-582
649,18806151,9543,-2829,762,-583
650,18806161,9542,-2832,756,-584
651,18806171,9542,-2835,751,-584
652,18806181,9541,-2839,745,-585
653,18806191,9540,-2842,739,-586
654,18806201,9540,-2845,734,-587
655,18806211,9539,-2848,728,-587
656,18806221,9539,-2851,722,-588
657,18806231,9538,-2854,717,-589
658,18806241,9538,-2857,711,-589
659,18806251,9537,-2860,706,-590
660,18806261,9537,-2862,701,-590
661,18806271,9537,-2865,696,-590
662,18806281,9536,-2867,690,-591
663,18806291,9536,-2869,685,-591
664,18806301,9536,-2872,680,-591
665,18806311,9535,-2874,675,-591
666,18806321,9535,-2876,670,-590
667,18806331,9535,-2878,665,-590
668,18806341,9535,-2880,660,-589
669,18806351,9535,-2881,656,-588
670,18806361,9535,-2883,651,-587
671,18806371,9535,-2884,646,-586
672,18806381,9535,-2886,640,-585
673,18806391,9535,-2887,635,-583
674,18806401,9535,-2888,630,-582
675,18806411,9535,-2889,625,-580
676,18806421,9535,-2890,620,-579
677,18806431,9535,-2891,615,-577
678,18806441,9535,-2892,610,-575
679,18806451,9535,-2894,605,-574
680,18806461,9535,-2895,600,-572
681,18806471,9535,-2896,595,-570
682,18806481,9535,-2897,590,-568
683,18806491,9535,-2898,585,-566
684,18806501,9535,-2899,580,-564
685,18806511,9535,-2901,576,-562
686,18806521,9535,-2902,571,-560
687,18806531,9535,-2904,566,-557
688,18806541,9535,-2905,561,-555
689,18806551,9535,-2907,556,-553
690,18806561,9535,-2908,551,-551
691,18806571,9535,-2910,547,-548
692,18806581,9535,-2912,542,-546
693,18806591,9535,-2914,538,-544
694,18806601,9534,-2916,533,-541
695,18806611,9534,-2918,529,-539
696,18806621,9534,-2920,524,-536
697,18806631,9534,-2922,520,-534
698,18806641,9534,-2924,516,-531
699,18806651,9533,-2926,511,-529
700,18806661,9533,-2928,507,-526
701,18806671,9533,-2930,502,-523
702,18806681,9533,-2932,497,-521
703,18806691,9532,-2934,493,-518
704,18806701,9532,-2936,488,-515
705,18806711,9532,-2938,483,-513
706,18806721,9532,-2940,478,-510
707,18806731,9531,-2942,473,-508
708,18806741,9531,-2944,468,-505
709,18806751,9531,-2946,463,-503
710,18806761,9531,-2949,458,-501
711,18806771,9530,-2951,453,-498
712,18806781,9530,-2953,448,-496
713,18806791,9529,-2956,443,-494
714,18806801,9529,-2958,438,-492
715,18806811,9529,-2961,433,-490
716,18806821,9528,-2963,427,-488
717,18806831,9528,-2966,422,-486
718,18806841,9527,-2969,417,-484
719,18806851,9527,-2971,412,-483
720,18806861,9526,-2974,407,-481
721,18806871,9525,-2977,401,-479
722,18806881,9525,-2980,396,-478
723,18806891,9524,-2983,391,-476
724,18806901,9523,-2986,385,-475
725,18806911,9523,-2990,380,-474
726,18806921,9522,-2993,374,-473
727,18806931,9521,-2996,368,-472
728,18806941,9520,-3000,363,-470
729,18806951,9519,-3004,357,-469
730,18806961,9518,-3007,352,-469
731,18806971,9517,-3011,346,-468
732,18806981,9516,-3015,340,-467
733,18806991,9515,-3019,334,-466
734,18807001,9514,-3023,328,-466
735,18807011,9513,-3028,322,-465
736,18807021,9512,-3032,316,-464
737,18807031,9511,-3036,310,-464
738,18807041,9510,-3040,304,-464
739,18807051,9509,-3045,298,-463
740,18807061,9507,-3049,291,-463
741,18807071,9506,-3053,285,-462
742,18807081,9505,-3058,279,-462
743,18807091,9504,-3062,273,-462
744,18807101,9503,-3066,267,-462
745,18807111,9501,-3071,261,-461
746,18807121,9500,-3075,254,-461
747,18807131,9499,-3079,248,-461
748,18807141,9498,-3084,242,-461
749,18807151,9497,-3088,236,-461
750,18807161,9495,-3092,229,-461
751,18807171,9494,-3096,223,-461
752,18807181,9493,-3100,217,-461
753,18807191,9492,-3104,210,-461
754,18807201,9491,-3108,204,-461
755,18807211,9489,-3112,198,-461
756,18807221,9488,-3116,192,-461
757,18807231,9487,-3120,185,-461
758,18807241,9486,-3124,179,-461
759,18807251,9485,-3127,173,-461
760,18807261,9484,-3131,167,-461
761,18807271,9483,-3134,161,-461
762,18807281,9482,-3138,155,-461
763,18807291,9481,-3141,149,-462
764,18807301,9480,-3144,143,-462
765,18807311,9479,-3147,137,-462
766,18807321,9478,-3150,131,-462
767,18807331,9477,-3153,125,-462
768,18807341,9476,-3156,119,-462
769,18807351,9475,-3158,114,-462
770,18807361,9475,-3161,108,-462
771,18807371,9474,-3164,102,-462
772,18807381,9473,-3166,96,-462
773,18807391,9472,-3169,90,-461
774,18807401,9472,-3171,85,-461
775,18807411,9471,-3173,79,-460
776,18807421,9470,-3176,73,-460
777,18807431,9469,-3178,67,-459
778,18807441,9469,-3180,61,-459
779,18807451,9468,-3183,56,-458
780,18807461,9467,-3185,50,-457
781,18807471,9467,-3188,44,-457
782,18807481,9466,-3190,39,-456
783,18807491,9465,-3192,33,-455
784,18807501,9464,-3195,28,-454
785,18807511,9464,-3197,23,-453
786,18807521,9463,-3199,17,-452
787,18807531,9462,-3202,12,-451
788,18807541,9462,-3204,7,-450
789,18807551,9461,-3206,1,-449
790,18807561,9461,-3207,-3,-447
791,18807571,9460,-3208,-8,-445
792,18807581,9460,-3209,-13,-443
793,18807591,9460,-3210,-18,-441
794,18807601,9460,-3211,-22,-438
795,18807611,9460,-3211,-27,-435
796,18807621,9460,-3211,-32,-433
797,18807631,9460,-3211,-37,-430
798,18807641,9460,-3210,-42,-427
799,18807651,9461,-3210,-47,-425
800,18807661,9461,-3209,-51,-422
801,18807671,9461,-3208,-56,-420
802,18807681,9462,-3207,-61,-417
803,18807691,9462,-3206,-66,-415
804,18807701,9462,-3205,-71,-413
805,18807711,9463,-3204,-75,-411
806,18807721,9463,-3203,-80,-409
807,18807731,9464,-3202,-85,-406
808,18807741,9464,-3201,-90,-404
809,18807751,9464,-3200,-95,-403
810,18807761,9465,-3200,-100,-401
811,18807771,9465,-3199,-105,-399
812,18807781,9465,-3199,-110,-397
813,18807791,9465,-3199,-115,-395
814,18807801,9465,-3198,-121,-394
815,18807811,9465,-3199,-126,-392
816,18807821,9465,-3199,-132,-391
817,18807831,9465,-3199,-138,-389
818,18807841,9464,-3200,-143,-388
819,18807851,9464,-3201,-149,-387
820,18807861,9464,-3202,-155,-387
821,18807871,9463,-3204,-162,-386
822,18807881,9462,-3206,-168,-385
823,18807891,9461,-3208,-174,-384
824,18807901,9460,-3211,-181,-384
825,18807911,9459,-3214,-187,-383
826,18807921,9458,-3217,-193,-382
827,18807931,9457,-3220,-200,-382
828,18807941,9455,-3224,-207,-381
829,18807951,9454,-3228,-214,-381
830,18807961,9452,-3233,-221,-381
831,18807971,9450,-3237,-228,-381
832,18807981,9448,-3242,-235,-381
833,18807991,9446,-3248,-242,-381
834,18808001,9444,-3253,-250,-381
835,18808011,9442,-3259,-257,-381
836,18808021,9440,-3265,-265,-381
837,18808031,9438,-3271,-272,-382
838,18808041,9435,-3277,-280,-382
839,18808051,9433,-3284,-288,-382
840,18808061,9430,-3290,-295,-383
841,18808071,9427,-3297,-303,-384
842,18808081,9425,-3304,-311,-385
843,18808091,9422,-3311,-319,-385
844,18808101,9419,-3318,-327,-386
845,18808111,9416,-3326,-335,-387
846,18808121,9413,-3333,-342,-387
847,18808131,9410,-3341,-350,-388
848,18808141,9407,-3348,-358,-389
849,18808151,9404,-3356,-366,-390
850,18808161,9401,-3363,-374,-391
851,18808171,9398,-3371,-382,-392
852,18808181,9395,-3379,-390,-393
853,18808191,9392,-3387,-397,-394
854,18808201,9388,-3395,-405,-395
855,18808211,9385,-3403,-412,-396
856,18808221,9382,-3410,-420,-396
857,18808231,9379,-3418,-428,-397
858,18808241,9376,-3426,-435,-398
859,18808251,9372,-3434,-442,-399
860,18808261,9369,-3441,-450,-399
861,18808271,9366,-3449,-457,-400
862,18808281,9363,-3456,-464,-401
863,18808291,9360,-3464,-471,-401
864,18808301,9357,-3471,-478,-401
865,18808311,9354,-3478,-485,-402
866,18808321,9351,-3485,-492,-402
867,18808331,9348,-3492,-499,-402
868,18808341,9345,-3498,-506,-402
869,18808351,9342,-3505,-513,-402
870,18808361,9340,-3511,-519,-402
871,18808371,9337,-3517,-526,-402
872,18808381,9334,-3523,-532,-402
873,18808391,9332,-3529,-539,-401
874,18808401,9329,-3534,-545,-401
875,18808411,9327,-3540,-552,-400
876,18808421,9325,-3545,-558,-399
877,18808431,9322,-3550,-564,-398
878,18808441,9320,-3555,-570,-397
879,18808451,9318,-3559,-576,-396
880,18808461,9316,-3564,-582,-395
881,18808471,9314,-3568,-588,-393
882,18808481,9312,-3573,-594,-391
883,18808491,9310,-3577,-599,-390
884,18808501,9309,-3581,-605,-388
885,18808511,9307,-3584,-610,-386
886,18808521,9305,-3588,-616,-384
887,18808531,9304,-3591,-621,-382
888,18808541,9302,-3595,-626,-380
889,18808551,9301,-3598,-631,-378
890,18808561,9299,-3601,-636,-376
891,18808571,9298,-3604,-641,-373
892,18808581,9296,-3607,-646,-371
893,18808591,9295,-3609,-651,-369
894,18808601,9294,-3612,-656,-366
895,18808611,9293,-3614,-661,-364
896,18808621,9292,-3616,-666,-361
897,18808631,9290,-3619,-671,-359
898,18808641,9289,-3621,-676,-356
899,18808651,9288,-3623,-681,-354
900,18808661,9287,-3625,-685,-351
901,18808671,9286,-3627,-690,-349
902,18808681,9285,-3628,-695,-346
903,18808691,9284,-3630,-700,-344
904,18808701,9283,-3632,-705,-341
905,18808711,9282,-3634,-710,-339
906,18808721,9281,-3636,-714,-337
907,18808731,9280,-3637,-719,-334
908,18808741,9279,-3639,-724,-332
909,18808751,9278,-3641,-728,-330
910,18808761,9277,-3643,-733,-328
911,18808771,9276,-3645,-738,-326
912,18808781,9275,-3647,-743,-324
913,18808791,9274,-3649,-747,-322
914,18808801,9273,-3651,-752,-321
915,18808811,9272,-3653,-757,-319
916,18808821,9271,-3655,-762,-317
917,18808831,9270,-3657,-767,-316
918,18808841,9268,-3659,-772,-314
919,18808851,9267,-3662,-777,-313
920,18808861,9266,-3664,-781,-311
921,18808871,9264,-3666,-786,-310
922,18808881,9263,-3669,-791,-309
923,18808891,9262,-3671,-796,-308
924,18808901,9260,-3674,-801,-307
925,18808911,9259,-3677,-806,-306
926,18808921,9257,-3679,-811,-305
927,18808931,9256,-3682,-816,-304
928,18808941,9254,-3685,-821,-303
929,18808951,9253,-3688,-826,-302
930,18808961,9251,-3690,-832,-302
931,18808971,9250,-3693,-837,-301
932,18808981,9248,-3696,-842,-300
933,18808991,9246,-3699,-847,-300
934,18809001,9244,-3703,-853,-299
935,18809011,9243,-3706,-858,-299
936,18809021,9241,-3709,-863,-299
937,18809031,9239,-3713,-869,-298
938,18809041,9237,-3716,-874,-298
939,18809051,9235,-3720,-879,-298
940,18809061,9233,-3723,-885,-297
941,18809071,9231,-3727,-890,-297
942,18809081,9229,-3730,-896,-297
943,18809091,9227,-3734,-901,-297
944,18809101,9225,-3738,-907,-296
945,18809111,9223,-3742,-913,-296
946,18809121,9221,-3746,-919,-296
947,18809131,9218,-3751,-925,-296
948,18809141,9216,-3755,-931,-296
949,18809151,9213,-3759,-937,-296
950,18809161,9211,-3764,-943,-296
951,18809171,9209,-3768,-949,-296
952,18809181,9206,-3773,-956,-296
953,18809191,9203,-3777,-962,-296
954,18809201,9201,-3782,-968,-296
955,18809211,9198,-3787,-975,-297
956,18809221,9195,-3792,-982,-297
957,18809231,9193,-3797,-988,-297
958,18809241,9190,-3802,-995,-297
959,18809251,9187,-3807,-1002,-297
960,18809261,9184,-3812,-1008,-298
961,18809271,9181,-3817,-1015,-298
962,18809281,9178,-3823,-1022,-298
963,18809291,9175,-3828,-1028,-298
964,18809301,9172,-3833,-1035,-298
965,18809311,9169,-3838,-1041,-299
966,18809321,9167,-3844,-1048,-299
967,18809331,9164,-3849,-1054,-299
968,18809341,9161,-3854,-1061,-299
969,18809351,9158,-3860,-1067,-299
970,18809361,9155,-3865,-1074,-299
971,18809371,9152,-3870,-1080,-299
972,18809381,9149,-3875,-1087,-299
973,18809391,9146,-3881,-1093,-299
974,18809401,9143,-3886,-1099,-299
975,18809411,9140,-3891,-1106,-299
976,18809421,9136,-3897,-1112,-299
977,18809431,9133,-3902,-1118,-299
978,18809441,9130,-3907,-1125,-299
979,18809451,9127,-3913,-1131,-298
980,18809461,9124,-3918,-1137,-298
981,18809471,9121,-3923,-1143,-298
982,18809481,9119,-3928,-1149,-297
983,18809491,9116,-3933,-1155,-297
984,18809501,9113,-3938,-1162,-297
985,18809511,9110,-3942,-1168,-296
986,18809521,9107,-3947,-1174,-295
987,18809531,9104,-3952,-1180,-295
988,18809541,9101,-3957,-1186,-294
989,18809551,9099,-3962,-1192,-293
990,18809561,9096,-3966,-1198,-293
991,18809571,9093,-3971,-1204,-292
992,18809581,9090,-3975,-1210,-291
993,18809591,9087,-3980,-1216,-290
994,18809601,9085,-3985,-1222,-289
995,18809611,9082,-3989,-1228,-289
996,18809621,9079,-3994,-1233,-288
997,18809631,9076,-3998,-1239,-287
998,18809641,9074,-4003,-1245,-286
999,18809651,9071,-4007,-1251,-285
1000,18809661,9068,-4012,-1257,-284
1001,18809671,9065,-4016,-1262,-284
1002,18809681,9063,-4021,-1268,-283
1003,18809691,9060,-4025,-1274,-282
1004,18809701,9057,-4029,-1279,-281
1005,18809711,9055,-4034,-1285,-280
1006,18809721,9052,-4038,-1290,-279
1007,18809731,9049,-4042,-1296,-278
1008,18809741,9047,-4046,-1301,-277
1009,18809751,9044,-4051,-1307,-276
1010,18809761,9041,-4055,-1312,-275
1011,18809771,9039,-4059,-1317,-274
1012,18809781,9036,-4063,-1323,-273
1013,18809791,9034,-4067,-1328,-272
1014,18809801,9031,-4071,-1333,-270
1015,18809811,9029,-4075,-1338,-269
1016,18809821,9026,-4079,-1344,-268
1017,18809831,9023,-4083,-1349,-267
1018,18809841,9021,-4087,-1354,-266
1019,18809851,9018,-4091,-1359,-265
1020,18809861,9016,-4095,-1364,-263
1021,18809871,9013,-4099,-1369,-262
1022,18809881,9011,-4103,-1374,-261
1023,18809891,9008,-4107,-1380,-259
1024,18809901,9006,-4110,-1385,-258
1025,18809911,9003,-4114,-1390,-256
1026,18809921,9001,-4118,-1395,-255
1027,18809931,8998,-4122,-1400,-253
1028,18809941,8996,-4126,-1405,-252
1029,18809951,8993,-4130,-1410,-251
1030,18809961,8991,-4133,-1415,-249
1031,18809971,8988,-4137,-1420,-248
1032,18809981,8986,-4141,-1425,-247
1033,18809991,8983,-4145,-1430,-245
1034,18810001,8981,-4149,-1435,-244
1035,18810011,8978,-4152,-1440,-243
1036,18810021,8976,-4156,-1445,-241
1037,18810031,8973,-4160,-1450,-240
1038,18810041,8971,-4164,-1454,-239
1039,18810051,8968,-4168,-1459,-238
1040,18810061,8966,-4172,-1464,-237
1041,18810071,8963,-4175,-1469,-235
1042,18810081,8961,-4179,-1474,-234
1043,18810091,8958,-4183,-1479,-233
1044,18810101,8955,-4187,-1483,-232
1045,18810111,8953,-4191,-1488,-231
1046,18810121,8950,-4195,-1493,-230
1047,18810131,8948,-4199,-1498,-229
1048,18810141,8945,-4203,-1502,-229
1049,18810151,8942,-4207,-1507,-228
1050,18810161,8940,-4211,-1512,-227
1051,18810171,8937,-4215,-1517,-226
1052,18810181,8934,-4219,-1521,-225
1053,18810191,8932,-4223,-1526,-224
1054,18810201,8929,-4227,-1530,-224
1055,18810211,8927,-4230,-1535,-223
1056,18810221,8924,-4234,-1540,-222
1057,18810231,8921,-4238,-1545,-221
1058,18810241,8919,-4242,-1549,-221
1059,18810251,8916,-4246,-1554,-220
1060,18810261,8913,-4250,-1559,-220
1061,18810271,8911,-4254,-1563,-219
1062,18810281,8908,-4257,-1568,-218
1063,18810291,8905,-4261,-1573,-218
1064,18810301,8903,-4265,-1577,-217
1065,18810311,8900,-4269,-1582,-217
1066,18810321,8897,-4273,-1587,-216
1067,18810331,8895,-4276,-1592,-216
1068,18810341,8892,-4280,-1596,-215
1069,18810351,8890,-4284,-1601,-214
1070,18810361,8887,-4288,-1606,-214
1071,18810371,8884,-4291,-1611,-214
1072,18810381,8881,-4295,-1615,-213
1073,18810391,8879,-4299,-1620,-213
1074,18810401,8876,-4303,-1625,-213
1075,18810411,8873,-4307,-1630,-212
1076,18810421,8871,-4311,-1634,-212
1077,18810431,8868,-4315,-1639,-212
1078,18810441,8865,-4319,-1644,-212
1079,18810451,8862,-4322,-1649,-211
1080,18810461,8859,-4326,-1653,-211
1081,18810471,8857,-4330,-1658,-211
1082,18810481,8854,-4335,-1663,-211
1083,18810491,8851,-4339,-1668,-211
1084,18810501,8848,-4343,-1672,-211
1085,18810511,8845,-4347,-1677,-210
1086,18810521,8842,-4351,-1682,-210
1087,18810531,8839,-4355,-1687,-210
1088,18810541,8836,-4360,-1692,-210
1089,18810551,8833,-4364,-1696,-210
1090,18810561,8830,-4368,-1701,-209
1091,18810571,8827,-4373,-1706,-209
1092,18810581,8823,-4377,-1711,-209
1093,18810591,8820,-4382,-1715,-209
1094,18810601,8817,-4387,-1720,-209
1095,18810611,8814,-4391,-1725,-209
1096,18810621,8811,-4396,-1730,-208
1097,18810631,8807,-4400,-1734,-208
1098,18810641,8804,-4405,-1739,-208
1099,18810651,8801,-4410,-1744,-208
1100,18810661,8797,-4415,-1748,-208
1101,18810671,8794,-4420,-1753,-207
1102,18810681,8791,-4425,-1758,-207
1103,18810691,8787,-4430,-1762,-207
1104,18810701,8784,-4435,-1767,-207
1105,18810711,8780,-4440,-1771,-207
1106,18810721,8777,-4445,-1776,-206
1107,18810731,8773,-4450,-1780,-206
1108,18810741,8770,-4455,-1785,-206
1109,18810751,8766,-4460,-1789,-206
1110,18810761,8763,-4466,-1794,-205
1111,18810771,8759,-4471,-1798,-205
1112,18810781,8755,-4476,-1803,-205
1113,18810791,8752,-4482,-1807,-205
1114,18810801,8748,-4487,-1811,-204
1115,18810811,8745,-4492,-1815,-204
1116,18810821,8741,-4498,-1820,-204
1117,18810831,8737,-4503,-1824,-204
1118,18810841,8734,-4508,-1828,-203
1119,18810851,8730,-4514,-1833,-203
1120,18810861,8726,-4519,-1837,-202
1121,18810871,8723,-4524,-1841,-202
1122,18810881,8719,-4530,-1845,-201
1123,18810891,8715,-4535,-1849,-201
1124,18810901,8712,-4540,-1854,-200
1125,18810911,8708,-4546,-1858,-200
1126,18810921,8704,-4551,-1862,-199
1127,18810931,8701,-4556,-1866,-199
1128,18810941,8697,-4562,-1870,-198
1129,18810951,8693,-4567,-1874,-197
1130,18810961,8690,-4572,-1878,-197
1131,18810971,8686,-4578,-1882,-196
1132,18810981,8682,-4583,-1886,-196
1133,18810991,8679,-4588,-1890,-195
1134,18811001,8675,-4594,-1894,-195
1135,18811011,8671,-4599,-1898,-194
1136,18811021,8668,-4604,-1902,-193
1137,18811031,8664,-4609,-1906,-193
1138,18811041,8661,-4614,-1910,-192
1139,18811051,8657,-4620,-1914,-191
1140,18811061,8653,-4625,-1918,-191
1141,18811071,8650,-4630,-1922,-190
1142,18811081,8646,-4635,-1927,-189
1143,18811091,8642,-4640,-1931,-189
1144,18811101,8639,-4645,-1935,-188
1145,18811111,8635,-4650,-1939,-187
1146,18811121,8632,-4655,-1943,-186
1147,18811131,8628,-4660,-1947,-186
1148,18811141,8624,-4665,-1952,-185
1149,18811151,8621,-4670,-1956,-184
1150,18811161,8617,-4675,-1960,-183
1151,18811171,8614,-4680,-1964,-183
1152,18811181,8610,-4685,-1968,-182
1153,18811191,8606,-4689,-1972,-181
1154,18811201,8603,-4694,-1976,-181
1155,18811211,8599,-4699,-1981,-180
1156,18811221,8596,-4704,-1985,-179
1157,18811231,8592,-4709,-1989,-179
1158,18811241,8589,-4714,-1993,-178
1159,18811251,8585,-4718,-1997,-177
1160,18811261,8581,-4723,-2001,-177
1161,18811271,8578,-4728,-2005,-176
1162,18811281,8574,-4733,-2010,-176
1163,18811291,8571,-4737,-2013,-175
1164,18811301,8567,-4742,-2017,-175
1165,18811311,8563,-4747,-2021,-174
1166,18811321,8560,-4752,-2026,-174
1167,18811331,8556,-4757,-2030,-173
1168,18811341,8552,-4762,-2034,-173
1169,18811351,8548,-4767,-2038,-173
1170,18811361,8545,-4773,-2042,-172
1171,18811371,8541,-4778,-2046,-172
1172,18811381,8537,-4783,-2050,-172
1173,18811391,8533,-4788,-2053,-171
1174,18811401,8529,-4793,-2057,-171
1175,18811411,8525,-4798,-2061,-171
1176,18811421,8522,-4804,-2065,-171
1177,18811431,8518,-4809,-2069,-171
1178,18811441,8514,-4814,-2073,-171
1179,18811451,8510,-4819,-2077,-171
1180,18811461,8506,-4824,-2081,-171
1181,18811471,8502,-4830,-2085,-171
1182,18811481,8498,-4835,-2089,-171
1183,18811491,8494,-4840,-2093,-171
1184,18811501,8490,-4845,-2096,-171
1185,18811511,8486,-4850,-2100,-171
1186,18811521,8482,-4855,-2104,-171
1187,18811531,8478,-4861,-2108,-171
1188,18811541,8475,-4866,-2112,-171
1189,18811551,8471,-4871,-2116,-171
1190,18811561,8467,-4876,-2120,-171
1191,18811571,8463,-4882,-2124,-172
1192,18811581,8459,-4887,-2128,-172
1193,18811591,8455,-4892,-2131,-172
1194,18811601,8450,-4897,-2135,-172
1195,18811611,8446,-4903,-2139,-173
1196,18811621,8442,-4908,-2143,-173
1197,18811631,8438,-4913,-2147,-173
1198,18811641,8434,-4919,-2150,-174
1199,18811651,8430,-4924,-2154,-174
1200,18811661,8426,-4930,-2158,-174
1201,18811671,8422,-4935,-2161,-175
1202,18811681,8418,-4941,-2165,-175
1203,18811691,8413,-4946,-2169,-175
1204,18811701,8409,-4952,-2172,-176
1205,18811711,8405,-4957,-2176,-176
1206,18811721,8401,-4963,-2180,-177
1207,18811731,8396,-4969,-2183,-177
1208,18811741,8392,-4974,-2187,-177
1209,18811751,8388,-4980,-2191,-178
1210,18811761,8383,-4986,-2195,-178
1211,18811771,8379,-4992,-2198,-178
1212,18811781,8374,-4997,-2202,-179
1213,18811791,8370,-5003,-2206,-179
1214,18811801,8365,-5009,-2209,-179
1215,18811811,8361,-5015,-2213,-180
1216,18811821,8356,-5021,-2217,-180
1217,18811831,8352,-5027,-2221,-181
1218,18811841,8347,-5033,-2224,-181
1219,18811851,8342,-5039,-2228,-182
1220,18811861,8338,-5045,-2232,-183
1221,18811871,8333,-5051,-2235,-183
1222,18811881,8329,-5057,-2239,-184
1223,18811891,8324,-5063,-2243,-185
1224,18811901,8320,-5068,-2246,-186
1225,18811911,8315,-5074,-2250,-187
1226,18811921,8310,-5080,-2254,-187
1227,18811931,8306,-5086,-2258,-188
1228,18811941,8301,-5092,-2262,-189
1229,18811951,8296,-5098,-2266,-190
1230,18811961,8292,-5103,-2270,-191
1231,18811971,8287,-5109,-2274,-191
1232,18811981,8282,-5115,-2278,-192
1233,18811991,8277,-5121,-2283,-193
1234,18812001,8273,-5127,-2287,-194
1235,18812011,8268,-5132,-2291,-195
1236,18812021,8263,-5138,-2295,-195
1237,18812031,8258,-5144,-2299,-196
1238,18812041,8254,-5150,-2303,-197
1239,18812051,8249,-5155,-2307,-198
1240,18812061,8244,-5161,-2311,-199
1241,18812071,8240,-5167,-2315,-200
1242,18812081,8235,-5172,-2319,-201
1243,18812091,8230,-5178,-2323,-202
1244,18812101,8226,-5183,-2327,-202
1245,18812111,8221,-5189,-2332,-203
1246,18812121,8216,-5194,-2336,-204
1247,18812131,8211,-5200,-2340,-205
1248,18812141,8207,-5205,-2344,-206
1249,18812151,8202,-5211,-2348,-206
1250,18812161,8197,-5216,-2353,-207
1251,18812171,8192,-5222,-2357,-208
1252,18812181,8188,-5228,-2361,-209
1253,18812191,8183,-5233,-2365,-209
1254,18812201,8178,-5239,-2370,-210
1255,18812211,8173,-5244,-2374,-210
1256,18812221,8169,-5250,-2378,-211
1257,18812231,8164,-5255,-2382,-212
1258,18812241,8159,-5261,-2387,-212
1259,18812251,8154,-5266,-2391,-213
1260,18812261,8149,-5272,-2396,-213
1261,18812271,8144,-5278,-2400,-214
1262,18812281,8139,-5283,-2405,-215
1263,18812291,8134,-5289,-2409,-215
1264,18812301,8129,-5294,-2414,-216
1265,18812311,8124,-5300,-2418,-216
1266,18812321,8119,-5306,-2422,-217
1267,18812331,8114,-5311,-2427,-218
1268,18812341,8109,-5317,-2431,-218
1269,18812351,8104,-5322,-2436,-219
1270,18812361,8099,-5328,-2440,-220
1271,18812371,8094,-5333,-2445,-220
1272,18812381,8089,-5339,-2449,-221
1273,18812391,8084,-5344,-2454,-222
1274,18812401,8079,-5350,-2458,-222
1275,18812411,8074,-5356,-2463,-223
1276,18812421,8069,-5361,-2467,-224
1277,18812431,8064,-5367,-2471,-225
1278,18812441,8059,-5372,-2476,-225
1279,18812451,8053,-5378,-2480,-226
1280,18812461,8048,-5384,-2484,-227
1281,18812471,8043,-5390,-2489,-227
1282,18812481,8038,-5395,-2493,-228
1283,18812491,8033,-5401,-2497,-229
1284,18812501,8028,-5407,-2501,-230
1285,18812511,8023,-5412,-2505,-231
1286,18812521,8017,-5418,-2509,-231
1287,18812531,8012,-5424,-2513,-232
1288,18812541,8007,-5430,-2517,-233
1289,18812551,8002,-5436,-2521,-234
1290,18812561,7996,-5442,-2525,-235
1291,18812571,7991,-5447,-2529,-236
1292,18812581,7986,-5453,-2533,-237
1293,18812591,7980,-5459,-2537,-237
1294,18812601,7975,-5465,-2541,-238
1295,18812611,7970,-5471,-2545,-239
1296,18812621,7964,-5477,-2549,-239
1297,18812631,7959,-5483,-2553,-240
1298,18812641,7953,-5489,-2557,-241
1299,18812651,7948,-5495,-2561,-241
1300,18812661,7942,-5501,-2565,-242
1301,18812671,7937,-5507,-2569,-242
1302,18812681,7931,-5513,-2573,-243
1303,18812691,7926,-5519,-2577,-243
1304,18812701,7920,-5525,-2581,-243
1305,18812711,7915,-5532,-2585,-244
1306,18812721,7909,-5538,-2589,-244
1307,18812731,7904,-5544,-2592,-244
1308,18812741,7898,-5550,-2596,-245
1309,18812751,7892,-5556,-2600,-245
1310,18812761,7887,-5563,-2604,-245
1311,18812771,7881,-5569,-2608,-245
1312,18812781,7875,-5575,-2611,-246
1313,18812791,7870,-5581,-2615,-246
1314,18812801,7864,-5588,-2619,-246
1315,18812811,7858,-5594,-2623,-246
1316,18812821,7853,-5600,-2626,-246
1317,18812831,7847,-5607,-2630,-246
1318,18812841,7841,-5613,-2634,-246
1319,18812851,7835,-5619,-2637,-246
1320,18812861,7829,-5626,-2641,-247
1321,18812871,7824,-5632,-2644,-247
1322,18812881,7818,-5639,-2648,-246
1323,18812891,7812,-5645,-2652,-246
1324,18812901,7806,-5651,-2655,-246
1325,18812911,7800,-5658,-2659,-246
1326,18812921,7794,-5665,-2662,-246
1327,18812931,7788,-5671,-2666,-246
1328,18812941,7782,-5678,-2669,-245
1329,18812951,7776,-5684,-2673,-245
1330,18812961,7770,-5691,-2677,-245
1331,18812971,7764,-5697,-2680,-244
1332,18812981,7758,-5704,-2683,-244
1333,18812991,7752,-5711,-2687,-244
1334,18813001,7746,-5717,-2690,-243
1335,18813011,7740,-5724,-2694,-243
1336,18813021,7734,-5731,-2697,-243
1337,18813031,7727,-5737,-2700,-243
1338,18813041,7721,-5744,-2704,-242
1339,18813051,7715,-5751,-2707,-242
1340,18813061,7709,-5758,-2710,-242
1341,18813071,7703,-5764,-2714,-241
1342,18813081,7697,-5771,-2717,-241
1343,18813091,7691,-5778,-2720,-241
1344,18813101,7684,-5784,-2723,-241
1345,18813111,7678,-5791,-2727,-240
1346,18813121,7672,-5798,-2730,-240
1347,18813131,7666,-5804,-2734,-240
1348,18813141,7660,-5811,-2737,-240
1349,18813151,7653,-5818,-2740,-239
1350,18813161,7647,-5824,-2744,-239
1351,18813171,7641,-5831,-2747,-239
1352,18813181,7634,-5837,-2751,-239
1353,18813191,7628,-5844,-2754,-239
1354,18813201,7622,-5850,-2758,-239
1355,18813211,7616,-5857,-2761,-239
1356,18813221,7609,-5863,-2765,-239
1357,18813231,7603,-5870,-2768,-239
1358,18813241,7597,-5877,-2772,-240
1359,18813251,7590,-5883,-2775,-240
1360,18813261,7584,-5890,-2779,-240
1361,18813271,7578,-5896,-2782,-241
1362,18813281,7571,-5903,-2786,-241
1363,18813291,7565,-5909,-2789,-241
1364,18813301,7559,-5915,-2793,-242
1365,18813311,7552,-5922,-2796,-242
1366,18813321,7546,-5928,-2800,-243
1367,18813331,7540,-5935,-2803,-243
1368,18813341,7533,-5941,-2807,-244
1369,18813351,7527,-5947,-2810,-245
1370,18813361,7520,-5954,-2814,-246
1371,18813371,7514,-5960,-2818,-247
1372,18813381,7508,-5967,-2821,-247
1373,18813391,7501,-5973,-2825,-248
1374,18813401,7495,-5979,-2828,-249
1375,18813411,7488,-5986,-2832,-250
1376,18813421,7482,-5992,-2836,-251
1377,18813431,7475,-5998,-2840,-252
1378,18813441,7468,-6005,-2843,-253
1379,18813451,7462,-6011,-2847,-254
1380,18813461,7455,-6017,-2851,-255
1381,18813471,7449,-6024,-2854,-257
1382,18813481,7442,-6030,-2858,-258
1383,18813491,7435,-6037,-2862,-259
1384,18813501,7429,-6043,-2866,-260
1385,18813511,7422,-6050,-2870,-261
1386,18813521,7415,-6056,-2874,-262
1387,18813531,7408,-6063,-2878,-263
1388,18813541,7401,-6069,-2882,-265
1389,18813551,7394,-6076,-2886,-266
1390,18813561,7387,-6082,-2890,-267
1391,18813571,7380,-6089,-2894,-268
1392,18813581,7373,-6095,-2898,-269
1393,18813591,7366,-6101,-2902,-271
1394,18813601,7359,-6108,-2906,-272
1395,18813611,7352,-6114,-2910,-273
1396,18813621,7345,-6121,-2914,-275
1397,18813631,7338,-6128,-2918,-276
1398,18813641,7331,-6134,-2922,-277
1399,18813651,7324,-6141,-2926,-279
1400,18813661,7317,-6147,-2930,-280
1401,18813671,7309,-6154,-2934,-282
1402,18813681,7302,-6160,-2938,-283
1403,18813691,7295,-6167,-2942,-285
1404,18813701,7288,-6173,-2946,-286
1405,18813711,7281,-6180,-2950,-287
1406,18813721,7274,-6186,-2954,-289
1407,18813731,7266,-6193,-2958,-290
1408,18813741,7259,-6199,-2962,-292
1409,18813751,7252,-6206,-2966,-293
1410,18813761,7244,-6213,-2970,-295
1411,18813771,7237,-6219,-2974,-296
1412,18813781,7229,-6226,-2977,-297
1413,18813791,7222,-6233,-2981,-299
1414,18813801,7214,-6240,-2985,-300
1415,18813811,7207,-6247,-2989,-301
1416,18813821,7199,-6253,-2993,-303
1417,18813831,7192,-6260,-2997,-304
1418,18813841,7184,-6267,-3000,-305
1419,18813851,7176,-6274,-3004,-306
1420,18813861,7169,-6281,-3008,-307
1421,18813871,7161,-6288,-3012,-308
1422,18813881,7153,-6295,-3015,-309
1423,18813891,7145,-6302,-3019,-310
1424,18813901,7137,-6309,-3023,-311
1425,18813911,7130,-6317,-3026,-312
1426,18813921,7122,-6324,-3029,-313
1427,18813931,7114,-6331,-3033,-315
1428,18813941,7106,-6338,-3036,-316
1429,18813951,7098,-6345,-3040,-317
1430,18813961,7090,-6353,-3043,-318
1431,18813971,7082,-6360,-3046,-319
1432,18813981,7074,-6367,-3049,-320
1433,18813991,7066,-6375,-3052,-321
1434,18814001,7058,-6382,-3055,-322
1435,18814011,7050,-6389,-3058,-322
1436,18814021,7042,-6397,-3061,-323
1437,18814031,7034,-6404,-3064,-324
1438,18814041,7026,-6412,-3067,-324
1439,18814051,7018,-6419,-3070,-325
1440,18814061,7010,-6427,-3073,-326
1441,18814071,7002,-6434,-3075,-326
1442,18814081,6994,-6441,-3078,-327
1443,18814091,6986,-6449,-3081,-328
1444,18814101,6978,-6456,-3083,-328
1445,18814111,6970,-6464,-3086,-328
1446,18814121,6962,-6471,-3088,-329
1447,18814131,6954,-6478,-3091,-329
1448,18814141,6945,-6486,-3094,-330
1449,18814151,6937,-6493,-3096,-330
1450,18814161,6929,-6500,-3099,-330
1451,18814171,6921,-6508,-3101,-330
1452,18814181,6913,-6515,-3104,-331
1453,18814191,6905,-6523,-3106,-331
1454,18814201,6897,-6530,-3109,-331
1455,18814211,6889,-6537,-3111,-331
1456,18814221,6881,-6545,-3113,-331
1457,18814231,6873,-6552,-3116,-331
1458,18814241,6865,-6559,-3118,-331
1459,18814251,6856,-6567,-3121,-331
1460,18814261,6848,-6574,-3123,-332
1461,18814271,6840,-6581,-3126,-332
1462,18814281,6832,-6589,-3128,-332
1463,18814291,6824,-6596,-3131,-332
1464,18814301,6815,-6603,-3133,-332
1465,18814311,6807,-6611,-3136,-332
1466,18814321,6799,-6618,-3138,-332
1467,18814331,6791,-6626,-3141,-332
1468,18814341,6782,-6633,-3143,-331
1469,18814351,6774,-6640,-3146,-331
1470,18814361,6765,-6648,-3148,-331
1471,18814371,6757,-6655,-3150,-331
1472,18814381,6748,-6663,-3153,-330
1473,18814391,6740,-6670,-3155,-330
1474,18814401,6731,-6678,-3158,-330
1475,18814411,6723,-6685,-3160,-330
1476,18814421,6714,-6693,-3163,-330
1477,18814431,6705,-6700,-3165,-329
1478,18814441,6696,-6708,-3168,-329
1479,18814451,6688,-6716,-3170,-329
1480,18814461,6679,-6723,-3173,-329
1481,18814471,6670,-6731,-3175,-329
1482,18814481,6661,-6738,-3178,-329
1483,18814491,6653,-6746,-3180,-328
1484,18814501,6644,-6753,-3182,-328
1485,18814511,6635,-6761,-3185,-328
1486,18814521,6626,-6768,-3187,-328
1487,18814531,6618,-6776,-3190,-327
1488,18814541,6609,-6783,-3192,-327
1489,18814551,6600,-6790,-3194,-327
1490,18814561,6592,-6798,-3197,-326
1491,18814571,6583,-6805,-3199,-326
1492,18814581,6574,-6812,-3201,-326
1493,18814591,6566,-6820,-3203,-326
1494,18814601,6557,-6827,-3206,-325
1495,18814611,6548,-6834,-3208,-325
1496,18814621,6539,-6842,-3210,-325
1497,18814631,6531,-6849,-3212,-325
1498,18814641,6522,-6857,-3214,-325
1499,18814651,6513,-6864,-3216,-325
1500,18814661,6504,-6871,-3218,-325
1501,18814671,6496,-6879,-3221,-324
1502,18814681,6487,-6886,-3223,-324
1503,18814691,6478,-6893,-3225,-324
1504,18814701,6469,-6900,-3227,-324
1505,18814711,6460,-6908,-3229,-324
1506,18814721,6451,-6915,-3231,-324
1507,18814731,6442,-6922,-3233,-324
1508,18814741,6434,-6930,-3235,-324
1509,18814751,6425,-6937,-3237,-324
1510,18814761,6416,-6944,-3239,-324
1511,18814771,6407,-6952,-3241,-324
1512,18814781,6398,-6959,-3243,-324
1513,18814791,6389,-6966,-3245,-324
1514,18814801,6380,-6974,-3247,-324
1515,18814811,6371,-6981,-3249,-325
1516,18814821,6362,-6988,-3251,-325
1517,18814831,6353,-6996,-3253,-325
1518,18814841,6344,-7003,-3255,-325
1519,18814851,6335,-7010,-3257,-326
1520,18814861,6325,-7018,-3259,-326
1521,18814871,6316,-7025,-3261,-327
1522,18814881,6307,-7032,-3263,-327
1523,18814891,6298,-7039,-3265,-327
1524,18814901,6289,-7046,-3267,-328
1525,18814911,6280,-7054,-3269,-328
1526,18814921,6271,-7061,-3271,-329
1527,18814931,6261,-7068,-3273,-329
1528,18814941,6252,-7075,-3275,-330
1529,18814951,6243,-7082,-3277,-330
1530,18814961,6234,-7089,-3280,-331
1531,18814971,6224,-7097,-3282,-331
1532,18814981,6215,-7104,-3284,-332
1533,18814991,6206,-7111,-3286,-332
1534,18815001,6197,-7118,-3289,-333
1535,18815011,6187,-7125,-3291,-333
1536,18815021,6178,-7131,-3293,-334
1537,18815031,6169,-7138,-3295,-334
1538,18815041,6160,-7145,-3298,-335
1539,18815051,6150,-7152,-3300,-336
1540,18815061,6141,-7159,-3303,-336
1541,18815071,6132,-7166,-3305,-337
1542,18815081,6122,-7173,-3307,-337
1543,18815091,6113,-7180,-3310,-338
1544,18815101,6104,-7186,-3312,-339
1545,18815111,6094,-7193,-3314,-339
1546,18815121,6085,-7200,-3317,-340
1547,18815131,6076,-7207,-3319,-341
1548,18815141,6066,-7214,-3322,-341
1549,18815151,6057,-7221,-3324,-342
1550,18815161,6047,-7227,-3326,-343
1551,18815171,6038,-7234,-3329,-343
1552,18815181,6028,-7241,-3331,-344
1553,18815191,6018,-7248,-3334,-345
1554,18815201,6009,-7255,-3336,-345
1555,18815211,5999,-7261,-3338,-346
1556,18815221,5990,-7268,-3341,-347
1557,18815231,5980,-7275,-3343,-347
1558,18815241,5971,-7281,-3345,-348
1559,18815251,5961,-7288,-3348,-349
1560,18815261,5952,-7295,-3350,-349
1561,18815271,5942,-7301,-3352,-350
1562,18815281,5933,-7308,-3355,-351
1563,18815291,5924,-7314,-3357,-351
1564,18815301,5914,-7321,-3359,-352
1565,18815311,5905,-7327,-3362,-352
1566,18815321,5896,-7334,-3364,-353
1567,18815331,5886,-7340,-3366,-353
1568,18815341,5877,-7347,-3368,-354
1569,18815351,5868,-7353,-3370,-355
1570,18815361,5858,-7360,-3373,-355
1571,18815371,5849,-7366,-3375,-356
1572,18815381,5840,-7372,-3376,-356
1573,18815391,5830,-7379,-3378,-357
1574,18815401,5821,-7385,-3380,-358
1575,18815411,5812,-7392,-3382,-358
1576,18815421,5802,-7398,-3384,-359
1577,18815431,5793,-7405,-3386,-359
1578,18815441,5784,-7411,-3387,-360
1579,18815451,5775,-7417,-3389,-360
1580,18815461,5766,-7424,-3391,-361
1581,18815471,5756,-7430,-3392,-362
1582,18815481,5747,-7437,-3394,-363
1583,18815491,5738,-7443,-3395,-363
1584,18815501,5729,-7449,-3397,-364
1585,18815511,5720,-7455,-3399,-365
1586,18815521,5711,-7462,-3400,-366
1587,18815531,5701,-7468,-3402,-367
1588,18815541,5692,-7474,-3403,-367
1589,18815551,5683,-7480,-3405,-368
1590,18815561,5674,-7486,-3407,-369
1591,18815571,5665,-7493,-3409,-370
1592,18815581,5655,-7499,-3410,-371
1593,18815591,5646,-7505,-3412,-372
1594,18815601,5637,-7511,-3414,-373
1595,18815611,5628,-7517,-3415,-374
1596,18815621,5619,-7523,-3417,-374
1597,18815631,5609,-7529,-3419,-375
1598,18815641,5600,-7535,-3420,-376
1599,18815651,5591,-7541,-3422,-377
1600,18815661,5582,-7547,-3424,-378
1601,18815671,5572,-7553,-3425,-379
1602,18815681,5563,-7560,-3427,-380
1603,18815691,5554,-7566,-3429,-381
1604,18815701,5544,-7572,-3430,-382
1605,18815711,5535,-7578,-3432,-382
1606,18815721,5526,-7584,-3434,-383
1607,18815731,5517,-7590,-3435,-384
1608,18815741,5507,-7596,-3437,-384
1609,18815751,5498,-7602,-3438,-385
1610,18815761,5489,-7607,-3440,-386
1611,18815771,5480,-7613,-3442,-386
1612,18815781,5470,-7619,-3443,-387
1613,18815791,5461,-7625,-3445,-388
1614,18815801,5452,-7631,-3446,-389
1615,18815811,5442,-7637,-3448,-389
1616,18815821,5433,-7643,-3450,-390
1617,18815831,5424,-7649,-3451,-391
1618,18815841,5414,-7655,-3453,-392
1619,18815851,5405,-7660,-3454,-393
1620,18815861,5396,-7666,-3456,-393
1621,18815871,5386,-7672,-3457,-394
1622,18815881,5377,-7678,-3459,-395
1623,18815891,5368,-7684,-3461,-396
1624,18815901,5358,-7690,-3462,-397
1625,18815911,5349,-7695,-3464,-398
1626,18815921,5339,-7701,-3465,-399
1627,18815931,5330,-7707,-3467,-400
1628,18815941,5320,-7713,-3468,-401
1629,18815951,5311,-7719,-3470,-402
1630,18815961,5301,-7724,-3471,-402
1631,18815971,5292,-7730,-3473,-403
1632,18815981,5282,-7736,-3474,-404
1633,18815991,5273,-7742,-3476,-405
1634,18816001,5263,-7748,-3477,-406
1635,18816011,5253,-7754,-3478,-407
1636,18816021,5244,-7760,-3480,-407
1637,18816031,5234,-7766,-3481,-408
1638,18816041,5224,-7771,-3482,-409
1639,18816051,5215,-7777,-3484,-410
1640,18816061,5205,-7783,-3485,-411
1641,18816071,5195,-7789,-3486,-412
1642,18816081,5185,-7795,-3488,-413
1643,18816091,5176,-7801,-3489,-414
1644,18816101,5166,-7807,-3490,-414
1645,18816111,5156,-7813,-3492,-415
1646,18816121,5146,-7818,-3493,-416
1647,18816131,5136,-7824,-3494,-417
1648,18816141,5126,-7830,-3496,-418
1649,18816151,5116,-7836,-3497,-418
1650,18816161,5106,-7842,-3499,-419
1651,18816171,5096,-7848,-3500,-420
1652,18816181,5086,-7854,-3501,-421
1653,18816191,5076,-7859,-3503,-421
1654,18816201,5066,-7865,-3504,-422
1655,18816211,5056,-7871,-3505,-422
1656,18816221,5046,-7877,-3506,-423
1657,18816231,5036,-7883,-3508,-424
1658,18816241,5026,-7888,-3509,-424
1659,18816251,5016,-7894,-3510,-425
1660,18816261,5007,-7900,-3511,-425
1661,18816271,4997,-7906,-3512,-426
1662,18816281,4987,-7912,-3513,-426
1663,18816291,4977,-7917,-3514,-427
1664,18816301,4967,-7923,-3515,-427
1665,18816311,4958,-7928,-3516,-427
1666,18816321,4948,-7934,-3517,-428
1667,18816331,4938,-7940,-3517,-428
1668,18816341,4929,-7945,-3518,-428
1669,18816351,4919,-7951,-3519,-429
1670,18816361,4910,-7956,-3520,-429
1671,18816371,4900,-7962,-3520,-429
1672,18816381,4891,-7968,-3521,-429
1673,18816391,4881,-7973,-3522,-430
1674,18816401,4872,-7979,-3522,-430
1675,18816411,4863,-7984,-3523,-430
1676,18816421,4853,-7990,-3523,-430
1677,18816431,4844,-7995,-3524,-430
1678,18816441,4834,-8000,-3524,-431
1679,18816451,4825,-8006,-3525,-431
1680,18816461,4816,-8011,-3525,-431
1681,18816471,4806,-8017,-3525,-431
1682,18816481,4797,-8022,-3526,-431
1683,18816491,4788,-8028,-3526,-431
1684,18816501,4778,-8033,-3526,-431
1685,18816511,4769,-8038,-3527,-430
1686,18816521,4760,-8044,-3527,-430
1687,18816531,4751,-8049,-3527,-430
1688,18816541,4741,-8055,-3527,-430
1689,18816551,4732,-8060,-3527,-430
1690,18816561,4723,-8065,-3527,-430
1691,18816571,4714,-8071,-3527,-430
1692,18816581,4705,-8076,-3527,-430
1693,18816591,4696,-8081,-3527,-430
1694,18816601,4687,-8087,-3527,-429
1695,18816611,4677,-8092,-3527,-429
1696,18816621,4668,-8097,-3527,-429
1697,18816631,4659,-8103,-3527,-429
1698,18816641,4650,-8108,-3527,-429
1699,18816651,4641,-8114,-3526,-428
1700,18816661,4631,-8119,-3526,-428
1701,18816671,4622,-8124,-3526,-428
1702,18816681,4613,-8130,-3526,-428
1703,18816691,4604,-8135,-3525,-428
1704,18816701,4595,-8140,-3525,-428
1705,18816711,4586,-8146,-3524,-427
1706,18816721,4576,-8151,-3524,-427
1707,18816731,4567,-8157,-3523,-427
1708,18816741,4558,-8162,-3523,-427
1709,18816751,4549,-8167,-3522,-426
1710,18816761,4539,-8173,-3521,-426
1711,18816771,4530,-8178,-3521,-426
1712,18816781,4521,-8184,-3520,-425
1713,18816791,4511,-8189,-3519,-425
1714,18816801,4502,-8195,-3518,-425
1715,18816811,4492,-8200,-3518,-425
1716,18816821,4483,-8206,-3517,-425
1717,18816831,4474,-8212,-3516,-425
1718,18816841,4464,-8217,-3514,-425
1719,18816851,4455,-8223,-3513,-425
1720,18816861,4445,-8228,-3512,-425
1721,18816871,4436,-8234,-3511,-424
1722,18816881,4426,-8239,-3510,-424
1723,18816891,4417,-8245,-3510,-423
1724,18816901,4408,-8251,-3508,-422
1725,18816911,4399,-8255,-3508,-422
1726,18816921,4390,-8261,-3507,-421
1727,18816931,4380,-8266,-3506,-420
1728,18816941,4369,-8273,-3505,-420
1729,18816951,4360,-8277,-3505,-420
1730,18816961,4350,-8283,-3505,-420
1731,18816971,4338,-8289,-3505,-421
1732,18816981,4330,-8293,-3506,-422
1733,18816991,4319,-8298,-3505,-423
1734,18817001,4309,-8304,-3504,-424
1735,18817011,4301,-8308,-3504,-426
1736,18817021,4292,-8313,-3502,-427
1737,18817031,4283,-8319,-3500,-429
1738,18817041,4274,-8324,-3498,-429
1739,18817051,4265,-8329,-3497,-430
1740,18817061,4256,-8335,-3495,-430
1741,18817071,4246,-8341,-3493,-429
1742,18817081,4237,-8346,-3492,-428
1743,18817091,4227,-8352,-3490,-428
1744,18817101,4217,-8358,-3488,-427
1745,18817111,4208,-8363,-3486,-425
1746,18817121,4198,-8369,-3484,-424
1747,18817131,4188,-8375,-3483,-422
1748,18817141,4178,-8380,-3482,-420
1749,18817151,4168,-8386,-3481,-417
1750,18817161,4158,-8391,-3480,-415
1751,18817171,4146,-8397,-3479,-412
1752,18817181,4137,-8403,-3478,-409
1753,18817191,4127,-8408,-3477,-406
1754,18817201,4116,-8414,-3477,-402
1755,18817211,4106,-8419,-3476,-398
1756,18817221,4096,-8424,-3476,-393
1757,18817231,4086,-8430,-3475,-389
1758,18817241,4076,-8435,-3475,-383
1759,18817251,4066,-8440,-3474,-377
1760,18817261,4055,-8446,-3473,-371
1761,18817271,4044,-8452,-3473,-364
1762,18817281,4033,-8458,-3473,-355
1763,18817291,4020,-8464,-3474,-344
1764,18817301,4007,-8470,-3476,-330
1765,18817311,3993,-8477,-3477,-315
1766,18817321,3983,-8481,-3479,-298
1767,18817331,3976,-8484,-3481,-280
1768,18817341,3964,-8489,-3483,-264
1769,18817351,3957,-8493,-3485,-246
1770,18817361,3954,-8494,-3487,-227
1771,18817371,3943,-8499,-3487,-210
1772,18817381,3928,-8505,-3489,-193
1773,18817391,3923,-8508,-3490,-173
1774,18817401,3915,-8511,-3492,-153
1775,18817411,3900,-8518,-3493,-137
1776,18817421,3893,-8522,-3493,-119
1777,18817431,3887,-8525,-3492,-103
1778,18817441,3877,-8530,-3489,-91
1779,18817451,3870,-8535,-3486,-79
1780,18817461,3867,-8538,-3483,-69
1781,18817471,3861,-8543,-3478,-60
1782,18817481,3855,-8546,-3475,-49
1783,18817491,3847,-8550,-3475,-34
1784,18817501,3839,-8553,-3477,-15
1785,18817511,3829,-8556,-3481,9
1786,18817521,3819,-8558,-3488,36
1787,18817531,3809,-8559,-3495,66
1788,18817541,3800,-8560,-3503,97
1789,18817551,3794,-8559,-3509,126
1790,18817561,3791,-8558,-3515,156
1791,18817571,3786,-8557,-3521,185
1792,18817581,3781,-8555,-3528,216
1793,18817591,3785,-8550,-3535,251
1794,18817601,3787,-8545,-3543,288
1795,18817611,3775,-8545,-3553,321
1796,18817621,3770,-8541,-3563,359
1797,18817631,3773,-8533,-3575,404
1798,18817641,3767,-8528,-3587,447
1799,18817651,3750,-8527,-3603,489
1800,18817661,3745,-8519,-3618,540
1801,18817671,3740,-8510,-3636,594
1802,18817681,3723,-8506,-3655,646
1803,18817691,3707,-8501,-3674,698
1804,18817701,3699,-8492,-3692,752
1805,18817711,3688,-8484,-3709,801
1806,18817721,3675,-8478,-3726,849
1807,18817731,3664,-8470,-3743,898
1808,18817741,3654,-8462,-3760,947
1809,18817751,3642,-8453,-3778,997
1810,18817761,3631,-8444,-3796,1046
1811,18817771,3620,-8434,-3814,1095
1812,18817781,3608,-8424,-3832,1145
1813,18817791,3596,-8414,-3851,1196
1814,18817801,3582,-8403,-3871,1248
1815,18817811,3566,-8392,-3892,1304
1816,18817821,3548,-8379,-3915,1363
1817,18817831,3528,-8367,-3938,1423
1818,18817841,3506,-8353,-3963,1487
1819,18817851,3484,-8338,-3989,1552
1820,18817861,3459,-8324,-4015,1618
1821,18817871,3434,-8308,-4041,1684
1822,18817881,3409,-8292,-4067,1750
1823,18817891,3382,-8276,-4093,1817
1824,18817901,3355,-8260,-4118,1881
1825,18817911,3327,-8244,-4143,1947
1826,18817921,3298,-8226,-4168,2015
1827,18817931,3266,-8208,-4196,2085
1828,18817941,3230,-8188,-4224,2159
1829,18817951,3195,-8168,-4251,2231
1830,18817961,3161,-8149,-4277,2300
1831,18817971,3126,-8130,-4302,2368
1832,18817981,3092,-8111,-4325,2433
1833,18817991,3059,-8093,-4347,2496
1834,18818001,3025,-8075,-4368,2559
1835,18818011,2989,-8055,-4391,2624
1836,18818021,2951,-8035,-4413,2691
1837,18818031,2910,-8012,-4437,2763
1838,18818041,2866,-7987,-4463,2838
1839,18818051,2821,-7962,-4488,2913
1840,18818061,2777,-7937,-4512,2986
1841,18818071,2736,-7911,-4537,3055
1842,18818081,2702,-7885,-4563,3113
1843,18818091,2675,-7863,-4586,3155
1844,18818101,2658,-7845,-4610,3182
1845,18818111,2653,-7829,-4633,3193
1846,18818121,2652,-7812,-4656,3200
1847,18818131,2650,-7795,-4680,3208
1848,18818141,2645,-7777,-4706,3218
1849,18818151,2640,-7759,-4733,3225
1850,18818161,2643,-7744,-4757,3224
1851,18818171,2651,-7732,-4776,3217
1852,18818181,2662,-7720,-4795,3208
1853,18818191,2674,-7711,-4815,3193
1854,18818201,2687,-7705,-4831,3171
1855,18818211,2706,-7700,-4844,3148
1856,18818221,2725,-7694,-4856,3125
1857,18818231,2740,-7688,-4871,3104
1858,18818241,2748,-7681,-4888,3089
1859,18818251,2752,-7671,-4907,3080
1860,18818261,2751,-7658,-4928,3081
1861,18818271,2743,-7642,-4953,3087
1862,18818281,2729,-7624,-4980,3099
1863,18818291,2710,-7603,-5010,3118
1864,18818301,2685,-7580,-5044,3144
1865,18818311,2652,-7553,-5080,3177
1866,18818321,2615,-7524,-5118,3215
1867,18818331,2572,-7493,-5158,3259
1868,18818341,2521,-7460,-5201,3306
1869,18818351,2467,-7425,-5244,3357
1870,18818361,2411,-7387,-5286,3414
1871,18818371,2348,-7348,-5330,3472
1872,18818381,2276,-7309,-5376,3532
1873,18818391,2204,-7267,-5420,3597
1874,18818401,2130,-7222,-5463,3666
1875,18818411,2046,-7177,-5508,3736
1876,18818421,1955,-7130,-5553,3806
1877,18818431,1867,-7080,-5594,3883
1878,18818441,1774,-7028,-5634,3962
1879,18818451,1671,-6976,-5676,4039
1880,18818461,1567,-6920,-5715,4121
1881,18818471,1462,-6859,-5750,4212
1882,18818481,1346,-6796,-5785,4303
1883,18818491,1221,-6729,-5822,4395
1884,18818501,1097,-6656,-5852,4498
1885,18818511,966,-6578,-5880,4604
1886,18818521,824,-6496,-5908,4711
1887,18818531,677,-6407,-5931,4827
1888,18818541,524,-6309,-5949,4951
1889,18818551,360,-6204,-5964,5078
1890,18818561,189,-6091,-5974,5211
1891,18818571,12,-5968,-5978,5351
1892,18818581,-173,-5835,-5975,5495
1893,18818591,-365,-5693,-5965,5644
1894,18818601,-556,-5547,-5949,5789
1895,18818611,-742,-5402,-5925,5928
1896,18818621,-922,-5256,-5896,6062
1897,18818631,-1099,-5108,-5860,6192
1898,18818641,-1276,-4955,-5817,6322
1899,18818651,-1453,-4795,-5767,6452
1900,18818661,-1631,-4628,-5710,6580
1901,18818671,-1803,-4459,-5646,6706
1902,18818681,-1968,-4292,-5577,6825
1903,18818691,-2121,-4132,-5506,6935
1904,18818701,-2259,-3982,-5435,7035
1905,18818711,-2379,-3848,-5365,7123
1906,18818721,-2482,-3729,-5297,7201
1907,18818731,-2569,-3626,-5234,7269
1908,18818741,-2639,-3540,-5176,7328
1909,18818751,-2693,-3472,-5123,7378
1910,18818761,-2732,-3419,-5075,7421
1911,18818771,-2758,-3381,-5033,7457
1912,18818781,-2772,-3359,-4997,7487
1913,18818791,-2773,-3351,-4965,7511
1914,18818801,-2763,-3358,-4938,7529
1915,18818811,-2738,-3385,-4919,7539
1916,18818821,-2700,-3427,-4904,7543
1917,18818831,-2651,-3485,-4894,7541
1918,18818841,-2591,-3556,-4888,7532
1919,18818851,-2524,-3637,-4887,7517
1920,18818861,-2449,-3728,-4887,7497
1921,18818871,-2368,-3825,-4888,7473
1922,18818881,-2283,-3928,-4890,7445
1923,18818891,-2195,-4034,-4893,7413
1924,18818901,-2103,-4145,-4894,7377
1925,18818911,-2008,-4260,-4894,7338
1926,18818921,-1912,-4375,-4895,7295
1927,18818931,-1815,-4493,-4893,7250
1928,18818941,-1715,-4612,-4891,7201
1929,18818951,-1615,-4732,-4887,7148
1930,18818961,-1515,-4851,-4883,7093
1931,18818971,-1415,-4970,-4876,7036
1932,18818981,-1317,-5086,-4867,6978
1933,18818991,-1221,-5200,-4856,6919
1934,18819001,-1126,-5311,-4844,6859
1935,18819011,-1033,-5421,-4829,6797
1936,18819021,-942,-5529,-4813,6735
1937,18819031,-853,-5634,-4795,6672
1938,18819041,-767,-5734,-4775,6611
1939,18819051,-686,-5830,-4753,6552
1940,18819061,-610,-5919,-4730,6496
1941,18819071,-538,-6003,-4705,6444
1942,18819081,-470,-6082,-4679,6394
1943,18819091,-407,-6155,-4653,6347
1944,18819101,-348,-6225,-4625,6303
1945,18819111,-292,-6290,-4597,6261
1946,18819121,-239,-6352,-4569,6221
1947,18819131,-189,-6411,-4540,6184
1948,18819141,-142,-6466,-4512,6148
1949,18819151,-98,-6518,-4484,6114
1950,18819161,-57,-6567,-4456,6083
1951,18819171,-19,-6612,-4428,6055
1952,18819181,14,-6654,-4400,6029
1953,18819191,46,-6692,-4373,6007
1954,18819201,74,-6725,-4346,5989
1955,18819211,97,-6751,-4319,5978
1956,18819221,115,-6771,-4293,5974
1957,18819231,128,-6785,-4268,5977
1958,18819241,137,-6793,-4243,5985
1959,18819251,143,-6796,-4218,5999
1960,18819261,147,-6795,-4193,6018
1961,18819271,147,-6789,-4170,6041
1962,18819281,144,-6779,-4146,6068
1963,18819291,140,-6764,-4123,6100
1964,18819301,132,-6746,-4101,6135
1965,18819311,122,-6723,-4079,6176
1966,18819321,109,-6695,-4057,6220
1967,18819331,94,-6664,-4036,6268
1968,18819341,77,-6627,-4014,6320
1969,18819351,56,-6586,-3994,6376
1970,18819361,34,-6541,-3973,6435
1971,18819371,9,-6491,-3953,6499
1972,18819381,-17,-6436,-3933,6564
1973,18819391,-45,-6378,-3913,6632
1974,18819401,-76,-6316,-3893,6703
1975,18819411,-109,-6249,-3873,6776
1976,18819421,-144,-6178,-3854,6852
1977,18819431,-180,-6103,-3834,6929
1978,18819441,-219,-6024,-3815,7007
1979,18819451,-258,-5942,-3796,7085
1980,18819461,-299,-5857,-3776,7165
1981,18819471,-341,-5769,-3756,7244
1982,18819481,-383,-5680,-3737,7322
1983,18819491,-426,-5587,-3717,7401
1984,18819501,-470,-5494,-3696,7478
1985,18819511,-513,-5399,-3676,7554
1986,18819521,-557,-5303,-3656,7628
1987,18819531,-600,-5207,-3636,7700
1988,18819541,-643,-5111,-3617,7770
1989,18819551,-685,-5015,-3597,7838
1990,18819561,-727,-4919,-3576,7904
1991,18819571,-770,-4822,-3556,7968
1992,18819581,-813,-4725,-3536,8031
1993,18819591,-855,-4629,-3514,8092
1994,18819601,-894,-4535,-3491,8151
1995,18819611,-932,-4447,-3470,8203
1996,18819621,-968,-4365,-3450,8252
1997,18819631,-998,-4288,-3423,8299
1998,18819641,-1027,-4214,-3397,8344
1999,18819651,-1056,-4141,-3376,8386
2000,18819661,-1085,-4067,-3354,8427
2001,18819671,-1112,-3993,-3325,8470
2002,18819681,-1139,-3918,-3299,8512
2003,18819691,-1169,-3840,-3277,8552
2004,18819701,-1197,-3761,-3251,8593
2005,18819711,-1224,-3680,-3221,8635
2006,18819721,-1254,-3597,-3195,8676
2007,18819731,-1285,-3511,-3170,8715
2008,18819741,-1315,-3423,-3141,8756
2009,18819751,-1345,-3333,-3111,8797
2010,18819761,-1376,-3240,-3084,8836
2011,18819771,-1409,-3144,-3056,8876
2012,18819781,-1441,-3046,-3025,8915
2013,18819791,-1474,-2944,-2994,8954
2014,18819801,-1508,-2838,-2964,8993
2015,18819811,-1544,-2728,-2932,9031
2016,18819821,-1579,-2615,-2899,9069
2017,18819831,-1615,-2497,-2865,9107
2018,18819841,-1652,-2376,-2830,9143
2019,18819851,-1690,-2252,-2794,9179
2020,18819861,-1728,-2124,-2756,9214
2021,18819871,-1766,-1994,-2718,9247
2022,18819881,-1804,-1862,-2679,9278
2023,18819891,-1842,-1727,-2638,9308
2024,18819901,-1881,-1592,-2597,9337
2025,18819911,-1919,-1455,-2554,9363
2026,18819921,-1956,-1317,-2511,9387
2027,18819931,-1994,-1178,-2467,9409
2028,18819941,-2030,-1039,-2421,9430
2029,18819951,-2066,-900,-2374,9448
2030,18819961,-2102,-758,-2326,9465
2031,18819971,-2138,-615,-2276,9479
2032,18819981,-2173,-470,-2225,9492
2033,18819991,-2208,-322,-2172,9502
2034,18820001,-2242,-174,-2118,9510
2035,18820011,-2276,-23,-2062,9516
2036,18820021,-2310,130,-2005,9519
2037,18820031,-2344,285,-1946,9520
2038,18820041,-2377,444,-1886,9518
2039,18820051,-2409,606,-1823,9513
2040,18820061,-2442,772,-1759,9504
2041,18820071,-2473,940,-1692,9493
2042,18820081,-2504,1112,-1624,9479
2043,18820091,-2533,1286,-1554,9460
2044,18820101,-2561,1462,-1483,9439
2045,18820111,-2588,1641,-1409,9413
2046,18820121,-2613,1821,-1335,9384
2047,18820131,-2635,1996,-1261,9352
2048,18820141,-2655,2167,-1188,9318
2049,18820151,-2673,2333,-1115,9282
2050,18820161,-2689,2496,-1042,9243
2051,18820171,-2702,2655,-970,9203
2052,18820181,-2714,2812,-898,9160
2053,18820191,-2724,2965,-827,9115
2054,18820201,-2732,3114,-756,9069
2055,18820211,-2738,3260,-686,9022
2056,18820221,-2743,3401,-617,8973
2057,18820231,-2746,3539,-549,8923
2058,18820241,-2747,3673,-481,8872
2059,18820251,-2747,3801,-415,8821
2060,18820261,-2745,3925,-350,8771
2061,18820271,-2741,4043,-286,8720
2062,18820281,-2737,4156,-224,8670
2063,18820291,-2731,4264,-163,8621
2064,18820301,-2723,4367,-103,8572
2065,18820311,-2715,4465,-45,8525
2066,18820321,-2706,4558,11,8478
2067,18820331,-2696,4649,67,8432
2068,18820341,-2685,4736,122,8387
2069,18820351,-2673,4820,177,8341
2070,18820361,-2660,4901,230,8297
2071,18820371,-2647,4979,283,8252
2072,18820381,-2633,5054,334,8209
2073,18820391,-2619,5125,385,8168
2074,18820401,-2604,5191,434,8128
2075,18820411,-2588,5252,481,8091
2076,18820421,-2572,5309,527,8057
2077,18820431,-2556,5359,571,8025
2078,18820441,-2540,5402,613,7998
2079,18820451,-2525,5440,654,7974
2080,18820461,-2509,5472,692,7954
2081,18820471,-2495,5497,729,7938
2082,18820481,-2480,5517,764,7925
2083,18820491,-2467,5532,797,7916
2084,18820501,-2454,5542,830,7910
2085,18820511,-2442,5547,860,7906
2086,18820521,-2430,5549,890,7905
2087,18820531,-2420,5546,918,7907
2088,18820541,-2410,5540,946,7911
2089,18820551,-2400,5532,973,7917
2090,18820561,-2392,5521,999,7924
2091,18820571,-2383,5508,1024,7932
2092,18820581,-2376,5494,1049,7941
2093,18820591,-2368,5478,1074,7950
2094,18820601,-2361,5461,1098,7961
2095,18820611,-2355,5441,1121,7973
2096,18820621,-2348,5420,1143,7986
2097,18820631,-2343,5398,1166,8000
2098,18820641,-2337,5374,1187,8014
2099,18820651,-2333,5348,1209,8030
2100,18820661,-2328,5320,1229,8047
2101,18820671,-2325,5291,1249,8064
2102,18820681,-2321,5260,1268,8082
2103,18820691,-2319,5229,1287,8100
2104,18820701,-2317,5196,1305,8118
2105,18820711,-2315,5163,1323,8137
2106,18820721,-2314,5130,1341,8156
2107,18820731,-2313,5096,1359,8174
2108,18820741,-2313,5062,1376,8192
2109,18820751,-2313,5026,1393,8211
2110,18820761,-2315,4988,1409,8232
2111,18820771,-2317,4948,1424,8253
2112,18820781,-2320,4906,1438,8274
2113,18820791,-2323,4864,1451,8296
2114,18820801,-2326,4822,1465,8317
2115,18820811,-2330,4781,1478,8338
2116,18820821,-2334,4740,1491,8357
2117,18820831,-2337,4701,1504,8376
2118,18820841,-2340,4664,1518,8394
2119,18820851,-2344,4628,1531,8410
2120,18820861,-2347,4594,1544,8425
2121,18820871,-2349,4561,1558,8440
2122,18820881,-2352,4530,1571,8453
2123,18820891,-2354,4501,1585,8466
2124,18820901,-2357,4473,1598,8477
2125,18820911,-2360,4446,1612,8488
2126,18820921,-2362,4420,1626,8498
2127,18820931,-2364,4395,1639,8508
2128,18820941,-2366,4370,1652,8518
2129,18820951,-2367,4347,1664,8527
2130,18820961,-2368,4325,1675,8536
2131,18820971,-2370,4304,1686,8544
2132,18820981,-2371,4283,1697,8552
2133,18820991,-2372,4263,1706,8560
2134,18821001,-2372,4243,1712,8568
2135,18821011,-2374,4223,1723,8576
2136,18821021,-2376,4204,1733,8582
2137,18821031,-2376,4187,1740,8589
2138,18821041,-2375,4172,1745,8596
2139,18821051,-2376,4157,1755,8601
2140,18821061,-2377,4143,1764,8606
2141,18821071,-2375,4130,1768,8611
2142,18821081,-2373,4118,1773,8617
2143,18821091,-2373,4106,1781,8621
2144,18821101,-2372,4094,1786,8626
2145,18821111,-2369,4085,1788,8631
2146,18821121,-2367,4076,1792,8634
2147,18821131,-2365,4069,1797,8638
2148,18821141,-2362,4062,1800,8641
2149,18821151,-2358,4056,1802,8644
2150,18821161,-2355,4052,1804,8647
2151,18821171,-2351,4049,1807,8649
2152,18821181,-2346,4048,1808,8650
2153,18821191,-2341,4049,1810,8651
2154,18821201,-2335,4051,1811,8651
2155,18821211,-2328,4056,1813,8650
2156,18821221,-2321,4062,1814,8649
2157,18821231,-2314,4069,1814,8648
2158,18821241,-2306,4076,1814,8647
2159,18821251,-2298,4083,1813,8646
2160,18821261,-2291,4089,1811,8645
2161,18821271,-2283,4095,1808,8645
2162,18821281,-2275,4101,1805,8645
2163,18821291,-2267,4106,1801,8645
2164,18821301,-2259,4113,1797,8645
2165,18821311,-2251,4119,1791,8645
2166,18821321,-2243,4125,1785,8646
2167,18821331,-2236,4129,1779,8647
2168,18821341,-2228,4133,1770,8649
2169,18821351,-2221,4134,1761,8652
2170,18821361,-2214,4134,1751,8656
2171,18821371,-2207,4131,1740,8661
2172,18821381,-2201,4127,1728,8667
2173,18821391,-2194,4120,1715,8675
2174,18821401,-2188,4111,1701,8683
2175,18821411,-2182,4100,1687,8693
2176,18821421,-2177,4087,1672,8703
2177,18821431,-2171,4070,1655,8716
2178,18821441,-2167,4049,1639,8730
2179,18821451,-2163,4024,1621,8745
2180,18821461,-2159,3995,1602,8763
2181,18821471,-2157,3960,1582,8783
2182,18821481,-2156,3920,1562,8805
2183,18821491,-2154,3877,1540,8828
2184,18821501,-2154,3831,1517,8852
2185,18821511,-2153,3782,1494,8878
2186,18821521,-2152,3732,1470,8903
2187,18821531,-2151,3679,1445,8929
2188,18821541,-2151,3623,1420,8956
2189,18821551,-2151,3566,1394,8983
2190,18821561,-2150,3505,1367,9011
2191,18821571,-2151,3441,1340,9040
2192,18821581,-2152,3374,1312,9069
2193,18821591,-2152,3303,1283,9099
2194,18821601,-2153,3229,1254,9130
2195,18821611,-2154,3153,1225,9160
2196,18821621,-2154,3077,1195,9189
2197,18821631,-2154,3001,1165,9219
2198,18821641,-2153,2924,1135,9247
2199,18821651,-2153,2846,1106,9275
2200,18821661,-2152,2769,1076,9302
2201,18821671,-2150,2693,1046,9328
2202,18821681,-2148,2615,1016,9354
2203,18821691,-2146,2536,986,9380
2204,18821701,-2144,2456,956,9404
2205,18821711,-2141,2375,926,9429
2206,18821721,-2139,2295,896,9452
2207,18821731,-2135,2214,866,9475
2208,18821741,-2132,2135,836,9496
2209,18821751,-2127,2058,807,9517
2210,18821761,-2122,1983,778,9536
2211,18821771,-2116,1911,750,9555
2212,18821781,-2110,1842,722,9572
2213,18821791,-2103,1775,695,9588
2214,18821801,-2095,1712,669,9603
2215,18821811,-2086,1650,642,9618
2216,18821821,-2077,1591,617,9631
2217,18821831,-2068,1534,593,9644
2218,18821841,-2058,1480,568,9656
2219,18821851,-2048,1428,544,9667
2220,18821861,-2038,1380,521,9678
2221,18821871,-2028,1337,499,9687
2222,18821881,-2017,1297,477,9696
2223,18821891,-2006,1263,457,9704
2224,18821901,-1994,1232,438,9711
2225,18821911,-1983,1205,419,9717
2226,18821921,-1971,1182,400,9723
2227,18821931,-1959,1163,382,9729
2228,18821941,-1947,1146,366,9734
2229,18821951,-1934,1133,350,9739
2230,18821961,-1922,1124,333,9743
2231,18821971,-1909,1120,318,9746
2232,18821981,-1896,1119,305,9749
2233,18821991,-1883,1123,291,9752
2234,18822001,-1870,1132,277,9753
2235,18822011,-1858,1146,266,9755
2236,18822021,-1845,1163,255,9755
2237,18822031,-1832,1181,242,9756
2238,18822041,-1819,1199,230,9756
2239,18822051,-1806,1218,220,9757
2240,18822061,-1794,1240,210,9756
2241,18822071,-1781,1265,198,9756
2242,18822081,-1769,1293,188,9754
2243,18822091,-1758,1325,180,9752
2244,18822101,-1746,1360,171,9750
2245,18822111,-1734,1399,162,9747
2246,18822121,-1723,1439,154,9743
2247,18822131,-1712,1481,146,9739
2248,18822141,-1701,1524,139,9734
2249,18822151,-1691,1569,132,9729
2250,18822161,-1681,1614,125,9723
2251,18822171,-1671,1659,119,9717
2252,18822181,-1662,1703,112,9712
2253,18822191,-1653,1746,106,9705
2254,18822201,-1644,1788,100,9699
2255,18822211,-1636,1829,93,9693
2256,18822221,-1628,1868,87,9687
2257,18822231,-1620,1906,81,9681
2258,18822241,-1613,1943,75,9675
2259,18822251,-1606,1977,69,9669
2260,18822261,-1599,2007,62,9664
2261,18822271,-1593,2033,55,9660
2262,18822281,-1586,2054,48,9657
2263,18822291,-1581,2071,41,9654
2264,18822301,-1575,2085,33,9652
2265,18822311,-1570,2099,27,9650
2266,18822321,-1566,2114,20,9647
2267,18822331,-1561,2131,14,9644
2268,18822341,-1557,2150,9,9640
2269,18822351,-1554,2172,5,9636
2270,18822361,-1550,2195,1,9631
2271,18822371,-1547,2218,-1,9627
2272,18822381,-1543,2239,-4,9622
2273,18822391,-1540,2258,-7,9618
2274,18822401,-1536,2277,-10,9615
2275,18822411,-1531,2295,-12,9611
2276,18822421,-1526,2311,-14,9608
2277,18822431,-1521,2323,-17,9606
2278,18822441,-1515,2326,-21,9606
2279,18822451,-1509,2321,-25,9608
2280,18822461,-1503,2306,-31,9613
2281,18822471,-1496,2283,-37,9619
2282,18822481,-1489,2252,-45,9628
2283,18822491,-1482,2217,-52,9637
2284,18822501,-1475,2184,-59,9646
2285,18822511,-1468,2156,-66,9653
2286,18822521,-1462,2133,-71,9659
2287,18822531,-1455,2116,-76,9664
2288,18822541,-1449,2106,-80,9667
2289,18822551,-1443,2103,-84,9668
2290,18822561,-1437,2106,-87,9668
2291,18822571,-1431,2116,-89,9667
2292,18822581,-1426,2133,-91,9664
2293,18822591,-1421,2156,-92,9660
2294,18822601,-1417,2184,-94,9654
2295,18822611,-1413,2219,-95,9647
2296,18822621,-1410,2259,-96,9638
2297,18822631,-1406,2303,-98,9628
2298,18822641,-1403,2353,-98,9616
2299,18822651,-1401,2409,-99,9603
2300,18822661,-1399,2470,-99,9587
2301,18822671,-1398,2538,-99,9570
2302,18822681,-1396,2612,-98,9550
2303,18822691,-1395,2690,-97,9528
2304,18822701,-1395,2774,-96,9505
2305,18822711,-1395,2863,-94,9478
2306,18822721,-1395,2956,-92,9449
2307,18822731,-1395,3054,-89,9418
2308,18822741,-1396,3154,-86,9385
2309,18822751,-1397,3257,-83,9350
2310,18822761,-1398,3362,-80,9313
2311,18822771,-1400,3468,-76,9273
2312,18822781,-1401,3574,-73,9233
2313,18822791,-1403,3682,-69,9190
2314,18822801,-1405,3792,-65,9145
2315,18822811,-1408,3906,-60,9097
2316,18822821,-1410,4021,-55,9046
2317,18822831,-1413,4138,-49,8993
2318,18822841,-1416,4256,-43,8937
2319,18822851,-1419,4375,-37,8879
2320,18822861,-1422,4495,-30,8818
2321,18822871,-1426,4614,-23,8756
2322,18822881,-1430,4734,-16,8691
2323,18822891,-1434,4855,-8,8623
2324,18822901,-1438,4976,0,8553
2325,18822911,-1441,5098,8,8480
2326,18822921,-1445,5220,18,8405
2327,18822931,-1449,5341,28,8328
2328,18822941,-1452,5463,38,8248
2329,18822951,-1454,5583,49,8167
2330,18822961,-1457,5702,60,8084
2331,18822971,-1459,5820,72,7999
2332,18822981,-1460,5938,84,7911
2333,18822991,-1461,6055,97,7822
2334,18823001,-1462,6171,110,7730
2335,18823011,-1462,6285,123,7637
2336,18823021,-1461,6398,137,7543
2337,18823031,-1460,6510,151,7447
2338,18823041,-1459,6619,165,7350
2339,18823051,-1456,6727,179,7252
2340,18823061,-1453,6832,192,7153
2341,18823071,-1449,6936,206,7053
2342,18823081,-1444,7039,219,6950
2343,18823091,-1438,7141,232,6846
2344,18823101,-1432,7242,246,6740
2345,18823111,-1425,7339,258,6635
2346,18823121,-1417,7435,270,6529
2347,18823131,-1408,7527,281,6423
2348,18823141,-1400,7618,291,6318
2349,18823151,-1391,7705,300,6213
2350,18823161,-1381,7788,308,6109
2351,18823171,-1372,7869,314,6007
2352,18823181,-1362,7946,319,5906
2353,18823191,-1354,8019,322,5809
2354,18823201,-1345,8087,323,5716
2355,18823211,-1336,8150,322,5628
2356,18823221,-1328,8208,319,5546
2357,18823231,-1320,8260,314,5470
2358,18823241,-1312,8306,307,5402
2359,18823251,-1305,8346,297,5341
2360,18823261,-1299,8381,286,5289
2361,18823271,-1292,8410,272,5246
2362,18823281,-1286,8433,254,5211
2363,18823291,-1280,8449,234,5187
2364,18823301,-1276,8455,211,5179
2365,18823311,-1272,8448,182,5193
2366,18823321,-1268,8428,148,5228
2367,18823331,-1265,8393,109,5285
2368,18823341,-1261,8346,66,5361
2369,18823351,-1257,8290,19,5448
2370,18823361,-1252,8227,-29,5544
2371,18823371,-1246,8158,-80,5646
2372,18823381,-1239,8083,-132,5753
2373,18823391,-1230,8003,-186,5864
2374,18823401,-1220,7920,-241,5976
2375,18823411,-1208,7834,-297,6088
2376,18823421,-1195,7747,-352,6198
2377,18823431,-1180,7658,-408,6307
2378,18823441,-1164,7569,-464,6413
2379,18823451,-1147,7480,-518,6515
2380,18823461,-1129,7390,-573,6615
2381,18823471,-1108,7303,-627,6711
2382,18823481,-1088,7217,-679,6801
2383,18823491,-1067,7135,-729,6885
2384,18823501,-1045,7055,-780,6965
2385,18823511,-1022,6976,-828,7042
2386,18823521,-999,6901,-875,7114
2387,18823531,-974,6829,-921,7180
2388,18823541,-951,6761,-965,7241
2389,18823551,-928,6698,-1007,7297
2390,18823561,-905,6640,-1048,7347
2391,18823571,-884,6589,-1087,7390
2392,18823581,-864,6543,-1125,7427
2393,18823591,-846,6507,-1161,7456
2394,18823601,-829,6480,-1195,7475
2395,18823611,-816,6467,-1227,7483
2396,18823621,-806,6461,-1258,7484
2397,18823631,-797,6465,-1287,7477
2398,18823641,-790,6478,-1314,7461
2399,18823651,-786,6503,-1340,7435
2400,18823661,-787,6541,-1364,7398
2401,18823671,-781,6536,-1274,7419
2402,18823681,-684,6388,-1277,7555
2403,18823691,-593,6172,-1228,7748
2404,18823701,-328,5958,-1581,7866
2405,18823711,-6,5784,-2166,7864
2406,18823721,401,5743,-2971,7617
2407,18823731,902,5485,-3841,7371
2408,18823741,1333,5109,-4594,7142
2409,18823751,1787,4701,-5198,6904
2410,18823761,2235,4383,-5787,6503
2411,18823771,2766,4001,-6414,5931
2412,18823781,2818,3877,-6820,5522
2413,18823791,2586,4002,-7176,5077
2414,18823801,2492,4046,-7336,4855
2415,18823811,2372,4088,-7379,4816
2416,18823821,2192,4192,-7461,4684
2417,18823831,1970,4309,-7655,4352
2418,18823841,1762,4391,-7798,4096
2419,18823851,1583,4463,-7854,3985
2420,18823861,1455,4456,-7891,3968
2421,18823871,1262,4481,-8030,3718
2422,18823881,1150,4494,-8146,3480
2423,18823891,1038,4519,-8209,3331
2424,18823901,903,4519,-8255,3256
2425,18823911,772,4490,-8289,3242
2426,18823921,692,4476,-8342,3142
2427,18823931,606,4486,-8404,2977
2428,18823941,484,4475,-8476,2806
2429,18823951,340,4468,-8537,2649
2430,18823961,194,4444,-8602,2489
2431,18823971,49,4428,-8657,2332
2432,18823981,-95,4418,-8700,2183
2433,18823991,-239,4396,-8742,2042
2434,18824001,-377,4372,-8782,1900
2435,18824011,-502,4349,-8816,1761
2436,18824021,-610,4302,-8860,1612
2437,18824031,-708,4246,-8906,1464
2438,18824041,-805,4192,-8944,1328
2439,18824051,-903,4145,-8973,1210
2440,18824061,-1002,4099,-8997,1112
2441,18824071,-1103,4053,-9016,1028
2442,18824081,-1204,4010,-9031,952
2443,18824091,-1300,3966,-9044,876
2444,18824101,-1395,3918,-9058,795
2445,18824111,-1492,3857,-9076,711
2446,18824121,-1590,3786,-9096,623
2447,18824131,-1686,3709,-9116,531
2448,18824141,-1778,3629,-9136,432
2449,18824151,-1865,3549,-9155,327
2450,18824161,-1947,3471,-9170,222
2451,18824171,-2032,3407,-9178,129
2452,18824181,-2123,3350,-9179,45
2453,18824191,-2219,3292,-9177,-40
2454,18824201,-2320,3222,-9176,-135
2455,18824211,-2429,3140,-9174,-238
2456,18824221,-2546,3048,-9170,-345
2457,18824231,-2670,2949,-9162,-452
2458,18824241,-2801,2847,-9150,-557
2459,18824251,-2936,2745,-9132,-657
2460,18824261,-3073,2645,-9109,-750
2461,18824271,-3211,2548,-9082,-838
2462,18824281,-3349,2455,-9050,-921
2463,18824291,-3485,2364,-9014,-998
2464,18824301,-3616,2268,-8979,-1070
2465,18824311,-3740,2169,-8944,-1139
2466,18824321,-3857,2070,-8909,-1203
2467,18824331,-3970,1974,-8873,-1264
2468,18824341,-4079,1879,-8836,-1320
2469,18824351,-4184,1785,-8798,-1372
2470,18824361,-4288,1689,-8759,-1421
2471,18824371,-4388,1591,-8720,-1469
2472,18824381,-4486,1492,-8680,-1517
2473,18824391,-4578,1391,-8640,-1561
2474,18824401,-4667,1290,-8600,-1604
2475,18824411,-4752,1188,-8561,-1644
2476,18824421,-4834,1085,-8521,-1682
2477,18824431,-4913,980,-8481,-1719
2478,18824441,-4988,875,-8442,-1753
2479,18824451,-5059,770,-8403,-1786
2480,18824461,-5126,664,-8365,-1817
2481,18824471,-5188,558,-8328,-1847
2482,18824481,-5245,452,-8292,-1874
2483,18824491,-5298,347,-8258,-1899
2484,18824501,-5345,242,-8225,-1924
2485,18824511,-5386,136,-8194,-1952
2486,18824521,-5422,26,-8165,-1982
2487,18824531,-5451,-83,-8137,-2014
2488,18824541,-5475,-194,-8111,-2045
2489,18824551,-5492,-310,-8088,-2076
2490,18824561,-5503,-427,-8067,-2107
2491,18824571,-5508,-543,-8048,-2139
2492,18824581,-5509,-662,-8032,-2164
2493,18824591,-5504,-784,-8020,-2183
2494,18824601,-5493,-905,-8009,-2200
2495,18824611,-5475,-1028,-8002,-2217
2496,18824621,-5449,-1155,-7998,-2235
2497,18824631,-5417,-1281,-7995,-2253
2498,18824641,-5378,-1404,-7995,-2271
2499,18824651,-5336,-1520,-7999,-2283
2500,18824661,-5293,-1630,-8004,-2289
2501,18824671,-5254,-1740,-8007,-2289
2502,18824681,-5216,-1849,-8007,-2290
2503,18824691,-5179,-1957,-8004,-2294
2504,18824701,-5141,-2065,-7999,-2302
2505,18824711,-5101,-2174,-7992,-2317
2506,18824721,-5060,-2283,-7982,-2334
2507,18824731,-5019,-2393,-7971,-2354
2508,18824741,-4976,-2506,-7957,-2372
2509,18824751,-4932,-2620,-7943,-2389
2510,18824761,-4891,-2732,-7927,-2400
2511,18824771,-4851,-2840,-7911,-2409
2512,18824781,-4815,-2946,-7891,-2418
2513,18824791,-4781,-3050,-7869,-2428
2514,18824801,-4751,-3152,-7845,-2436
2515,18824811,-4725,-3253,-7817,-2443
2516,18824821,-4704,-3355,-7785,-2447
2517,18824831,-4687,-3457,-7750,-2447
2518,18824841,-4676,-3561,-7712,-2443
2519,18824851,-4670,-3666,-7669,-2434
2520,18824861,-4670,-3772,-7621,-2421
2521,18824871,-4675,-3881,-7569,-2402
2522,18824881,-4684,-3990,-7514,-2379
2523,18824891,-4697,-4099,-7456,-2351
2524,18824901,-4714,-4209,-7394,-2318
2525,18824911,-4735,-4318,-7329,-2281
2526,18824921,-4766,-4452,-7243,-2232
2527,18824931,-4799,-4658,-7107,-2178
2528,18824941,-4846,-4903,-6937,-2082
2529,18824951,-4942,-5178,-6721,-1890
2530,18824961,-5070,-5500,-6439,-1598
2531,18824971,-5299,-5765,-6076,-1322
2532,18824981,-5486,-6005,-5725,-1023
2533,18824991,-5436,-6310,-5490,-689
2534,18825001,-5482,-6487,-5261,-403
2535,18825011,-5607,-6623,-4965,-187
2536,18825021,-5713,-6772,-4635,105
2537,18825031,-5766,-6936,-4287,512
2538,18825041,-5796,-7033,-4030,828
2539,18825051,-5825,-7101,-3797,1098
2540,18825061,-5769,-7228,-3525,1431
2541,18825071,-5731,-7273,-3296,1837
2542,18825081,-5768,-7298,-2996,2114
2543,18825091,-5699,-7343,-2760,2440
2544,18825101,-5535,-7406,-2569,2809
2545,18825111,-5398,-7453,-2426,3068
2546,18825121,-5288,-7464,-2337,3293
2547,18825131,-5190,-7458,-2285,3492
2548,18825141,-5085,-7460,-2190,3698
2549,18825151,-4973,-7464,-2061,3911
2550,18825161,-4810,-7487,-1907,4142
2551,18825171,-4623,-7503,-1860,4341
2552,18825181,-4566,-7550,-1749,4367
2553,18825191,-4578,-7525,-1864,4350
2554,18825201,-4483,-7578,-1933,4328
2555,18825211,-4162,-7765,-1981,4295
2556,18825221,-4006,-7854,-2010,4267
2557,18825231,-3911,-7906,-2139,4196
2558,18825241,-3771,-8017,-2226,4067
2559,18825251,-3515,-8162,-2234,4003
2560,18825261,-3287,-8243,-2173,4064
2561,18825271,-3146,-8274,-2130,4133
2562,18825281,-2975,-8339,-2142,4123
2563,18825291,-2763,-8411,-2179,4107
2564,18825301,-2591,-8469,-2177,4099
2565,18825311,-2464,-8523,-2184,4061
2566,18825321,-2354,-8575,-2206,4006
2567,18825331,-2228,-8636,-2243,3925
2568,18825341,-2073,-8716,-2274,3813
2569,18825351,-1926,-8788,-2289,3716
2570,18825361,-1756,-8849,-2313,3639
2571,18825371,-1589,-8907,-2324,3567
2572,18825381,-1420,-8957,-2323,3512
2573,18825391,-1251,-8997,-2327,3473
2574,18825401,-1089,-9040,-2323,3418
2575,18825411,-923,-9081,-2317,3362
2576,18825421,-767,-9120,-2306,3301
2577,18825431,-611,-9166,-2287,3220
2578,18825441,-446,-9214,-2261,3127
2579,18825451,-280,-9255,-2241,3039
2580,18825461,-126,-9288,-2223,2960
2581,18825471,17,-9316,-2203,2889
2582,18825481,153,-9340,-2178,2824
2583,18825491,290,-9361,-2151,2764
2584,18825501,430,-9381,-2116,2705
2585,18825511,574,-9400,-2069,2648
2586,18825521,714,-9417,-2015,2596
2587,18825531,857,-9428,-1964,2552
2588,18825541,1001,-9435,-1910,2512
2589,18825551,1138,-9441,-1851,2477
2590,18825561,1281,-9442,-1795,2445
2591,18825571,1426,-9440,-1736,2412
2592,18825581,1568,-9438,-1673,2379
2593,18825591,1713,-9433,-1611,2340
2594,18825601,1860,-9427,-1548,2293
2595,18825611,2003,-9422,-1483,2234
2596,18825621,2137,-9419,-1420,2162
2597,18825631,2269,-9417,-1356,2076
2598,18825641,2394,-9418,-1291,1973
2599,18825651,2519,-9419,-1219,1854
2600,18825661,2644,-9419,-1141,1725
2601,18825671,2764,-9418,-1058,1590
2602,18825681,2878,-9416,-969,1450
2603,18825691,2994,-9410,-879,1305
2604,18825701,3107,-9401,-786,1159
2605,18825711,3214,-9389,-687,1012
2606,18825721,3321,-9374,-588,863
2607,18825731,3426,-9355,-485,712
2608,18825741,3524,-9333,-377,562
2609,18825751,3620,-9308,-268,412
2610,18825761,3714,-9279,-158,262
2611,18825771,3803,-9247,-44,116
2612,18825781,3889,-9212,71,-29
2613,18825791,3972,-9173,189,-173
2614,18825801,4052,-9131,309,-314
2615,18825811,4128,-9086,430,-453
2616,18825821,4200,-9038,553,-590
2617,18825831,4268,-8988,677,-725
2618,18825841,4332,-8935,803,-859
2619,18825851,4392,-8879,933,-992
2620,18825861,4448,-8821,1063,-1124
2621,18825871,4499,-8760,1196,-1255
2622,18825881,4547,-8696,1331,-1386
2623,18825891,4590,-8629,1467,-1515
2624,18825901,4629,-8560,1605,-1643
2625,18825911,4663,-8489,1746,-1770
2626,18825921,4694,-8414,1887,-1895
2627,18825931,4720,-8337,2029,-2019
2628,18825941,4742,-8257,2173,-2142
2629,18825951,4761,-8175,2318,-2262
2630,18825961,4776,-8090,2462,-2380
2631,18825971,4787,-8002,2607,-2496
2632,18825981,4793,-7913,2753,-2611
2633,18825991,4795,-7821,2898,-2724
2634,18826001,4791,-7727,3046,-2836
2635,18826011,4780,-7632,3194,-2947
2636,18826021,4765,-7534,3342,-3057
2637,18826031,4745,-7434,3490,-3165
2638,18826041,4720,-7333,3639,-3270
2639,18826051,4690,-7230,3786,-3374
2640,18826061,4656,-7124,3934,-3475
2641,18826071,4617,-7018,4080,-3573
2642,18826081,4574,-6911,4225,-3668
2643,18826091,4527,-6802,4368,-3760
2644,18826101,4476,-6692,4510,-3849
2645,18826111,4423,-6582,4650,-3933
2646,18826121,4366,-6474,4786,-4012
2647,18826131,4308,-6367,4919,-4085
2648,18826141,4247,-6263,5051,-4149
2649,18826151,4189,-6164,5175,-4202
2650,18826161,4138,-6060,5292,-4259
2651,18826171,4082,-5954,5407,-4316
2652,18826181,4022,-5849,5523,-4369
2653,18826191,3963,-5740,5634,-4425
2654,18826201,3905,-5630,5740,-4481
2655,18826211,3843,-5524,5848,-4528
2656,18826221,3781,-5415,5956,-4570
2657,18826231,3721,-5307,6057,-4613
2658,18826241,3660,-5202,6157,-4650
2659,18826251,3599,-5094,6259,-4680
2660,18826261,3537,-4985,6358,-4710
2661,18826271,3476,-4877,6454,-4739
2662,18826281,3415,-4766,6550,-4765
2663,18826291,3346,-4650,6553,-4922
2664,18826301,3327,-4513,6627,-4962
2665,18826311,3124,-4399,6904,-4817
2666,18826321,2753,-4182,7155,-4871
2667,18826331,2500,-3964,7346,-4905
2668,18826341,2300,-3815,7550,-4810
2669,18826351,1937,-3612,7856,-4633
2670,18826361,1490,-3351,8094,-4585
2671,18826371,1232,-3042,8208,-4674
2672,18826381,1014,-2811,8350,-4618
2673,18826391,765,-2564,8473,-4587
2674,18826401,651,-2507,8461,-4657
2675,18826411,623,-2502,8458,-4669
2676,18826421,515,-2537,8523,-4544
2677,18826431,397,-2494,8613,-4408
2678,18826441,258,-2425,8630,-4423
2679,18826451,138,-2310,8642,-4466
2680,18826461,-122,-2150,8670,-4491
2681,18826471,-515,-1934,8671,-4560
2682,18826481,-907,-1730,8670,-4583
2683,18826491,-1194,-1555,8691,-4539
2684,18826501,-1461,-1412,8723,-4447
2685,18826511,-1657,-1325,8739,-4372
2686,18826521,-1753,-1329,8761,-4289
2687,18826531,-1790,-1366,8821,-4135
2688,18826541,-1789,-1368,8915,-3929
2689,18826551,-1753,-1386,8996,-3749
2690,18826561,-1713,-1430,9046,-3629
2691,18826571,-1681,-1474,9085,-3527
2692,18826581,-1667,-1470,9124,-3436
2693,18826591,-1683,-1448,9152,-3361
2694,18826601,-1723,-1423,9177,-3282
2695,18826611,-1757,-1415,9204,-3191
2696,18826621,-1791,-1435,9213,-3135
2697,18826631,-1858,-1410,9244,-3016
2698,18826641,-1960,-1351,9284,-2852
2699,18826651,-2106,-1312,9302,-2702
2700,18826661,-2251,-1292,9319,-2530
2701,18826671,-2378,-1252,9346,-2327
2702,18826681,-2491,-1213,9371,-2121
2703,18826691,-2590,-1198,9383,-1950
2704,18826701,-2675,-1188,9386,-1822
2705,18826711,-2746,-1193,9385,-1718
2706,18826721,-2800,-1211,9384,-1617
2707,18826731,-2838,-1234,9388,-1511
2708,18826741,-2862,-1250,9401,-1363
2709,18826751,-2886,-1243,9416,-1201
2710,18826761,-2933,-1232,9422,-1041
2711,18826771,-2998,-1217,9419,-897
2712,18826781,-3059,-1214,9412,-755
2713,18826791,-3110,-1223,9405,-608
2714,18826801,-3165,-1223,9394,-474
2715,18826811,-3219,-1221,9382,-343
2716,18826821,-3263,-1223,9370,-202
2717,18826831,-3308,-1218,9357,-53
2718,18826841,-3351,-1208,9343,97
2719,18826851,-3385,-1203,9328,253
2720,18826861,-3420,-1201,9310,410
2721,18826871,-3460,-1193,9288,562
2722,18826881,-3493,-1189,9266,715
2723,18826891,-3522,-1192,9241,868
2724,18826901,-3558,-1189,9213,1017
2725,18826911,-3590,-1186,9183,1167
2726,18826921,-3616,-1187,9152,1319
2727,18826931,-3648,-1183,9118,1464
2728,18826941,-3689,-1180,9079,1596
2729,18826951,-3738,-1181,9036,1722
2730,18826961,-3794,-1182,8988,1848
2731,18826971,-3856,-1184,8934,1973
2732,18826981,-3922,-1192,8876,2096
2733,18826991,-3995,-1205,8813,2217
2734,18827001,-4075,-1221,8742,2338
2735,18827011,-4159,-1243,8665,2461
2736,18827021,-4250,-1269,8581,2583
2737,18827031,-4346,-1300,8491,2703
2738,18827041,-4444,-1335,8395,2825
2739,18827051,-4543,-1375,8293,2947
2740,18827061,-4644,-1418,8184,3069
2741,18827071,-4744,-1464,8071,3191
2742,18827081,-4844,-1515,7954,3311
2743,18827091,-4942,-1568,7832,3429
2744,18827101,-5035,-1622,7709,3545
2745,18827111,-5125,-1679,7586,3654
2746,18827121,-5211,-1736,7462,3759
2747,18827131,-5292,-1797,7338,3860
2748,18827141,-5368,-1859,7213,3961
2749,18827151,-5443,-1922,7084,4060
2750,18827161,-5514,-1990,6952,4157
2751,18827171,-5582,-2062,6819,4251
2752,18827181,-5646,-2137,6685,4341
2753,18827191,-5704,-2212,6552,4430
2754,18827201,-5757,-2289,6418,4517
2755,18827211,-5807,-2369,6284,4599
2756,18827221,-5854,-2449,6150,4679
2757,18827231,-5893,-2530,6018,4758
2758,18827241,-5929,-2611,5886,4834
2759,18827251,-5962,-2695,5752,4907
2760,18827261,-5991,-2782,5618,4979
2761,18827271,-6017,-2869,5482,5048
2762,18827281,-6040,-2958,5346,5116
2763,18827291,-6059,-3047,5210,5182
2764,18827301,-6075,-3137,5071,5245
2765,18827311,-6088,-3231,4931,5306
2766,18827321,-6098,-3325,4792,5365
2767,18827331,-6103,-3419,4653,5421
2768,18827341,-6104,-3514,4516,5476
2769,18827351,-6102,-3610,4379,5527
2770,18827361,-6096,-3706,4242,5576
2771,18827371,-6091,-3798,4105,5622
2772,18827381,-6046,-3842,4074,5663
2773,18827391,-6028,-3870,4048,5681
2774,18827401,-6150,-4107,3836,5529
2775,18827411,-6370,-4409,3586,5206
2776,18827421,-6534,-4718,3232,4959
2777,18827431,-6735,-4924,2871,4704
2778,18827441,-6934,-5095,2527,4422
2779,18827451,-7001,-5303,2295,4192
2780,18827461,-6973,-5511,2121,4061
2781,18827471,-6962,-5691,1936,3921
2782,18827481,-6988,-5821,1765,3762
2783,18827491,-7039,-5920,1534,3610
2784,18827501,-7093,-6021,1261,3439
2785,18827511,-7137,-6130,1000,3237
2786,18827521,-7162,-6233,758,3042
2787,18827531,-7203,-6319,490,2816
2788,18827541,-7251,-6372,218,2598
2789,18827551,-7288,-6409,-61,2407
2790,18827561,-7314,-6433,-329,2233
2791,18827571,-7319,-6466,-583,2066
2792,18827581,-7295,-6512,-843,1909
2793,18827591,-7260,-6556,-1097,1760
2794,18827601,-7225,-6588,-1337,1611
2795,18827611,-7208,-6589,-1566,1467
2796,18827621,-7189,-6584,-1792,1322
2797,18827631,-7167,-6569,-2007,1198
2798,18827641,-7174,-6523,-2184,1096
2799,18827651,-7190,-6465,-2334,1022
2800,18827661,-7192,-6431,-2432,997
2801,18827671,-7211,-6401,-2437,1033
2802,18827681,-7255,-6363,-2367,1120
2803,18827691,-7305,-6324,-2251,1248
2804,18827701,-7356,-6288,-2087,1405
2805,18827711,-7408,-6252,-1879,1576
2806,18827721,-7458,-6205,-1664,1760
2807,18827731,-7502,-6152,-1447,1937
2808,18827741,-7549,-6087,-1239,2101
2809,18827751,-7609,-5996,-1037,2251
2810,18827761,-7667,-5895,-849,2394
2811,18827771,-7716,-5798,-671,2525
2812,18827781,-7756,-5704,-496,2655
2813,18827791,-7788,-5610,-328,2784
2814,18827801,-7802,-5545,-193,2887
